ID,Block_Name,Block_RV,Estate_ID
"SWKB0001","Abbeyfield Road 103-113(O)",30,"SWKE0267"
"SWKB0002","Abbeyfield Road 96; Rotherhithe New Road 142-150(E)",30,"SWKE0267"
"SWKB0003","Abbeyfield Road 98-100(E); Rotherhithe New Road 134-140(E)",30,"SWKE0267"
"SWKB0004","Aberfeldy House, John Ruskin Street 1-155(C)",1055,"SWKE0041"
"SWKB0005","Abinger House, Great Dover Street 17-24(C)",52,"SWKE0329"
"SWKB0006","Abinger House, Great Dover Street 1-8(C)",52,"SWKE0329"
"SWKB0007","Abinger House,Great Dover Street 9-16(C)",48,"SWKE0329"
"SWKB0008","Adams Gardens Estate 121-145(C); Tunnel Road 1",168,"SWKE0003"
"SWKB0009","Adams Gardens Estate 44-87(C)",265,"SWKE0003"
"SWKB0010","Adams Gardens Estate 88-120(C)",194,"SWKE0003"
"SWKB0011","Addy House, Rotherhithe New Road 1-96(C)",545,"SWKE0004"
"SWKB0012","Adron House, Millender Walk 1-16(C)",104,"SWKE0301"
"SWKB0013","Adys Road 1-11(O)",38,"SWKE0005"
"SWKB0014","Aird House, Rockingham Street 1-20(C)",105,"SWKE0288"
"SWKB0015","Albert Barnes House, New Kent Road 1-99(C)",515,"SWKE0007"
"SWKB0016","Albert Starr House, Bush Road 1-35(C)",224,"SWKE0166"
"SWKB0017","Albert Westcott House, Alberta Street 1-48(C)",239,"SWKE0008"
"SWKB0018","Alberta Street 25-41(O)",54,"SWKE0008"
"SWKB0019","Alberta Street 43-47(O)",17,"SWKE0008"
"SWKB0020","Alberta Street 8-24(E)",54,"SWKE0008"
"SWKB0021","Albion Estate, Swan Road 1-14(C)",84,"SWKE0009"
"SWKB0022","Albion Estate, Swan Road 15-69(C)",356,"SWKE0009"
"SWKB0023","Albury Buildings, Boyfield Street 1-24(C)",110,"SWKE0205"
"SWKB0024","Alder House, Alder Close 1-18(C)",126,"SWKE0010"
"SWKB0025","Algar House, Webber Row 1-15(C)",81,"SWKE0345"
"SWKB0026","Algar House, Webber Row 16-25(C)",65,"SWKE0345"
"SWKB0027","Allport House, Champion Park 1-24(C)",144,"SWKE0064"
"SWKB0028","Alscot Way 24-34(E)",28,"SWKE0299"
"SWKB0029","Alscot Way 36-46(E)",28,"SWKE0299"
"SWKB0030","Alscot Way 48-78(E) ; Curtis Way 40-54(E) ;Setchell Way 59-73(O)",147,"SWKE0299"
"SWKB0031","Ambleside Point, Patterdale Road 1-72(C)",434,"SWKE0340"
"SWKB0032","Ambrose Street 2-6(E); Southwark Park Road 252-256(E)",33,"SWKE0227"
"SWKB0033","Amery House, Kinglake Street 1-58(C)",317,"SWKE0012"
"SWKB0034","Amigo House, Morley Street 1-30(C); Amigo & Dodson Estate Tra",196,"SWKE0013"
"SWKB0035","Amina Way 1-31(O)",96,"SWKE0291"
"SWKB0036","Amina Way 2-70(E)",170,"SWKE0291"
"SWKB0037","Amina Way 33-59(O) *Excluding 49 & 55",72,"SWKE0291"
"SWKB0038","Amina Way 61-87(O) *Excluding 65 & 71",72,"SWKE0291"
"SWKB0039","Amina Way 72-144(E)",276,"SWKE0291"
"SWKB0040","Amina Way 89-119(O)",96,"SWKE0291"
"SWKB0041","Amstel Court, Garnies Close 1-6(C)",55,"SWKE0254"
"SWKB0042","Amstel Court, Garnies Close 7-16(C)",77,"SWKE0254"
"SWKB0043","Andoversford Court 1-88(C)",502,"SWKE0157"
"SWKB0044","Angelina House, Goldsmith Road 1-39(C)",266,"SWKE0259"
"SWKB0045","Applegarth House, Bird In Bush Road 1-30(C)",167,"SWKE0145"
"SWKB0046","Applegarth House, Nelson Sq 157-209(C) & 159A Tra",322,"SWKE0014"
"SWKB0047","Appleshaw House, Champion Hill, 1-44(C) ; Appleshaw House Tra Hall",264,"SWKE0063"
"SWKB0048","Arica House, Slippers Place 1-88(C)",507,"SWKE0303"
"SWKB0049","Arnhem Way 1-11(O)",37,"SWKE0122"
"SWKB0050","Arnhem Way 2-6(E)",17,"SWKE0122"
"SWKB0051","Arnhem Way 8-10(E)",10,"SWKE0122"
"SWKB0052","Arnold Dobson House, St Marys Road 1-6(C)",36,"SWKE0015"
"SWKB0053","Arnold Estate, Druid Street 163A & 142A,142-179(C); Sweeney Crescent 6-8(E)",246,"SWKE0016"
"SWKB0054","Arnold Estate, Druid Street 184A & 184B, 180-220(C)",237,"SWKE0016"
"SWKB0055","Arnold Estate, Druid Street 1A & 1-30(C)",184,"SWKE0016"
"SWKB0056","Arnold Estate, Druid Street 221-248(C)",161,"SWKE0016"
"SWKB0057","Arnold Estate, Druid Street 249-262(C)",82,"SWKE0016"
"SWKB0058","Arnold Estate, Druid Street 263-276(C)",82,"SWKE0016"
"SWKB0059","Arnold Estate, Druid Street 277-295(C)",118,"SWKE0016"
"SWKB0060","Arnold Estate, Druid Street 296-301(C); Tanner Street 116-118(E)",44,"SWKE0016"
"SWKB0061","Arnold Estate, Druid Street 302-319(C)",114,"SWKE0016"
"SWKB0062","Arnold Estate, Druid Street 31-65(C)",171,"SWKE0016"
"SWKB0063","Arnold Estate, Druid Street 66-80(C)",89,"SWKE0016"
"SWKB0064","Arnold Estate, Druid Street 81-141(C)",373,"SWKE0016"
"SWKB0065","Arnold House, Doddington Grove 1-31(C)",180,"SWKE0113"
"SWKB0066","Arnold House, Doddington Grove 32-39(C)",63,"SWKE0113"
"SWKB0067","Arnot House, Comber Grove 1-24(C)",138,"SWKE0084"
"SWKB0068","Arnould Avenue 1-10(C) ; Monclar Road 21-33(C)",152,"SWKE0079"
"SWKB0069","Arnould Avenue 11-20(C) ; Wanley Road 27-38(C)",146,"SWKE0079"
"SWKB0070","Arrol House, Rockingham Street 1-15(C)",80,"SWKE0288"
"SWKB0071","Arrol House, Rockingham Street 16-38(C)",154,"SWKE0288"
"SWKB0072","Arrol House, Rockingham Street 39-57(C)",124,"SWKE0288"
"SWKB0073","Arrol House, Rockingham Street 58-80(C)",153,"SWKE0288"
"SWKB0074","Ash House, Fort Road 1-20(C)",141,"SWKE0218"
"SWKB0075","Ashdene, Carlton Grove 14-27(C); Acorn Parade 1-6(C)",100,"SWKE0002"
"SWKB0076","Astley House, Rowcross Street, 1-90(C), Messroom & Cash Office",564,"SWKE0017"
"SWKB0077","Asylum Road 103-147(O)",108,"SWKE0045"
"SWKB0078","Athenlay Road 20-26(E), 20A-26A(E)",51,"SWKE0018"
"SWKB0079","Atkinson House, Barlow Street 1-29(C)",150,"SWKE0026"
"SWKB0080","Attilburgh House, Abbey Street 1-42(C)",252,"SWKE0316"
"SWKB0081","Attleborough Court, Sydenham Hill 1-57(C)",383,"SWKE0328"
"SWKB0082","Atwood House, Bowen Drive 1-28(C)",164,"SWKE0201"
"SWKB0083","Avery House, Redcross Way 1-4(C); Redcross Way 74-80(E)",43,"SWKE0230"
"SWKB0084","Aylesbury House, Friary Road 1-46(C), 7A, 16A, 30A & 39A",319,"SWKE0145"
"SWKB0085","Aylesford House, Long Lane 1-45(C)",265,"SWKE0329"
"SWKB0086","Aylton Estate, Renforth Street 1-64(C)",361,"SWKE0022"
"SWKB0087","Aylwin Estate, Grange Walk 1-14(C)",76,"SWKE0023"
"SWKB0088","Aylwin Estate, Grange Walk 15-28(C)",76,"SWKE0023"
"SWKB0089","Ayres Street 11-29(O)",62,"SWKE0024"
"SWKB0090","Babington House, Redcross Way 1-20(C)",134,"SWKE0230"
"SWKB0091","Badminton House, Quorn Road 1-12(C) ;East Dulwich Estate Shops, Dog Kennel Hill 4-6(C)",91,"SWKE0120"
"SWKB0092","Baldock House, Crawford Road 1-20(C)",125,"SWKE0100"
"SWKB0093","Balin House, Long Lane 1-70(C)",439,"SWKE0329"
"SWKB0094","Ballow Close 1-12(C)",85,"SWKE0129"
"SWKB0095","Ballow Close 13-24(C)",84,"SWKE0129"
"SWKB0096","Balman House, Rotherhithe New Road 1-53(C)",323,"SWKE0025"
"SWKB0097","Banks House, Rockingham Street 1-30(C)",166,"SWKE0288"
"SWKB0098","Bardell House, Parkers Row, 1-32(C) & Wade Hall",224,"SWKE0112"
"SWKB0099","Barham House, Kinglake Street 1-10(C)",66,"SWKE0198"
"SWKB0100","Barham House, Kinglake Street 11-30(C)",131,"SWKE0198"
"SWKB0101","Barker House, Bowen Drive 1-24(C)",140,"SWKE0201"
"SWKB0102","Barker House, Congreve Street 1-26(C)",153,"SWKE0087"
"SWKB0103","Barlow House, Galleywall Road 1-33(C)",193,"SWKE0286"
"SWKB0104","Barnet House, Crawford Road 1-12(C)",72,"SWKE0100"
"SWKB0105","Barrett House, Browning Street 1-20(C)",129,"SWKE0048"
"SWKB0106","Barry House, Galleywall Road 1-12(C)",66,"SWKE0286"
"SWKB0107","Barry House, Galleywall Road 13-32(C)",120,"SWKE0286"
"SWKB0108","Barry House, Galleywall Road 33-47(C)",90,"SWKE0286"
"SWKB0109","Barset Road 19-21(O); Howbury Road 18",16,"SWKE0027"
"SWKB0110","Barset Road 54-58(E)",16,"SWKE0027"
"SWKB0111","Bartholomew House, Denmark Road 1-6(C)",36,"SWKE0100"
"SWKB0112","Bartholomew House, Denmark Road 7-12(C)",36,"SWKE0100"
"SWKB0113","Barton Close 1-12(C)",60,"SWKE0028"
"SWKB0114","Barton Close 13-20(C)",40,"SWKE0028"
"SWKB0115","Barton Close 22-27(C)",30,"SWKE0028"
"SWKB0116","Barton Close 28-33(C)",30,"SWKE0028"
"SWKB0117","Barton Close 34-39(C)",30,"SWKE0028"
"SWKB0118","Bateman House, Otto Street 1-68(C)",400,"SWKE0041"
"SWKB0119","Bath Close 104-114(E)",30,"SWKE0045"
"SWKB0120","Bath Close 116-126(E)",31,"SWKE0045"
"SWKB0121","Bath Close 152-162(E)",33,"SWKE0045"
"SWKB0122","Bath Close 1-59(O)",150,"SWKE0045"
"SWKB0123","Bath Close 2-60(E)",150,"SWKE0045"
"SWKB0124","Bath Close 67-101(O)",114,"SWKE0045"
"SWKB0125","Bath Close 80-90(E)",36,"SWKE0045"
"SWKB0126","Bath Terrace 1-28(C)",200,"SWKE0288"
"SWKB0127","Battle House, Haymerle Road 1-10(C)",70,"SWKE0145"
"SWKB0128","Battle House, Haymerle Road 11-20(C)",60,"SWKE0145"
"SWKB0129","Beacon House, Southampton Way 1-10(C)",60,"SWKE0029"
"SWKB0130","Beamish House, Galleywall Road 1-20(C)",120,"SWKE0286"
"SWKB0131","Becket House, Tabard Street 1-25(C)",134,"SWKE0329"
"SWKB0132","Becket House, Tabard Street 26-70(C)",240,"SWKE0329"
"SWKB0133","Becket House, Tabard Street 71-90(C)",108,"SWKE0329"
"SWKB0134","Beech House, Swan Road 1-52(C)",319,"SWKE0006"
"SWKB0135","Beechdene, Carlton Grove 1-28(C)",188,"SWKE0002"
"SWKB0136","Belfry Close 1-21(C)",129,"SWKE0033"
"SWKB0137","Belham Walk 1-39(C)",206,"SWKE0111"
"SWKB0138","Ben Smith Way 1-11(O); Jamaica Road 112-122(E); John Roll Way 12-36(E)",125,"SWKE0192"
"SWKB0139","Benenden House 1-10(C)",65,"SWKE0198"
"SWKB0140","Bentley House, Peckham Road 1-89(C)",576,"SWKE0156"
"SWKB0141","Benwick Close 1-12(C)",60,"SWKE0144"
"SWKB0142","Beresford House, Bowen Drive 1-32(C)",200,"SWKE0201"
"SWKB0143","Bermondsey Wall East 182-186(E)",17,"SWKE0031"
"SWKB0144","Bethersden House, Kinglake Street 1-10(C)",71,"SWKE0198"
"SWKB0145","Bethersden House,Kinglake St 11-20(C)",72,"SWKE0198"
"SWKB0146","Betsham House, Newcomen Street 1-25(C)",178,"SWKE0329"
"SWKB0147","Bew Court, Lordship Lane 1-62(C)",423,"SWKE0220"
"SWKB0148","Binnie House, Bath Terrace 10A & 1-19(C)",115,"SWKE0288"
"SWKB0149","Bird In Bush Road 48-58(E), 48A-58A(E)",86,"SWKE0217"
"SWKB0150","Bird In Bush Road 80A & 82A, 60-82(E)",99,"SWKE0208"
"SWKB0151","Birdsall House, Champion Hill 1-34(C)",235,"SWKE0063"
"SWKB0152","Birkdale Close 1-20(C)",112,"SWKE0033"
"SWKB0153","Bishopsmead, Camberwell Road 1-38(C)",208,"SWKE0060"
"SWKB0154","Bittern House, Bittern Street 1-16(C)",101,"SWKE0206"
"SWKB0155","Blackstone House, Bowen Drive 1-8(C)",52,"SWKE0201"
"SWKB0156","Blackthorne Court 17-31(C)",90,"SWKE0254"
"SWKB0157","Blackthorne Court 1-8(C)",55,"SWKE0254"
"SWKB0158","Blackthorne Court 9-16(C)",56,"SWKE0254"
"SWKB0159","Blanch Close 13-33(C)",117,"SWKE0045"
"SWKB0160","Blanchedowne 10-16(E)",24,"SWKE0109"
"SWKB0161","Blanchedowne 2-8(E)",24,"SWKE0109"
"SWKB0162","Blanchedowne 30-36(E)",24,"SWKE0109"
"SWKB0163","Blanchedowne 38-44(E)",24,"SWKE0109"
"SWKB0164","Blanchedowne 54-60(E)",24,"SWKE0109"
"SWKB0165","Blanchedowne 62-68(E)",24,"SWKE0109"
"SWKB0166","Blick House, Neptune Street 1-6(C), 9-14(C), 17-22(C), 25-30(C), 33-38(C)",180,"SWKE0032"
"SWKB0167","Boarley House, Massinger Street 1-20(C)",110,"SWKE0087"
"SWKB0168","Boathouse Walk 1-24(C)",173,"SWKE0349"
"SWKB0169","Bodeney House, Peckham Road 1-45(C)",296,"SWKE0156"
"SWKB0170","Bonsor Street 12-17(C)",42,"SWKE0034"
"SWKB0171","Borough Square 10-11(C); Collinson Walk 17-31(O); Scovell Crescent 33-35(O)",60,"SWKE0298"
"SWKB0172","Borough Square 12-13(C); Scovell Crescent 37-41(O)",30,"SWKE0298"
"SWKB0173","Borough Square 7-9(C); Collinson Walk 33-47(O)",55,"SWKE0298"
"SWKB0174","Borrett Close 1-17(O),2-10(E);Gates Court 1-24(C);Manor Place 109-143(O);Marsland Close 1-21(O),6,12,16-34(E);Pasley Close 1-7(O),2-14(E),11-13(O);Penton Place 100-122(E);Runacres Court 1-24(C);Williamson Court 1-22(C)*",866,"SWKE0263"
"SWKB0175","Boston House, Denmark Road 1-32(C) ;Crawford Estate Club",180,"SWKE0100"
"SWKB0176","Boughton House, Tennis Street 1-25(C)",151,"SWKE0329"
"SWKB0177","Boughton House, Tennis Street 26-39(C)",83,"SWKE0329"
"SWKB0178","Boughton House, Tennis Street 40-50(C)",67,"SWKE0329"
"SWKB0179","Boulogne House, Abbey Street 1-21(C)",108,"SWKE0316"
"SWKB0180","Boundary House, Bethwin Road 1-16(C)",82,"SWKE0159"
"SWKB0181","Boundary House, Bethwin Road 17-34(C)",112,"SWKE0159"
"SWKB0182","Boundary House, Bethwin Road 35-58(C)",136,"SWKE0159"
"SWKB0183","Bowen Drive 106-120(E)",40,"SWKE0037"
"SWKB0184","Bowen Drive 124-138(E)",40,"SWKE0038"
"SWKB0185","Bowen Drive 70-100(E)",113,"SWKE0036"
"SWKB0186","Bowley House, Marine Street 1-43(C)",253,"SWKE0112"
"SWKB0187","Bowness House 1-34(C)",238,"SWKE0340"
"SWKB0188","Bradley House, Raymouth Road 1-77(C)",445,"SWKE0039"
"SWKB0189","Bradlord House, Bowen Drive 1-24(C)",140,"SWKE0201"
"SWKB0190","Braganza Street 60-62(E) / Flats A-D(C)",24,"SWKE0040"
"SWKB0191","Bramham House, Quorn Road 1-16(C)",102,"SWKE0120"
"SWKB0192","Bramwell House, Harper Road 1-27(C)",154,"SWKE0288"
"SWKB0193","Bramwell House, Harper Road 28-52(C)",165,"SWKE0288"
"SWKB0194","Bramwell House, Harper Road 53-82(C)",193,"SWKE0288"
"SWKB0195","Bramwell House, Harper Road 83-109(C); Harper Road 42 & 98",162,"SWKE0288"
"SWKB0196","Brantwood House, Bethwin Road 1-32(C)",190,"SWKE0352"
"SWKB0197","Brawne House, Hillingdon Street 1-68(C)",400,"SWKE0041"
"SWKB0198","Brayards Road 75-81(O), 79A-81A(O)",36,"SWKE0043"
"SWKB0199","Breamore House, Friary Road 16-23(C)",48,"SWKE0145"
"SWKB0200","Breamore House, Friary Road 1-7(C)",49,"SWKE0145"
"SWKB0201","Breamore House, Friary Road 8-15(C)",48,"SWKE0145"
"SWKB0202","Brenchley Gardens 113-143(O)",96,"SWKE0044"
"SWKB0203","Brenchley Gardens 161-191(O)",96,"SWKE0044"
"SWKB0204","Brenchley Gardens 17-47(O)",96,"SWKE0044"
"SWKB0205","Brenchley Gardens 65-95(O)",96,"SWKE0044"
"SWKB0206","Brenley House, Tennis Street 1-40(C)",263,"SWKE0329"
"SWKB0207","Breton House, Abbey Street 1-40(C)",251,"SWKE0316"
"SWKB0208","Bridges House, Picton Street 1-20(C)",122,"SWKE0129"
"SWKB0209","Bridgnorth House, Peckham Park Road 13A & 1-19(C); Peckham Park Road 41-57(O)",156,"SWKE0145"
"SWKB0210","Bridport, Cadiz Street 1-32(C)",152,"SWKE0248"
"SWKB0211","Brisbane Street 61-91(O)",117,"SWKE0129"
"SWKB0212","Broadmayne, Portland Street, 1-54(C) , Tenants Hall",302,"SWKE0275"
"SWKB0213","Broderick House, Bowen Drive 1-24(C)",152,"SWKE0201"
"SWKB0214","Brodie House, Coopers Road 1-30(C)",210,"SWKE0017"
"SWKB0215","Bromar Road 14-22(E) & 22A",36,"SWKE0046"
"SWKB0216","Bromfield Court, Jamaica Road 1-34(C)",226,"SWKE0192"
"SWKB0217","Bromleigh Court, Sydenham Hill 1-42(C)",257,"SWKE0328"
"SWKB0218","Bromleigh House, Abbey Street 1-22(C); Abbey Street 103-115(O)",145,"SWKE0316"
"SWKB0219","Bronti Close 1-5(C) ; East Street 14-22(E)",54,"SWKE0248"
"SWKB0220","Bronti Close 6-38(C); East Street 28-92(E)",363,"SWKE0248"
"SWKB0221","Brookstone Court, Peckham Rye 1-12(C) & 12A, 14-65(C)",380,"SWKE0047"
"SWKB0222","Brookwood House, Webber Street 1-24(C)",142,"SWKE0205"
"SWKB0223","Broomfield House, Massinger St 1-20(C)",110,"SWKE0087"
"SWKB0224","Brownlow House, George Row 1-20(C)",115,"SWKE0112"
"SWKB0225","Brunel Road 1-23(O)",74,"SWKE0049"
"SWKB0226","Brunlees House, Bath Terrace 7A & 16A, 1-23(C)",154,"SWKE0288"
"SWKB0227","Brydale House, Rotherhithe New Road 1-96(C)",545,"SWKE0177"
"SWKB0228","Buchan Road 120-122(E) ; Kimberley Avenue 136",16,"SWKE0027"
"SWKB0229","Buchanan House, Lyall Avenue 1-32(C)",200,"SWKE0201"
"SWKB0230","Buckters Rents 5-27(O)",60,"SWKE0115"
"SWKB0231","Budleigh House, Friary Road 1-24(C)",170,"SWKE0217"
"SWKB0232","Bunbury House, Fenham Road 1-27(C)",182,"SWKE0259"
"SWKB0233","Burchell Road 2-42(E)",121,"SWKE0092"
"SWKB0234","Burgess House, Bethwin Road 1-20(C)",115,"SWKE0352"
"SWKB0235","Burns House, Doddington Grove 61A & 61B, 40-65(C)",168,"SWKE0113"
"SWKB0236","Burton House, Cherry Garden St 1-24(C)",144,"SWKE0050"
"SWKB0237","Byron Court, Lordship Lane 1-28(C)",192,"SWKE0220"
"SWKB0238","Cadbury Way 115-149(O)",85,"SWKE0291"
"SWKB0239","Cadbury Way 1-41(O)",102,"SWKE0291"
"SWKB0240","Cadbury Way 2-108(E)",263,"SWKE0291"
"SWKB0241","Cadbury Way 43-77(O)",85,"SWKE0291"
"SWKB0242","Cadbury Way 79-113(O)",85,"SWKE0291"
"SWKB0243","Calgary Court, Neptune Street 1-18(C)",129,"SWKE0056"
"SWKB0244","Calverton, Albany Road 1-31(C)",208,"SWKE0021"
"SWKB0245","Calypso Crescen 6-8(E) ; Calypso Crescent 10 / Flats 1-9(C) ; Calypso Crescent 12",60,"SWKE0051"
"SWKB0246","Calypso Crescent 4; Chandler Way 105; Chandler Way 107 / Flats 1-9(C) ; Chandler Way 109",60,"SWKE0052"
"SWKB0247","Cam Court 1-36(C)",236,"SWKE0157"
"SWKB0248","Camberwell Grove 100-138(E), 138A & 138B",147,"SWKE0055"
"SWKB0249","Camberwell Grove 125-151(O), 125A-135A(O), 139A-149A(O)",208,"SWKE0210"
"SWKB0250","Camberwell Grove 32 / Flats 1-6(C)",27,"SWKE0053"
"SWKB0251","Camberwell Grove 94 / Flats 1-8(C)",48,"SWKE0054"
"SWKB0252","Camberwell Road 2-24(E); Gateway 5-44(C); Walworth Road 376-390(E)",368,"SWKE0148"
"SWKB0253","Cameron House, Comber Grove 1-52(C)",299,"SWKE0084"
"SWKB0254","Camilla Road 2-24(E), 20A-24A(E); Southwark Park Road 232-246(E)",120,"SWKE0227"
"SWKB0255","Campbell Court, Lordship Lane 1-72(C)",432,"SWKE0220"
"SWKB0256","Candle Grove 5 / Flats 1-17(C)",94,"SWKE0215"
"SWKB0257","Canterbury Place 2-24(E)",64,"SWKE0253"
"SWKB0258","Canute Gardens 1-51(C)",334,"SWKE0177"
"SWKB0259","Cardiff House, Peckham Park Road 1-75(C)",470,"SWKE0145"
"SWKB0260","Carisbrooke Gardens 1-24(C)",148,"SWKE0349"
"SWKB0261","Carisbrooke Gardens 25-46(C)",157,"SWKE0349"
"SWKB0262","Carisbrooke Gardens 47-74(C)",200,"SWKE0349"
"SWKB0263","Carlton Grove 6-76(E)",219,"SWKE0057"
"SWKB0264","Carlton Grove 78-148(E)",217,"SWKE0057"
"SWKB0265","Carlyle House, Bethwin Road 1-16(C)",96,"SWKE0352"
"SWKB0266","Carmichael House, Bowen Drive 1-20(C)",115,"SWKE0201"
"SWKB0267","Carnicot House, Consort Road 1-28(C)",184,"SWKE0082"
"SWKB0268","Caroline Gardens 142",5,"SWKE0058"
"SWKB0269","Caroline Gardens 169",5,"SWKE0058"
"SWKB0270","Caroline Gardens 75",5,"SWKE0058"
"SWKB0271","Carterscroft, Red Post Hill 1-6(C)",30,"SWKE0059"
"SWKB0272","Cartwright House, County Street 1-16(C)",95,"SWKE0288"
"SWKB0273","Casby House, Marine Street 1-83(C)",475,"SWKE0341"
"SWKB0274","Casino Avenue 10-16(E)",28,"SWKE0324"
"SWKB0275","Casino Avenue 110-112(E)",14,"SWKE0324"
"SWKB0276","Casino Avenue 114-116(E)",14,"SWKE0324"
"SWKB0277","Casino Avenue 118-124(E)",28,"SWKE0324"
"SWKB0278","Casino Avenue 121-127(O)",29,"SWKE0324"
"SWKB0279","Casino Avenue 129-135(O)",28,"SWKE0324"
"SWKB0280","Casino Avenue 18-24(E)",28,"SWKE0324"
"SWKB0281","Casino Avenue 21-27(O)",28,"SWKE0324"
"SWKB0282","Casino Avenue 26-32(E)",28,"SWKE0324"
"SWKB0283","Casino Avenue 2-8(E)",29,"SWKE0324"
"SWKB0284","Casino Avenue 29-39(O)",42,"SWKE0324"
"SWKB0285","Casino Avenue 38-48(E)",36,"SWKE0324"
"SWKB0286","Casino Avenue 41-47(O)",28,"SWKE0324"
"SWKB0287","Casino Avenue 50-72(E)",72,"SWKE0324"
"SWKB0288","Casino Avenue 53-63(O)",42,"SWKE0324"
"SWKB0289","Casino Avenue 73-83(O)",42,"SWKE0324"
"SWKB0290","Casino Avenue 74-84(E)",36,"SWKE0324"
"SWKB0291","Casino Avenue 85-91(O)",29,"SWKE0324"
"SWKB0292","Casino Avenue 90-108(E)",69,"SWKE0324"
"SWKB0293","Casino Avenue 9-19(O)",42,"SWKE0324"
"SWKB0294","Casino Avenue 97-111(O)",56,"SWKE0324"
"SWKB0295","Caspian Street 1-47(O)",173,"SWKE0129"
"SWKB0296","Caspian Street 30-32(E); Draycott Close 2 / Flats 1-9(C); Draycott Close 4-26(E); Draycott Close 28 / Flats 1-9(C); Draycott Close 30-42(E)",233,"SWKE0129"
"SWKB0297","Cassinghurst, Sunray Avenue 1-15(C)",75,"SWKE0059"
"SWKB0298","Castlemead, Camberwell Road 1-112(C), West Camberwell Nho & Rampway; Castlemead Tenants Hall",680,"SWKE0060"
"SWKB0299","Cathay House, Cathay Street 1-24(C)",144,"SWKE0061"
"SWKB0300","Cator Street 15-29(O), 15A-19A(O), 23A-27A(O)",84,"SWKE0010"
"SWKB0301","Cator Street 31-41(O)",42,"SWKE0010"
"SWKB0302","Causton House, Bethwin Road 69-84(C)",104,"SWKE0159"
"SWKB0303","Caversham House, Haymerle Road 1-10(C)",65,"SWKE0145"
"SWKB0304","Caversham House, Haymerle Road 11-20(C)",70,"SWKE0145"
"SWKB0305","Caversham House, Haymerle Road 21-30(C)",75,"SWKE0145"
"SWKB0306","Cavour House, Alberta Street 1-30(C)",180,"SWKE0008"
"SWKB0307","Chabot Drive 18 / Flats 1-17(C)",94,"SWKE0215"
"SWKB0308","Chalfont House, Keetons Road 1-20(C); Farmer House, Keetons Road 1-10(C); Perryn Road 1-14(C)",269,"SWKE0310"
"SWKB0309","Chalmers Walk 1-4(C); Copley Close 1-3(C)",44,"SWKE0041"
"SWKB0310","Chalmers Walk 15-20(C); Dale Road 4-6(C)",57,"SWKE0041"
"SWKB0311","Chalmers Walk 5-8(C); Copley Close 4-5(C)",38,"SWKE0041"
"SWKB0312","Chalmers Walk 9-14(C); Dale Road 1-3(C)",57,"SWKE0041"
"SWKB0313","Champion Hill 24A-24C(C), 26A-26C(C), 28A-28C(C)",42,"SWKE0079"
"SWKB0314","Champion Hill 30A-30H(C), 32A-32H(C)",96,"SWKE0079"
"SWKB0315","Chandler Way 58; Dorton Close 7; Dorton Close 8 / Flats 1-5(C)",38,"SWKE0065"
"SWKB0316","Chandler Way 69; Chandler Way 71 / Flats 1-9(C); Chandler Way 73; Savannah Close 1",72,"SWKE0066"
"SWKB0317","Charles Coveney Road 18 / Flats 1-8(C)",42,"SWKE0067"
"SWKB0318","Charles Mackenzie House, Linsey Street 1-33(C)",180,"SWKE0068"
"SWKB0319","Chartes House, Abbey Street 1-32(C)",161,"SWKE0316"
"SWKB0320","Chartham House, Weston Street 24A & 29A, 1-33(C)",214,"SWKE0329"
"SWKB0321","Chatham House, Mcneil Road 1-18(C)",144,"SWKE0210"
"SWKB0322","Chatham Street 10-16(E)",25,"SWKE0295"
"SWKB0323","Chatham Street 133A-133F(C)",33,"SWKE0072"
"SWKB0324","Chatham Street 145A-145F(C)",33,"SWKE0073"
"SWKB0325","Chatham Street 151A-151F(C)",31,"SWKE0074"
"SWKB0326","Chatham Street 157A-157F(C)",33,"SWKE0075"
"SWKB0327","Chatham Street 18-24(E)",25,"SWKE0295"
"SWKB0328","Chatham Street 26-32(E)",25,"SWKE0295"
"SWKB0329","Chatham Street 2-8(E)",24,"SWKE0295"
"SWKB0330","Chatham Street 67A-67F(C)",33,"SWKE0069"
"SWKB0331","Chatham Street 83A-83F(C)",36,"SWKE0070"
"SWKB0332","Chatham Street 89A-89F(C)",33,"SWKE0071"
"SWKB0333","Chelsfield House, Congreve Street 1-25(C)",135,"SWKE0087"
"SWKB0334","Cherry Garden House, Cherry Garden Street 1-16(C); Cherry Garden Street 37",93,"SWKE0076"
"SWKB0335","Cherry Garden Street 38-66(E)",91,"SWKE0077"
"SWKB0336","Cherry Garden Street 68-142(E)",212,"SWKE0078"
"SWKB0337","Chilham House, Law Street 14A & 1-29(C)",184,"SWKE0329"
"SWKB0338","Chilton Grove 108-136(E)",100,"SWKE0273"
"SWKB0339","Chilton Grove 1-39(O)",114,"SWKE0273"
"SWKB0340","Chilton Grove 2-68(E)",208,"SWKE0273"
"SWKB0341","Chilton Grove 70-106(E)",108,"SWKE0273"
"SWKB0342","Churchmead, Camberwell Road 1-31(C)",171,"SWKE0060"
"SWKB0343","Churchward House, Lorrimore Road 1-10(C)",75,"SWKE0041"
"SWKB0344","Clandon Buildings, Boyfield St 1-12(C)",84,"SWKE0205"
"SWKB0345","Clare House, Coopers Road 1-12(C)",50,"SWKE0017"
"SWKB0346","Clifton Crescent 20-27(C)",48,"SWKE0080"
"SWKB0347","Clifton Crescent 28-34(C)",42,"SWKE0080"
"SWKB0348","Clifton Crescent 43-50(C)",46,"SWKE0081"
"SWKB0349","Clifton Way 113",7,"SWKE0274"
"SWKB0350","Clifton Way 115-125(O)",36,"SWKE0274"
"SWKB0351","Clifton Way 22-32(E)",36,"SWKE0045"
"SWKB0352","Clifton Way 34-44(E)",30,"SWKE0274"
"SWKB0353","Clifton Way 46-56(E)",30,"SWKE0274"
"SWKB0354","Clifton Way 58-74(E)",51,"SWKE0274"
"SWKB0355","Clifton Way 61-71(O)",30,"SWKE0274"
"SWKB0356","Clifton Way 73-83(O)",30,"SWKE0274"
"SWKB0357","Clifton Way 85-101(O)",51,"SWKE0274"
"SWKB0358","Colbert, Sceaux Gardens 1-30(C)",210,"SWKE0297"
"SWKB0359","Coleby Path 1-12(C), 17-28(C)",169,"SWKE0129"
"SWKB0360","Coleby Path 13-16(C), 29-32(C)",57,"SWKE0129"
"SWKB0361","Coleridge House,Browning Street 11A & 1-24(C)",144,"SWKE0048"
"SWKB0362","Colet House, Doddington Grove, 95A & 66-95(C)",186,"SWKE0113"
"SWKB0363","Collinson House, Peckham Park Road 10-27(C)",114,"SWKE0217"
"SWKB0364","Collinson House, Peckham Park Road 1-9(C)",57,"SWKE0217"
"SWKB0365","Collinson Walk 1-15(O) ; Scovell Crescent 27-31(O)",55,"SWKE0298"
"SWKB0366","Collinson Walk 14-28(E)",40,"SWKE0298"
"SWKB0367","Collinson Walk 30-40(E)",30,"SWKE0298"
"SWKB0368","Columbia Point, Moodkee Street 1-80(C)",470,"SWKE0056"
"SWKB0369","Comber House, Comber Grove 1-96(C)",578,"SWKE0084"
"SWKB0370","Commercial Way 256-276(E)",133,"SWKE0208"
"SWKB0371","Commercial Way 60A; Kelly Avenue 1 / Flats 1-9(C); Kelly Avenue 3",57,"SWKE0085"
"SWKB0372","Comus House, Congreve Street 1-32(C)",182,"SWKE0086"
"SWKB0373","Comus House, Congreve Street 33-50(C)",148,"SWKE0086"
"SWKB0374","Comus House, Congreve Street 51-70(C)",130,"SWKE0086"
"SWKB0375","Conant House, St Agnes Place 1-56(C)",358,"SWKE0041"
"SWKB0376","Conant House, St Agnes Place, 57-60(C), 63-66(C), 69-72(C), 75-78(C), 81-84(C), Tra Hall",128,"SWKE0041"
"SWKB0377","Coniston House, Wyndham Road 1-82(C)",477,"SWKE0352"
"SWKB0378","Consort Road 199-213(O)",40,"SWKE0239"
"SWKB0379","Consort Road 4-64(E)",142,"SWKE0082"
"SWKB0380","Consort Road 98-102(E), 98A-102A(E)",36,"SWKE0089"
"SWKB0381","Cooks Road 1-29(O)",105,"SWKE0041"
"SWKB0382","Cooks Road 141A-141F(C)",36,"SWKE0090"
"SWKB0383","Cooks Road 143A-143F(C)",36,"SWKE0090"
"SWKB0384","Cooks Road 2-32(E)",109,"SWKE0041"
"SWKB0385","Cooks Road 31-101(O)",258,"SWKE0041"
"SWKB0386","Cooks Road 34-50(E)",44,"SWKE0041"
"SWKB0387","Coppedhall, Croxted Road 10-12(C)",28,"SWKE0105"
"SWKB0388","Copperfield House, Wolseley St 1-35(C)",210,"SWKE0112"
"SWKB0389","Cornick House, Slippers Place 1-14(C)",98,"SWKE0303"
"SWKB0390","Cornish House, Otto Street 1-68(C)",400,"SWKE0041"
"SWKB0391","Cossall Walk 1-108(C); Flats 1-32(C), Cossall Walk 109; Queens Road 90 / Flats 1-24(C); Tra",825,"SWKE0092"
"SWKB0392","Cotham Street Flats A-C(C) / 3-5(O)",18,"SWKE0093"
"SWKB0393","Countisbury House, Crescent Wood Road, 1-42(C) & Countisbury House Tra Hall",256,"SWKE0094"
"SWKB0394","Courthope House, Lower Road 1-24(C)",144,"SWKE0095"
"SWKB0395","Cowdray House, Quorn Road 1-16(C)",96,"SWKE0120"
"SWKB0396","Cowper House, Browning Street 13A & 1-24(C)",144,"SWKE0048"
"SWKB0397","Coxson Way 1-23(C)",160,"SWKE0096"
"SWKB0398","Cragie House, Balaclava Road 1-24(C)",148,"SWKE0097"
"SWKB0399","Cranbourne House,Marigold Street 1-26(C)",137,"SWKE0098"
"SWKB0400","Crane House, Grummant Road 1-70(C)",420,"SWKE0268"
"SWKB0401","Crane Street 15 / Flats 1-8(C)",42,"SWKE0099"
"SWKB0402","Craston House, Lettsom Street 1-8(C)",40,"SWKE0210"
"SWKB0403","Crawford Road 25-55(O)",96,"SWKE0101"
"SWKB0404","Crawthew Grove 45-55(O)",35,"SWKE0102"
"SWKB0405","Crayford House, Staple Street 1-35(C)",206,"SWKE0329"
"SWKB0406","Creasy Estate, Aberdour Street 1-7(C)",41,"SWKE0103"
"SWKB0407","Creasy Estate, Aberdour Street 22-28(C)",41,"SWKE0103"
"SWKB0408","Creasy Estate, Aberdour Street 29-42(C)",79,"SWKE0103"
"SWKB0409","Creasy Estate, Aberdour Street 8-21(C)",79,"SWKE0103"
"SWKB0410","Credenhill House, Ledbury Street 1-20(C)",141,"SWKE0208"
"SWKB0411","Creed House, Nunhead Crescent 1-27(C)",171,"SWKE0255"
"SWKB0412","Crofton Road 59-75(O)",62,"SWKE0104"
"SWKB0413","Crompton House, County Street 1-21(C); Harper Road 100-102(E)",130,"SWKE0288"
"SWKB0414","Cronin Street 1-38(C)",226,"SWKE0254"
"SWKB0415","Cronin Street 39-62(C)",188,"SWKE0254"
"SWKB0416","Cronin Street 63-88(C)",208,"SWKE0254"
"SWKB0417","Cronin Street 89-126(C)",219,"SWKE0254"
"SWKB0418","Cross Court, Denmark Hill 1-12(C)",69,"SWKE0109"
"SWKB0419","Cross Court, Denmark Hill 13-24(C)",86,"SWKE0109"
"SWKB0420","Cross Court, Denmark Hill 25-36(C)",68,"SWKE0109"
"SWKB0421","Crossmount House, Bowyer Street 1-82(C)",477,"SWKE0352"
"SWKB0422","Crossthwaite Avenue 6-44(E)",100,"SWKE0109"
"SWKB0423","Cruden House, Hillingdon Street 1-68(C)",400,"SWKE0041"
"SWKB0424","Crystal Court, College Road 1-34(C)",206,"SWKE0083"
"SWKB0425","Crystal Palace Road 146-156(E), 146A-150A(E)",57,"SWKE0106"
"SWKB0426","Crystal Palace Road 158-172(E) & 158A",57,"SWKE0106"
"SWKB0427","Culand House, Congreve Street 1-12(C)",78,"SWKE0087"
"SWKB0428","Culmore Road 47A-47F(C)",32,"SWKE0045"
"SWKB0429","Cunningham House, Hopewell Street 1-20(C)",125,"SWKE0129"
"SWKB0430","Curlew House, Talfourd Road 1-16(C)",112,"SWKE0268"
"SWKB0431","Curtis House, Morecambe Street 1-26(C)",142,"SWKE0048"
"SWKB0432","Curtis Way 38 ;Setchell Way 45-57(O)",55,"SWKE0299"
"SWKB0433","Curtis Way 45-53(O)",34,"SWKE0299"
"SWKB0434","Cuxton House 1-10(C)",66,"SWKE0198"
"SWKB0435","Dalwood Street 9-19(O)",36,"SWKE0174"
"SWKB0436","Damory House, Abbeyfield Road 1-35(C)",180,"SWKE0001"
"SWKB0437","Danesfield, Albany Road 1-31(C)",208,"SWKE0021"
"SWKB0438","Daniels Road 114-120(E)",20,"SWKE0027"
"SWKB0439","Daniels Road 122-144(E)",60,"SWKE0027"
"SWKB0440","Daniels Road 74-80(E)",20,"SWKE0027"
"SWKB0441","Daniels Road 82-112(E) & Linden Grove 105-119(O)",151,"SWKE0027"
"SWKB0442","Danube Court, Daniel Gardens 1-18(C)",90,"SWKE0254"
"SWKB0443","Danube Court, Daniel Gardens 19-30(C)",102,"SWKE0254"
"SWKB0444","Dartford House, Fort Road 1-41(C)",235,"SWKE0218"
"SWKB0445","Dartford Street 32-108(E)",234,"SWKE0148"
"SWKB0446","Dartford Street 4-30(E), 2(E)",76,"SWKE0148"
"SWKB0447","Dartle Court 9-12(C)",20,"SWKE0112"
"SWKB0448","Darvell House, Inville Road 1-8(C)",52,"SWKE0189"
"SWKB0449","Darwin Street 11A; Mason Street 11B",11,"SWKE0107"
"SWKB0450","Darwin Street 13A; Mason Street 13B",11,"SWKE0107"
"SWKB0451","Darwin Street 17A; Mason Street 17B",11,"SWKE0107"
"SWKB0452","Darwin Street 19A; Mason Street 19B",11,"SWKE0107"
"SWKB0453","Darwin Street 23A; Mason Street 23B",11,"SWKE0107"
"SWKB0454","Darwin Street 25A; Mason Street 25B",11,"SWKE0107"
"SWKB0455","Darwin Street 29A; Mason Street 29B",11,"SWKE0107"
"SWKB0456","Darwin Street 31A; Mason Street 31B",11,"SWKE0107"
"SWKB0457","Darwin Street 33A; Mason Street 33B",11,"SWKE0107"
"SWKB0458","Darwin Street 35A; Mason Street 35B",11,"SWKE0107"
"SWKB0459","Darwin Street 37A; Mason Street 37B",11,"SWKE0107"
"SWKB0460","Darwin Street 3A; Mason Street 3B",11,"SWKE0107"
"SWKB0461","Darwin Street 41A; Mason Street 41B",11,"SWKE0107"
"SWKB0462","Darwin Street 45A; Mason Street 45B",11,"SWKE0107"
"SWKB0463","Darwin Street 51A; Mason Street 51B",11,"SWKE0107"
"SWKB0464","Darwin Street 57-69(O), 57A-69A(O)",98,"SWKE0228"
"SWKB0465","Darwin Street 5A; Mason Street 5B",11,"SWKE0107"
"SWKB0466","Darwin Street 7A; Mason Street 7B",11,"SWKE0107"
"SWKB0467","Darwin Street 9A; Mason Street 9B",11,"SWKE0107"
"SWKB0468","Dashwood House, Lyall Avenue 1-16(C)",112,"SWKE0201"
"SWKB0469","Dauncey House, Webber Row 1-10(C)",65,"SWKE0345"
"SWKB0470","Dauncey House, Webber Row 11-20(C)",75,"SWKE0345"
"SWKB0471","Davey Street 1-35(O)",108,"SWKE0010"
"SWKB0472","Dawes House, Orb Street 1-96(C)",633,"SWKE0290"
"SWKB0473","Dawes House, Orb Street 97-120(C)",157,"SWKE0290"
"SWKB0474","Dawson House, Peckham Road 1-12(C)",80,"SWKE0156"
"SWKB0475","Day House, Bethwin Road 85-108(C)",120,"SWKE0159"
"SWKB0476","Deal House, Mina Road 1-10(C)",65,"SWKE0198"
"SWKB0477","Deerhurst House, Haymerle Road 1-30(C)",209,"SWKE0145"
"SWKB0478","Dekker House, Hopewell Street 1-30(C)",210,"SWKE0129"
"SWKB0479","Delaford Road 21-43(O)",62,"SWKE0108"
"SWKB0480","Delarch House, Webber Row 1-10(C)",65,"SWKE0345"
"SWKB0481","Delarch House, Webber Row 11-20(C)",73,"SWKE0345"
"SWKB0482","Delft Way 1-9(O)",31,"SWKE0122"
"SWKB0483","Delverton House, Delverton Road 30-44(C)",90,"SWKE0008"
"SWKB0484","Delverton House, Delverton Road 45-59(C)",90,"SWKE0008"
"SWKB0485","Denesmead, Herne Hill 1-24(C)",152,"SWKE0182"
"SWKB0486","Denstone House, Haymerle Road 1-24(C)",135,"SWKE0145"
"SWKB0487","Dent House, Tatum Street 1-20(C)",120,"SWKE0011"
"SWKB0488","Detling House, Congreve Street 1-16(C)",104,"SWKE0087"
"SWKB0489","Deventer Crescent 10-12(E)",14,"SWKE0122"
"SWKB0490","Deventer Crescent 1-15(O)",49,"SWKE0122"
"SWKB0491","Deventer Crescent 14-18(E)",15,"SWKE0122"
"SWKB0492","Deventer Crescent 17-23(O)",20,"SWKE0122"
"SWKB0493","Deventer Crescent 20-40(E)",68,"SWKE0122"
"SWKB0494","Deventer Crescent 2-8(E)",26,"SWKE0122"
"SWKB0495","Devon Mansions, Jamaica Road 455-475(C)",112,"SWKE0110"
"SWKB0496","Devon Mansions, Jamaica Road 476-489(C)",74,"SWKE0110"
"SWKB0497","Devon Mansions, Tooley Street 109-120(C)",66,"SWKE0110"
"SWKB0498","Devon Mansions, Tooley Street 1-14(C)",73,"SWKE0110"
"SWKB0499","Devon Mansions, Tooley Street 121-132(C)",71,"SWKE0110"
"SWKB0500","Devon Mansions, Tooley Street 133-144(C)",70,"SWKE0110"
"SWKB0501","Devon Mansions, Tooley Street 145-156(C)",71,"SWKE0110"
"SWKB0502","Devon Mansions, Tooley Street 15-28(C)",73,"SWKE0110"
"SWKB0503","Devon Mansions, Tooley Street 157-168(C)",68,"SWKE0110"
"SWKB0504","Devon Mansions, Tooley Street 169-180(C)",70,"SWKE0110"
"SWKB0505","Devon Mansions, Tooley Street 29-42(C)",81,"SWKE0110"
"SWKB0506","Devon Mansions, Tooley Street 331-351(C)",119,"SWKE0110"
"SWKB0507","Devon Mansions, Tooley Street 352-372(C)",105,"SWKE0110"
"SWKB0508","Devon Mansions, Tooley Street 373-386(C)",81,"SWKE0110"
"SWKB0509","Devon Mansions, Tooley Street 387-405(C)",104,"SWKE0110"
"SWKB0510","Devon Mansions, Tooley Street 406-433(C)",150,"SWKE0110"
"SWKB0511","Devon Mansions, Tooley Street 434-454(C)",101,"SWKE0110"
"SWKB0512","Devon Mansions, Tooley Street 43-54(C)",72,"SWKE0110"
"SWKB0513","Devon Mansions, Tooley Street 55-75(C)",104,"SWKE0110"
"SWKB0514","Devon Mansions, Tooley Street 76-96(C)",104,"SWKE0110"
"SWKB0515","Devon Mansions, Tooley Street 97-108(C)",72,"SWKE0110"
"SWKB0516","Dhonau House, Setchell Road 1-28(C)",164,"SWKE0218"
"SWKB0517","Dhonau House, Setchell Road 29-56(C)",164,"SWKE0218"
"SWKB0518","Dibden, Southampton Way 1-15(C)",108,"SWKE0307"
"SWKB0519","Dickens House, Doddington Grove 117A & 96-127(C); Edmund House, Doddington Grove 131A & 128-158(C)",395,"SWKE0113"
"SWKB0520","Dighton Court, John Ruskin Street 1-16(C)",96,"SWKE0041"
"SWKB0521","Dighton Court, John Ruskin Street 17-38(C)",154,"SWKE0041"
"SWKB0522","Dighton Court, John Ruskin Street 39-54(C)",96,"SWKE0041"
"SWKB0523","Dodd House, Galleywall Road 1-32(C)",192,"SWKE0286"
"SWKB0524","Dodson Street 1-48(C)",300,"SWKE0114"
"SWKB0525","Dodson Street 49-56(C)",32,"SWKE0114"
"SWKB0526","Dombey House 1-31(C)",169,"SWKE0112"
"SWKB0527","Domett Close 1-12(C)",72,"SWKE0079"
"SWKB0528","Domett Close 13-24(C)",72,"SWKE0079"
"SWKB0529","Domett Close 25-28(C)",18,"SWKE0079"
"SWKB0530","Domett Close 29-32(C)",18,"SWKE0079"
"SWKB0531","Don Phelan Close 1-25(C)",144,"SWKE0111"
"SWKB0532","Don Phelan Close 128-164(C)",222,"SWKE0111"
"SWKB0533","Don Phelan Close 26-49(C)",164,"SWKE0111"
"SWKB0534","Don Phelan Close 50-127(C)",387,"SWKE0111"
"SWKB0535","Donkin House, Galleywall Road 1-33(C)",192,"SWKE0286"
"SWKB0536","Dorking House, Pardoner Street 1-22(C)",134,"SWKE0329"
"SWKB0537","Dormstone House, Congreve Street 1-16(C)",104,"SWKE0087"
"SWKB0538","Dowell House, Lyall Avenue 1-20(C)",131,"SWKE0201"
"SWKB0539","Downend Court 1-18(C)",128,"SWKE0157"
"SWKB0540","Dowson Close 1-12(C)",72,"SWKE0079"
"SWKB0541","Dowson Close 13-24(C)",72,"SWKE0079"
"SWKB0542","Dowson Close 25-28(C)",19,"SWKE0079"
"SWKB0543","Dragon Road 14-16(E); St Georges Way 86; St Georges Way 88 / Flats 1-12(C) ;St Georges Way 90",84,"SWKE0117"
"SWKB0544","Dragon Road 18-20(E); St Georges Way 92; St Georges Way 94 / Flats 1-12(C) ; St Georges Way 96",84,"SWKE0117"
"SWKB0545","Dragon Road 2-4(E); St Georges Way 68; St Georges Way 70 / Flats 1-12(C); St Georges Way 72",84,"SWKE0118"
"SWKB0546","Dragon Road 6-8(E); St Georges Way 74; St Georges Way 76 / Flats 1-12(C) ;St Georges Way 78",84,"SWKE0118"
"SWKB0547","Draper House, Elephant & Castle 1-141(C); Elephant & Castle 16-19(C)",811,"SWKE0119"
"SWKB0548","Drappers Way 1-35(C)",200,"SWKE0291"
"SWKB0549","Drayton House, Elmington Road 1-24(C)",172,"SWKE0129"
"SWKB0550","Drinkwater House, Picton Street 1-26(C)",182,"SWKE0129"
"SWKB0551","Dryden House, Peckham Road 1-13(C)",80,"SWKE0156"
"SWKB0552","Dunkirk House, Long Lane 1-15(C)",93,"SWKE0329"
"SWKB0553","Dunlin House, Tawny Way 1-17(C)",115,"SWKE0261"
"SWKB0554","Dunnico House, East Street 1-24(C)",132,"SWKE0011"
"SWKB0555","Dunstall House, Peckham High Street 1-24(C) ; Peckham High Street 127-149(O)",210,"SWKE0259"
"SWKB0556","Dunton Court, Sydenham Hill 1-20(C)",150,"SWKE0328"
"SWKB0557","Dunton Road 2-12(E), 2A-12A(E)",65,"SWKE0299"
"SWKB0558","Dylways 117-127(O)",30,"SWKE0109"
"SWKB0559","Dylways 18-24(E)",24,"SWKE0109"
"SWKB0560","Dylways 26-32(E)",24,"SWKE0109"
"SWKB0561","Dylways 41-47(O)",24,"SWKE0109"
"SWKB0562","Dylways 49-55(O)",24,"SWKE0109"
"SWKB0563","Dylways 57-63(O)",24,"SWKE0109"
"SWKB0564","Dylways 65-71(O)",24,"SWKE0109"
"SWKB0565","Dylways 81-87(O)",24,"SWKE0109"
"SWKB0566","East Dulwich Grove 47-57(O), 47A-57A(O)",76,"SWKE0121"
"SWKB0567","East Dulwich Road 5A, 9A-9F(C)",40,"SWKE0124"
"SWKB0568","East Street 218A-218F(C)",36,"SWKE0125"
"SWKB0569","East Surrey Grove 18-38(C)",174,"SWKE0254"
"SWKB0570","East Surrey Grove 39-68(C)",165,"SWKE0254"
"SWKB0571","Eastwell House, Weston Street 1-73(C),42A & 56A",471,"SWKE0329"
"SWKB0572","Edenbridge Close 1-17(C)",97,"SWKE0033"
"SWKB0573","Edgecombe House, Lettsom Street 1-28(C)",210,"SWKE0210"
"SWKB0574","Edison House, New Kent Road 1-20(C)",140,"SWKE0126"
"SWKB0575","Edmonton Court, Renforth Street 1-21(C)",96,"SWKE0056"
"SWKB0576","Ednam House, Latona Road 1-72(C)",421,"SWKE0145"
"SWKB0577","Edwin House, Wentworth Crescent 1-66(C)",400,"SWKE0259"
"SWKB0578","Eglington Court, East Dulwich Road 1-6(C)",42,"SWKE0123"
"SWKB0579","Eglington Court, Lorrimore Road 1-3(C)",12,"SWKE0041"
"SWKB0580","Eglington Court, Lorrimore Road 27-44(C)",108,"SWKE0041"
"SWKB0581","Eglington Court, Lorrimore Road 4-23(C)",115,"SWKE0041"
"SWKB0582","Egret House, Tawny Way 1-18(C)",111,"SWKE0261"
"SWKB0583","Eldridge Court, Rouel Road 1-16(C)",118,"SWKE0127"
"SWKB0584","Eldridge Court, Rouel Road 17-32(C)",105,"SWKE0127"
"SWKB0585","Eldridge Court, Rouel Road 33-38(C)",42,"SWKE0127"
"SWKB0586","Ellery House, Beckway Street 1-24(C)",119,"SWKE0026"
"SWKB0587","Ellington House, Harper Road 1-37(C); Harper Road 18-40(E)",294,"SWKE0288"
"SWKB0588","Ellis House, Brandon Street 1-26(C)",141,"SWKE0048"
"SWKB0589","Elmington Road 110A-110C(C), 112A-112E(C), 114A-114C(C), 116A-116E(C)",96,"SWKE0130"
"SWKB0590","Elmington Road 86-108(E)",60,"SWKE0111"
"SWKB0591","Elmwood Road 76-108(E)",102,"SWKE0131"
"SWKB0592","Elsted Street 30-32(E)",10,"SWKE0132"
"SWKB0593","Elsted Street 49-55(O)",20,"SWKE0133"
"SWKB0594","Ely House, Friary Road 1-25(C)",160,"SWKE0145"
"SWKB0595","Emba Stree 2-44(E)",126,"SWKE0112"
"SWKB0596","Emberton, Albany Road 1-35(C)",236,"SWKE0021"
"SWKB0597","Empress Street 1-77(O)",234,"SWKE0148"
"SWKB0598","Eridge House, Quorn Road 1-16(C)",96,"SWKE0120"
"SWKB0599","Ethnard Road 29-75(O)",169,"SWKE0208"
"SWKB0600","Eugene Cotter House, Beckway Street 1-63(C)",371,"SWKE0026"
"SWKB0601","Evelina Road 111, 111A-111C(C), 112, 113-121(O)",45,"SWKE0135"
"SWKB0602","Evelina Road 58A & 58-72(E)",54,"SWKE0134"
"SWKB0603","Everett House, East Street 1-30(C)",175,"SWKE0200"
"SWKB0604","Exeter House, Friary Road 9A & 1-19(C)",115,"SWKE0145"
"SWKB0605","Eynsford House, Crosby Row 1-25(C)",125,"SWKE0329"
"SWKB0606","Eynsford House, East Street 1-29(C)",211,"SWKE0087"
"SWKB0607","Fair Street 2, Fair Street Hall & Flats 1-18(C)",101,"SWKE0137"
"SWKB0608","Fairby House, Setchell Road 1-20(C)",141,"SWKE0218"
"SWKB0609","Fairwall House, Peckham Road 1-59(C)",395,"SWKE0156"
"SWKB0610","Farncombe Street 56-58(E)",12,"SWKE0138"
"SWKB0611","Farrins Rents 9-18(C)",50,"SWKE0115"
"SWKB0612","Faunce House, Doddington Grove 181A, 181B & 183A, 159-183(C)",160,"SWKE0113"
"SWKB0613","Faversham House, Kinglake Street 11A & 22A, 1-28(C)",172,"SWKE0198"
"SWKB0614","Fawkham House, Dunton Road 1-35(C)",218,"SWKE0218"
"SWKB0615","Fearnley House, Vestry Road 1-132(C)",625,"SWKE0210"
"SWKB0616","Felbridge House, Quorn Road 1-86(C) ; East Dulwich Estate Shops, Dog Kennel Hill 1-3(C)",608,"SWKE0120"
"SWKB0617","Fenner Close 10-27(C)",90,"SWKE0139"
"SWKB0618","Fenner Close 1-9(C)",57,"SWKE0139"
"SWKB0619","Fenwick Road 55-77(O)",82,"SWKE0140"
"SWKB0620","Fernie House, Quorn Road 1-16(C)",100,"SWKE0120"
"SWKB0621","Fielding Street 41A-41F(C), 43A-43F(C)",72,"SWKE0269"
"SWKB0622","Fielding Street 45-77(O)",85,"SWKE0269"
"SWKB0623","Finley Court, Redcar Street 1-10(C)",44,"SWKE0084"
"SWKB0624","Fir Trees Close 13-22(C)",50,"SWKE0116"
"SWKB0625","Fitzmaurice House, Galleywall Rd 1-32(C)",192,"SWKE0286"
"SWKB0626","Fitzroy House, Coopers Road 1-14(C)",98,"SWKE0017"
"SWKB0627","Flamborough House, Clayton Road 1-30(C)",205,"SWKE0259"
"SWKB0628","Flaxman House, London Road 1-10(C); London Road 17-21(C)",90,"SWKE0152"
"SWKB0629","Fleming House, George Row 1-25(C)",149,"SWKE0112"
"SWKB0630","Fleming Road 25-27(C)",12,"SWKE0041"
"SWKB0631","Folkestone House 1-8(C)",52,"SWKE0198"
"SWKB0632","Fontenelle, Sceaux Gardens 1-42(C)",294,"SWKE0297"
"SWKB0633","Forbes Court, Woodland Road 1-28(C)",161,"SWKE0351"
"SWKB0634","Forsyth Gardens 1-65(C)",452,"SWKE0041"
"SWKB0635","Fountain Green Square 12-14(C)",15,"SWKE0142"
"SWKB0636","Fountain Green Square 1-3(C)",15,"SWKE0142"
"SWKB0637","Fountain House, Bermondsey Wall East 1-10(C)",56,"SWKE0143"
"SWKB0638","Fowler House, Mcneil Road 1-14(C)",105,"SWKE0210"
"SWKB0639","Frankland Close 19-30(C)",60,"SWKE0144"
"SWKB0640","Friary Road 69-73(O), 69A-73A(O)",36,"SWKE0146"
"SWKB0641","Friern Road 247-293(O)",138,"SWKE0147"
"SWKB0642","Friern Road 295-341(O)",137,"SWKE0147"
"SWKB0643","Friern Road 343-389(O)",138,"SWKE0147"
"SWKB0644","Friern Road 391-437(O)",137,"SWKE0147"
"SWKB0645","Frome House, Peckham Rye 51A & 1-64(C)",399,"SWKE0294"
"SWKB0646","Fulmar House, Tawny Way 1-18(C)",114,"SWKE0261"
"SWKB0647","Furley House, Haymerle Road 1-20(C)",128,"SWKE0145"
"SWKB0648","Gaitskell House, Villa Street 1-66(C)",420,"SWKE0021"
"SWKB0649","Galatea Square 1-10(C)",60,"SWKE0088"
"SWKB0650","Galatea Square 11-25(C)",75,"SWKE0088"
"SWKB0651","Galatea Square 30-68(C)",195,"SWKE0088"
"SWKB0652","Galway Close 1-19(C)",109,"SWKE0033"
"SWKB0653","Gannet House, Talfourd Road 1-18(C)",110,"SWKE0268"
"SWKB0654","Garbett House, Doddington Grove 198A & 184-201(C)",112,"SWKE0113"
"SWKB0655","Gardiner House, Borough Road 1-4(C)",24,"SWKE0035"
"SWKB0656","Garnies Close 1-12(C)",74,"SWKE0254"
"SWKB0657","Garnies Close 13-24(C)",74,"SWKE0254"
"SWKB0658","Garnies Close 25-36(C)",71,"SWKE0254"
"SWKB0659","Garnies Close 37-42(C)",38,"SWKE0254"
"SWKB0660","Garnies Close 43-54(C)",74,"SWKE0254"
"SWKB0661","Garnies Close 55-60(C)",37,"SWKE0254"
"SWKB0662","Garraway House, Lyall Avenue 1-16(C)",104,"SWKE0201"
"SWKB0663","Gataker House, Slippers Place 1-14(C)",80,"SWKE0303"
"SWKB0664","Gatcombe House, Pytchley Road 1-43(C)",295,"SWKE0120"
"SWKB0665","Gatefield Court, Kinsale Road 1-12(C)",72,"SWKE0123"
"SWKB0666","Gateway 1-4(C); Walworth Road 362-368(E)",43,"SWKE0148"
"SWKB0667","Gatonby Street 1-3(O); Kelly Avenue 39; Kelly Avenue 41 / Flats 1-9(C)",68,"SWKE0149"
"SWKB0668","Gautrey Road 2 / Flats 1-8(C), 25-28(C)",60,"SWKE0150"
"SWKB0669","Gautrey Road 2 / Flats 9-24(C), 29-36(C)",125,"SWKE0150"
"SWKB0670","Gautrey Road 44-54(E)",30,"SWKE0151"
"SWKB0671","Gayhurst, Hopwood Road 1-61(C)",440,"SWKE0021"
"SWKB0672","Gayhurst, Hopwood Road 80-144(C)",418,"SWKE0021"
"SWKB0673","Gedling House, Quorn Road 1-39(C)",254,"SWKE0120"
"SWKB0674","Geoffrey House, Pardoner Street 1-54(C)",312,"SWKE0329"
"SWKB0675","George Walter Court, Millender Walk 1-49(C)",259,"SWKE0301"
"SWKB0676","Gibbings House,King James Street 1-15(C)",75,"SWKE0153"
"SWKB0677","Gibbon Road 107-117(O) ; Linden Grove 157-173(O)",75,"SWKE0027"
"SWKB0678","Gibbon Road 119-141(O); Linden Grove 121-155(O)",150,"SWKE0027"
"SWKB0679","Gibbon Road 68; Kimberley Avenue 144-146(E)",16,"SWKE0027"
"SWKB0680","Gilesmead, Camberwell Church St 1-40(C)",234,"SWKE0154"
"SWKB0681","Gillies Court, Stafford Road 1-24(C)",132,"SWKE0155"
"SWKB0682","Gisburn House, Green Hundred Road 1-25(C)",160,"SWKE0145"
"SWKB0683","Glazebrook Close 1-24(C)",168,"SWKE0105"
"SWKB0684","Glazebrook Close 25-48(C)",136,"SWKE0105"
"SWKB0685","Glazebrook Close 58-89(C)",200,"SWKE0105"
"SWKB0686","Glebe House, Slippers Place 1-20(C)",140,"SWKE0303"
"SWKB0687","Gleneagles Close 1-17(C)",103,"SWKE0033"
"SWKB0688","Glenfinlas Way 1-41(C)",269,"SWKE0041"
"SWKB0689","Glengall Road 119-177(O)",144,"SWKE0343"
"SWKB0690","Glengall Road 59-117(O)",183,"SWKE0343"
"SWKB0691","Glennie Court, Lordship Lane 1-24(C)",156,"SWKE0220"
"SWKB0692","Glover House, Nunhead Lane 1-41(C)",260,"SWKE0255"
"SWKB0693","Godstone House, Pardoner Street 1-22(C)",133,"SWKE0329"
"SWKB0694","Goldwell House, Quorn Road 1-28(C)",166,"SWKE0120"
"SWKB0695","Gomm Road 21-25(O)",15,"SWKE0158"
"SWKB0696","Gomm Road 51-55(O)",15,"SWKE0158"
"SWKB0697","Gomm Road 57-61(O)",15,"SWKE0158"
"SWKB0698","Gomm Road 71-75(O)",15,"SWKE0158"
"SWKB0699","Gomm Road 91-95(O)",15,"SWKE0158"
"SWKB0700","Goodwin House, Nunhead Crescent 1-12(C)",72,"SWKE0255"
"SWKB0701","Gordon Road 15, 15A & Sunwell Close 13-15(C)",30,"SWKE0092"
"SWKB0702","Gordon Road 17-19(O) & Sunwell Close17-19(C)",30,"SWKE0092"
"SWKB0703","Gordon Road 1A-5A(O), 1B-5B(O), 1C-5C(O)",50,"SWKE0092"
"SWKB0704","Gordon Road 7-9(O) & Sunwell Close 1-6(C)",59,"SWKE0092"
"SWKB0705","Gothic Court, Wyndham Road 1-30(C)",132,"SWKE0352"
"SWKB0706","Gould Court, Woodland Road 1-27(C)",156,"SWKE0351"
"SWKB0707","Gower House, Morecambe Street 11A & 1-24(C)",155,"SWKE0048"
"SWKB0708","Grainger Court, Redcar Street 1-20(C)",88,"SWKE0084"
"SWKB0709","Grange House, The Grange 1-16(C)",103,"SWKE0160"
"SWKB0710","Grange House, The Grange 17-32(C)",101,"SWKE0160"
"SWKB0711","Grantham House, Green Hundred Road 1-45(C)",265,"SWKE0145"
"SWKB0712","Grasmere Point 1-72(C)",439,"SWKE0340"
"SWKB0713","Gray House, King And Queen Street 19A, 8A & 1-28(C)",174,"SWKE0048"
"SWKB0714","Green Dale Close 1-9(C)",63,"SWKE0161"
"SWKB0715","Green Walk 6-26(C) ; Rephidim Street 50-75(C)",235,"SWKE0167"
"SWKB0716","Grenfell House, Comber Grove 1-35(C)",218,"SWKE0084"
"SWKB0717","Greystoke House, Peckham Park Road 1-35(C)",215,"SWKE0145"
"SWKB0718","Grimsel Path 2-19(C)",90,"SWKE0041"
"SWKB0719","Grimsel Path 30-45(C)",80,"SWKE0041"
"SWKB0720","Groombridge House 1-9(C)",45,"SWKE0198"
"SWKB0721","Grosvenor Park 4A-4H(C)",51,"SWKE0162"
"SWKB0722","Grosvenor Terrace 53A, 55A-55F(C)",40,"SWKE0163"
"SWKB0723","Grove Court, Camberwell Grove 1-14(C)",84,"SWKE0055"
"SWKB0724","Grove Lane 72 / Flats 1-8(C)",52,"SWKE0164"
"SWKB0725","Grove Lane 72 / Flats 9-24(C)",104,"SWKE0164"
"SWKB0726","Grove Lane 83A / Flats 1-8(C)",52,"SWKE0165"
"SWKB0727","Guildford House, Denmark Road 1-12(C)",84,"SWKE0100"
"SWKB0728","Guthrie Court, Morley Street 1-34(C)",200,"SWKE0114"
"SWKB0729","Gylcote Close 11-14(C)",24,"SWKE0109"
"SWKB0730","Gylcote Close 15-18(C)",24,"SWKE0109"
"SWKB0731","Hadlow House, Kinglake Street 1-20(C)",125,"SWKE0198"
"SWKB0732","Halling House, Long Lane 1-12(C)",75,"SWKE0329"
"SWKB0733","Halliwell Court, Barry Road 1-30(C)",179,"SWKE0168"
"SWKB0734","Hambledon, Villa Street 1-20(C)",130,"SWKE0021"
"SWKB0735","Hambley House, Camilla Road 1-18(C)",126,"SWKE0227"
"SWKB0736","Hannen House, Champion Park 1-24(C)",144,"SWKE0064"
"SWKB0737","Hanover Park 40A-40F(C)",30,"SWKE0169"
"SWKB0738","Hanworth House, John Ruskin Street 1-140(C)",958,"SWKE0041"
"SWKB0739","Harbledown House, Manciple Street 1-38(C)",228,"SWKE0329"
"SWKB0740","Harbord House, Cope Street 1-10(C)",70,"SWKE0170"
"SWKB0741","Hardcastle House, Marmont Road 1A & 1-24(C)",153,"SWKE0259"
"SWKB0742","Harden House, Mcneil Road 1-39(C)",195,"SWKE0210"
"SWKB0743","Harding Close 11-33(O)",114,"SWKE0269"
"SWKB0744","Haredale House, East Lane 1-14(C)",84,"SWKE0112"
"SWKB0745","Harfield Gardens, Grove Lane 12-17(C)",32,"SWKE0171"
"SWKB0746","Harfield Gardens, Grove Lane 1-5(C)",25,"SWKE0171"
"SWKB0747","Harfield Gardens, Grove Lane 18-23(C)",34,"SWKE0171"
"SWKB0748","Harfield Gardens, Grove Lane 24-29(C)",34,"SWKE0171"
"SWKB0749","Harfield Gardens, Grove Lane 30-35(C)",34,"SWKE0171"
"SWKB0750","Harfield Gardens, Grove Lane 36-41(C)",34,"SWKE0171"
"SWKB0751","Harfield Gardens, Grove Lane 42-47(C)",34,"SWKE0171"
"SWKB0752","Harfield Gardens, Grove Lane 48-53(C)",34,"SWKE0171"
"SWKB0753","Harfield Gardens, Grove Lane 6-11(C)",30,"SWKE0171"
"SWKB0754","Harford House, Bethwin Road 1-24(C)",144,"SWKE0159"
"SWKB0755","Harold Estate, Pages Walk 1-12(C)",76,"SWKE0172"
"SWKB0756","Harold Estate, Pages Walk 13-34(C)",132,"SWKE0172"
"SWKB0757","Harold Estate, Pages Walk 35-50(C)",100,"SWKE0172"
"SWKB0758","Harold Estate, Pages Walk 51-68(C)",112,"SWKE0172"
"SWKB0759","Harold Estate, Pages Walk 69-88(C)",116,"SWKE0172"
"SWKB0760","Harold Maddison House, Alberta Street 1-48(C)",241,"SWKE0008"
"SWKB0761","Harrison House, Brandon Street 1-25(C)",130,"SWKE0048"
"SWKB0762","Harry Hinkins House, Walworth Place 1-24(C)",143,"SWKE0248"
"SWKB0763","Hartland House, Tooley Street 1-5(C)",26,"SWKE0173"
"SWKB0764","Hartley House, Balaclava Road 1-35(C)",217,"SWKE0218"
"SWKB0765","Harvard House, Doddington Grove 219A & 202-219(C)",115,"SWKE0113"
"SWKB0766","Hastings Close 1-58(C)",324,"SWKE0030"
"SWKB0767","Havil Street 127 & 69-79(O)",43,"SWKE0174"
"SWKB0768","Havil Street 129-141(O)",47,"SWKE0174"
"SWKB0769","Havil Street 165 & 171 & 175",18,"SWKE0174"
"SWKB0770","Havil Street 167& 169 & 173 & 193-197(O)",42,"SWKE0174"
"SWKB0771","Havil Street 177 & 181 & 185-191 &199-203(O)",60,"SWKE0174"
"SWKB0772","Havil Street 179 & 183(O)",12,"SWKE0174"
"SWKB0773","Havil Street 21-67(O)",120,"SWKE0174"
"SWKB0774","Havil Street 81-125(O) & 143-157(O)",155,"SWKE0174"
"SWKB0775","Havisham House, Scott Lidgett Crescent 1-18(C) & 12A & Prince Of Wales Public House",126,"SWKE0112"
"SWKB0776","Hawkslade Road 19-29(O)",39,"SWKE0175"
"SWKB0777","Hawkslade Road 31-41(O)",39,"SWKE0176"
"SWKB0778","Hayles Buildings, Elliotts Row 1-20(C)",109,"SWKE0178"
"SWKB0779","Hayles Buildings, Elliotts Row 21-40(C)",109,"SWKE0178"
"SWKB0780","Hayles Buildings, Elliotts Row 41-60(C)",110,"SWKE0178"
"SWKB0781","Hayles Buildings, Elliotts Row 61-84(C)",132,"SWKE0178"
"SWKB0782","Haymerle House, Haymerle Road 1-25(C)",160,"SWKE0145"
"SWKB0783","Haymerle Road 65-83(O); Unwin Close 1-28(C)",265,"SWKE0343"
"SWKB0784","Hazel Close 6-12(C)",49,"SWKE0019"
"SWKB0785","Hazel Way 109-119(O)",28,"SWKE0299"
"SWKB0786","Hazel Way 1-15(O)",35,"SWKE0299"
"SWKB0787","Hazel Way 121-135(O)",43,"SWKE0299"
"SWKB0788","Hazel Way 17-31(O)",37,"SWKE0299"
"SWKB0789","Hazel Way 33-47(O)",37,"SWKE0299"
"SWKB0790","Hazel Way 49-63(O)",36,"SWKE0299"
"SWKB0791","Hazel Way 97-107(O)",29,"SWKE0299"
"SWKB0792","Headbourne House, Law St 15A & 1-29(C)",185,"SWKE0329"
"SWKB0793","Heaton House, Heaton Road 10-17(C)",56,"SWKE0179"
"SWKB0794","Heaton House, Heaton Road 18-33(C)",99,"SWKE0179"
"SWKB0795","Heaton House, Heaton Road 2-9(C)",55,"SWKE0179"
"SWKB0796","Helen Gladstone House, Nelson Square 222-269(C)",240,"SWKE0249"
"SWKB0797","Helen Taylor House, Linsey Street 1-8(C)",48,"SWKE0136"
"SWKB0798","Helen Taylor House,Linsey Street 9-16(C)",48,"SWKE0136"
"SWKB0799","Hemp Walk 9-16(C)",50,"SWKE0295"
"SWKB0800","Hendre House, Hendre Road 1-10(C)",70,"SWKE0180"
"SWKB0801","Henley Close, St Marychurch Street 1-14(C)",64,"SWKE0181"
"SWKB0802","Henslow House, Peckham Park Road 1-8(C)",52,"SWKE0217"
"SWKB0803","Henslow House, Peckham Park Road 9-16(C)",52,"SWKE0217"
"SWKB0804","Hereford House, Denmark Road 1-12(C)",84,"SWKE0100"
"SWKB0805","Herne Hill 1-7(O)",29,"SWKE0324"
"SWKB0806","Herne Hill 17-23(O)",27,"SWKE0324"
"SWKB0807","Herne Hill 25-27(O)",14,"SWKE0324"
"SWKB0808","Herne Hill 9-15(O)",28,"SWKE0324"
"SWKB0809","Heron House, Grummant Road 1-52(C)",307,"SWKE0268"
"SWKB0810","Herrick House, Elmington Road 1-18(C)",84,"SWKE0129"
"SWKB0811","Heversham House, Ilderton Road 1-98(C)",601,"SWKE0340"
"SWKB0812","Hickling House, Slippers Place 1-12(C)",84,"SWKE0303"
"SWKB0813","Hillcrest, Sunray Avenue 1-15(C)",75,"SWKE0184"
"SWKB0814","Hillcrest, Sunray Avenue 16-30(C)",75,"SWKE0184"
"SWKB0815","Hillcrest, Sunray Avenue 31-45(C)",75,"SWKE0184"
"SWKB0816","Hillery Close 13-18(C)",30,"SWKE0295"
"SWKB0817","Hillery Close 1-6(C)",36,"SWKE0295"
"SWKB0818","Hillery Close 19-24(C)",30,"SWKE0295"
"SWKB0819","Hillery Close 31-36(C)",30,"SWKE0295"
"SWKB0820","Hillery Close 7-12(C)",36,"SWKE0295"
"SWKB0821","Hillingdon Street 143-151(O); Andrews Walk 1-15(C)",129,"SWKE0041"
"SWKB0822","Hillingdon Street 154-170(E)",66,"SWKE0041"
"SWKB0823","Hillingdon Street 172-188(E)",66,"SWKE0041"
"SWKB0824","Hillingdon Street 19 - 79(O)",157,"SWKE0269"
"SWKB0825","Hillingdon Street 190-224(E)",132,"SWKE0041"
"SWKB0826","Hillingdon Street 70A-70F(C), 72A-72F(C)",72,"SWKE0041"
"SWKB0827","Hilversum Crescent 14-26(E)",37,"SWKE0122"
"SWKB0828","Hilversum Crescent 1-7(O)",24,"SWKE0122"
"SWKB0829","Hilversum Crescent 2-6(E)",19,"SWKE0122"
"SWKB0830","Hilversum Crescent 8-12(E)",15,"SWKE0122"
"SWKB0831","Hodister Close 2-13(C)",48,"SWKE0084"
"SWKB0832","Holberry House, Bowen Drive 1-28(C)",178,"SWKE0201"
"SWKB0833","Holderness House, Champion Hill 1-44(C)",270,"SWKE0063"
"SWKB0834","Holford House, Camilla Road 1-30(C)",210,"SWKE0227"
"SWKB0835","Holme House, Studholme Street 1-6(C)",36,"SWKE0185"
"SWKB0836","Holywell Close 1-17(C)",104,"SWKE0033"
"SWKB0837","Holywell Close 18-25(C)",56,"SWKE0033"
"SWKB0838","Honeywood House, Goldsmith Road 1-25(C)",155,"SWKE0259"
"SWKB0839","Honiton Gardens, Gibbon Road 24-26(C)",15,"SWKE0186"
"SWKB0840","Honiton House, Warner Road 1-18(C)",108,"SWKE0100"
"SWKB0841","Honor Oak Rise 25-79(O)",161,"SWKE0187"
"SWKB0842","Hood House, Brisbane Street 1-24(C)",152,"SWKE0129"
"SWKB0843","Hook Close 36-44(C)",51,"SWKE0092"
"SWKB0844","Hook Close 45-59(C)",88,"SWKE0092"
"SWKB0845","Hooks Close 14-19(C), 32-35(C)",59,"SWKE0092"
"SWKB0846","Hooks Close 1-9(C)",51,"SWKE0092"
"SWKB0847","Horsman House, Bethwin Road 25-68(C)",248,"SWKE0159"
"SWKB0848","Hovenden House, Bowen Drive 1-16(C)",104,"SWKE0201"
"SWKB0849","Howell Walk 2-28(E)",98,"SWKE0119"
"SWKB0850","Hoyland Close 8-23(C)",64,"SWKE0208"
"SWKB0851","Huberd House, Manciple Street 1-38(C)",219,"SWKE0329"
"SWKB0852","Huguenot Square 1-26(C)",120,"SWKE0088"
"SWKB0853","Hull Court, Grove Lane 1-16(C)",84,"SWKE0055"
"SWKB0854","Hunter Court, Woodfarrs 1-17(C)",102,"SWKE0109"
"SWKB0855","Hunter House, Borough Road 1-15(C)",80,"SWKE0035"
"SWKB0856","Hunter House, Borough Road 16-30(C)",79,"SWKE0035"
"SWKB0857","Huntley House, Seeley Drive 1-16(C)",104,"SWKE0201"
"SWKB0858","Hythe House, Swan Road 1-40(C)",225,"SWKE0327"
"SWKB0859","Ifield House, Madron Street 1-12(C)",86,"SWKE0198"
"SWKB0860","Ightham House, Beckway Street 1-30(C)",165,"SWKE0087"
"SWKB0861","Iliffe Street Gf/1A & 1F/1A, Lliffe Yard 1-12(C), 1A-12A(C) & 22B, Amelia Street 228-230(E); Iliffe Street 1-96(C); Pullens Buildings, Penton Place 25-56(C)",761,"SWKE0277"
"SWKB0862","Iliffe Yard 14-23(C), 14A-23A(C); Amelia Street 52-226(E) ; Crampton Street 186A",524,"SWKE0277"
"SWKB0863","Indus Court, Garnies Close 1-8(C)",56,"SWKE0254"
"SWKB0864","Innis House, East Street, 26A, 28A, 29A, 31A, 32A & 34A, 1-70(C)",449,"SWKE0011"
"SWKB0865","Inwood House, Pytchley Road 1-31(C)",208,"SWKE0120"
"SWKB0866","Irving House, Doddington Grove 264A & 272A, 220-276(C)",318,"SWKE0113"
"SWKB0867","Irwell Estate, Neptune Street 1-20(C)",112,"SWKE0190"
"SWKB0868","Irwell Estate, Neptune Street 21-44(C)",130,"SWKE0190"
"SWKB0869","Irwell Estate, Neptune Street 45-67(C); Neptune Street 82, 84",145,"SWKE0190"
"SWKB0870","Isel Way 2-6(E)",17,"SWKE0122"
"SWKB0871","Ivy Church Lane 1-17(C)",111,"SWKE0198"
"SWKB0872","Ivybridge House, Quorn Road 1-22(C)",147,"SWKE0120"
"SWKB0873","Jamaica Road 166-180(E), 166A-180A(E), 166B-180B(E), 180C & 180D",133,"SWKE0310"
"SWKB0874","James Stroud House, Walworth Place 1-24(C)",144,"SWKE0248"
"SWKB0875","Jarman House, Hawkstone Road 1-32(C)",227,"SWKE0177"
"SWKB0876","Jarvis House, Goldsmith Road 1-35(C)",232,"SWKE0259"
"SWKB0877","Jephson House, Doddington Grove 13-24(C)",78,"SWKE0113"
"SWKB0878","Jephson House, Doddington Grove 1A & 1-12(C)",84,"SWKE0113"
"SWKB0879","Jesson House, Orb Street 1-45(C)",274,"SWKE0290"
"SWKB0880","John Brent House, Bush Road 1-20(C)",120,"SWKE0166"
"SWKB0881","John Kennedy House, Rotherhithe Old Road 1-96(C)",546,"SWKE0177"
"SWKB0882","John Mckenna Walk 1-7(O); Tranton Road 14-20(E)",40,"SWKE0192"
"SWKB0883","John Ruskin Street 110-114(E); Andrews Walk 16-21(C)",57,"SWKE0041"
"SWKB0884","John Ruskin Street 116-124(E); Andrews Walk 22-31(C)",95,"SWKE0041"
"SWKB0885","Julian House, Lyall Avenue 1-40(C)",254,"SWKE0201"
"SWKB0886","Juniper House, Pomeroy Street 1-75(C)",468,"SWKE0191"
"SWKB0887","Jurston Court, Gerridge Street 1-35(C)",205,"SWKE0114"
"SWKB0888","Kean House, Doddington Grove 14-25(C)",78,"SWKE0113"
"SWKB0889","Kean House, Doddington Grove, 1-13(C)",85,"SWKE0113"
"SWKB0890","Keats House, Camberwell Road 1-32(C)",200,"SWKE0129"
"SWKB0891","Kellow House, Tennis Street 1-16(C)",80,"SWKE0193"
"SWKB0892","Kelly Avenue 13 / Flats 1-6(C)",31,"SWKE0347"
"SWKB0893","Kelly Avenue 15 / Flats 1-6(C)",31,"SWKE0347"
"SWKB0894","Kempis Way 1-11(O)",36,"SWKE0122"
"SWKB0895","Kempis Way 6-8(E)",10,"SWKE0122"
"SWKB0896","Kemsing House, Weston Street 1-15(C)",90,"SWKE0329"
"SWKB0897","Kennedy Walk 5-8(C)",20,"SWKE0194"
"SWKB0898","Kennington Park House, Kennington Park Place, 1-40(C); Clubroom",250,"SWKE0195"
"SWKB0899","Kennington Park Road 67A-67B(C), 69A-69D(C), 71, 73A-73D(C)",63,"SWKE0196"
"SWKB0900","Kennoldes, Croxted Road 12-13(C)",14,"SWKE0105"
"SWKB0901","Kennoldes, Croxted Road 1-3(C)",21,"SWKE0105"
"SWKB0902","Kennoldes, Croxted Road 14-16(C)",20,"SWKE0105"
"SWKB0903","Kennoldes, Croxted Road 17-19(C)",21,"SWKE0105"
"SWKB0904","Kennoldes, Croxted Road 20-23(C)",28,"SWKE0105"
"SWKB0905","Kennoldes, Croxted Road 28-32(C)",35,"SWKE0105"
"SWKB0906","Kennoldes, Croxted Road 33-35(C)",21,"SWKE0105"
"SWKB0907","Kennoldes, Croxted Road 36-38(C)",21,"SWKE0105"
"SWKB0908","Kennoldes, Croxted Road 39-41(C)",21,"SWKE0105"
"SWKB0909","Kennoldes, Croxted Road 42-44(C)",21,"SWKE0105"
"SWKB0910","Kennoldes, Croxted Road 4-6(C)",21,"SWKE0105"
"SWKB0911","Kennoldes, Croxted Road 46-48(C)",21,"SWKE0105"
"SWKB0912","Kennoldes, Croxted Road 49-53(C)",35,"SWKE0105"
"SWKB0913","Kennoldes, Croxted Road 54-55(C)",10,"SWKE0105"
"SWKB0914","Kennoldes, Croxted Road 7-11(C), 24-27(C)",45,"SWKE0105"
"SWKB0915","Kentmere House, Manor Grove 1-38(C)",178,"SWKE0340"
"SWKB0916","Kenyon House, New Church Road 1-12(C)",84,"SWKE0197"
"SWKB0917","Keston House, Kinglake Street 1-10(C)",62,"SWKE0198"
"SWKB0918","Keston House, Kinglake Street 11-20(C)",62,"SWKE0198"
"SWKB0919","Keston House, Kinglake Street 21-30(C)",62,"SWKE0198"
"SWKB0920","Keston House, Kinglake Street 31-40(C)",62,"SWKE0198"
"SWKB0921","Keston House, Kinglake Street 41-50(C)",61,"SWKE0198"
"SWKB0922","Keswick House, Crawford Road 1-36(C)",215,"SWKE0100"
"SWKB0923","Kevan House, Wyndham Road 1-82(C)",477,"SWKE0084"
"SWKB0924","Kimpton Court, Kimpton Road 1-6(C)",35,"SWKE0111"
"SWKB0925","Kimpton Road 1-35(O)",102,"SWKE0111"
"SWKB0926","King Arthur Close 12-17(C)",30,"SWKE0274"
"SWKB0927","King Arthur Close 18-23(C)",30,"SWKE0274"
"SWKB0928","King Arthur Close 24-29(C)",30,"SWKE0274"
"SWKB0929","King Arthur Close 30-35(C)",30,"SWKE0274"
"SWKB0930","King Arthur Close 36-41(C)",30,"SWKE0274"
"SWKB0931","King Arthur Close 6(C)",7,"SWKE0274"
"SWKB0932","Kingfisher House, Grummant Road 1-18(C)",108,"SWKE0268"
"SWKB0933","Kinglake Street 1-31(O)",80,"SWKE0198"
"SWKB0934","Kinglake Street 33-43(O)",42,"SWKE0198"
"SWKB0935","Kings Grove 56-60(E) & 60A",22,"SWKE0199"
"SWKB0936","Kingsdown Close 1-17(C)",97,"SWKE0033"
"SWKB0937","Kinsey House, Bowen Drive, 1-28(C) & Kingswood Sub Office",199,"SWKE0201"
"SWKB0938","Kipling House, Camberwell Road 1-21(C); Camberwell Road 201-227(O)",203,"SWKE0129"
"SWKB0939","Kirby Estate, Southwark Park Road 71-119(C)",288,"SWKE0202"
"SWKB0940","Kirby Estate,Southwark Park Road 1-70(C); Jamaica Road 212-224(E)",460,"SWKE0202"
"SWKB0941","Kirkwood Road 116A-116D(C)",21,"SWKE0203"
"SWKB0942","Kirwyn Way 9-38(C)",196,"SWKE0041"
"SWKB0943","Knight House, Huntsman Street 1-25(C)",159,"SWKE0011"
"SWKB0944","Laburnum Close 1-24(C)",120,"SWKE0045"
"SWKB0945","Laburnum Close 25-51(C)",149,"SWKE0045"
"SWKB0946","Lackland House, Rowcross Street 1-14(C)",84,"SWKE0017"
"SWKB0947","Lady Margaret House, Queens Row 1-9(C)",36,"SWKE0128"
"SWKB0948","Laing House, Comber Grove 1-35(C)",210,"SWKE0084"
"SWKB0949","Laird House, Redcar Street 1-82(C)",477,"SWKE0084"
"SWKB0950","Lake House, Scovell Road 1-20(C)",120,"SWKE0204"
"SWKB0951","Lamb House, Camberwell Road 1-40(C)",249,"SWKE0129"
"SWKB0952","Lambrook House, Consort Road 1-39(C); Peckham High Street 176-192(E)",277,"SWKE0082"
"SWKB0953","Lanark House, Old Kent Road 8A & 19A 1-28(C)",185,"SWKE0232"
"SWKB0954","Lancefield House, Nunhead Lane 1-25(C)",157,"SWKE0255"
"SWKB0955","Landmann House, Galleywall Road 1-52(C)",299,"SWKE0286"
"SWKB0956","Landor House, Camberwell Road, 1-43(C); Landor House Tra",276,"SWKE0129"
"SWKB0957","Langdale Close 20-28(C)",45,"SWKE0269"
"SWKB0958","Langdale Close 29-34(C)",36,"SWKE0269"
"SWKB0959","Langdale Close 47-70(C)",120,"SWKE0269"
"SWKB0960","Langland House, Edmund Street 1-14(C)",98,"SWKE0129"
"SWKB0961","Lansdown House, Denmark Road 1-32(C)",176,"SWKE0100"
"SWKB0962","Lant House, Lant Street 1-49(C) & 39A",318,"SWKE0206"
"SWKB0963","Larch House, Swan Road 1-45(C)",255,"SWKE0006"
"SWKB0964","Latimer, Beaconsfield Road 114-141(C)",240,"SWKE0021"
"SWKB0965","Latimer, Beaconsfield Road 62-85(C)",205,"SWKE0021"
"SWKB0966","Latimer, Beaconsfield Road 86-113(C)",196,"SWKE0021"
"SWKB0967","Latimer, Beaconsfield Road, 1-61(C) ; Tenants Hall",439,"SWKE0021"
"SWKB0968","Latona Road 18A & 2-18(E)",75,"SWKE0343"
"SWKB0969","Latona Road 22-92(E)",246,"SWKE0343"
"SWKB0970","Laurie House, Gaywood Street 1-17(C)",98,"SWKE0207"
"SWKB0971","Laxley Close 9-50(C)",269,"SWKE0041"
"SWKB0972","Laxley Close, 51-56(C) ;John Ruskin School Brandon Nursery",28,"SWKE0041"
"SWKB0973","Layard Square 1-156(C); Drummond Road 151(C)",944,"SWKE0252"
"SWKB0974","Leconfield House, Champion Hill 1-34(C)",235,"SWKE0063"
"SWKB0975","Ledbury House, Pytchley Road 1-55(C)",295,"SWKE0120"
"SWKB0976","Lefroy House, Collinson Street 1-11(C), 12, 13-20(C)",120,"SWKE0209"
"SWKB0977","Lenham House, Staple Street 1-20(C)",114,"SWKE0329"
"SWKB0978","Leontine Close 1-99(C)",610,"SWKE0030"
"SWKB0979","Lewes House, Druid Street 1-32(C)",200,"SWKE0211"
"SWKB0980","Lewes House, Green Hundred Road 1-40(C)",239,"SWKE0145"
"SWKB0981","Ley House, Scovell Road 1-10(C)",60,"SWKE0204"
"SWKB0982","Leysdown House, Madron Street 1-49(C)",329,"SWKE0198"
"SWKB0983","Lichfield House, Denmark Road 1-12(C)",78,"SWKE0100"
"SWKB0984","Lidgate Road 1/ Flats 1-8(C)",42,"SWKE0212"
"SWKB0985","Limes Walk 12-42(C)",198,"SWKE0213"
"SWKB0986","Linden Grove 40A-40F(C)",36,"SWKE0214"
"SWKB0987","Lindley House, Peckham Park Road 17-24(C)",51,"SWKE0217"
"SWKB0988","Lindley House, Peckham Park Road 1-8(C)",52,"SWKE0217"
"SWKB0989","Lindley House, Peckham Park Road 25-32(C)",49,"SWKE0217"
"SWKB0990","Lindley House, Peckham Park Road 9-16(C)",51,"SWKE0217"
"SWKB0991","Lingfield House, Lancaster Street 1-33(C)",213,"SWKE0205"
"SWKB0992","Littlebourne House, Upnor Way 1-9(C)",45,"SWKE0198"
"SWKB0993","Livingstone House, Wyndham Road 1-45(C); Wyndham Road 32-40(E)",261,"SWKE0084"
"SWKB0994","Lockwood Square 1-188(C)",1079,"SWKE0252"
"SWKB0995","Long Lane 100 / Flats 1-10(C)",60,"SWKE0329"
"SWKB0996","Long Lane 102 / Flats 1-10(C)",60,"SWKE0329"
"SWKB0997","Longleigh House, Peckham Road 1-55(C)",357,"SWKE0156"
"SWKB0998","Longridge House, Falmouth Road 1-35(C)",226,"SWKE0288"
"SWKB0999","Longridge House, Falmouth Road 36-86(C)",329,"SWKE0288"
"SWKB1000","Lordship Lane 524 / Flats 1-16(C)",78,"SWKE0219"
"SWKB1001","Lorrimore Road 123-181(O)",216,"SWKE0041"
"SWKB1002","Lorrimore Square 1-18(C), 3A-3D(C), 7A-7D(C), 9A-9B(C), 12A-12D(C), 16A-16D(C)",234,"SWKE0041"
"SWKB1003","Lorrimore Square 19-64(C)",330,"SWKE0041"
"SWKB1004","Lowell House, Bethwin Road 1-20(C)",140,"SWKE0352"
"SWKB1005","Lowth Road 2-24(E)",78,"SWKE0100"
"SWKB1006","Lowth Road 26-48(E)",84,"SWKE0100"
"SWKB1007","Lowth Road 50-72(E)",83,"SWKE0100"
"SWKB1008","Lowth Road 74-96(E)",77,"SWKE0100"
"SWKB1009","Lucey Way 101, 103, 117 & 119",24,"SWKE0291"
"SWKB1010","Lucey Way 113, 115, 125 & 127",24,"SWKE0291"
"SWKB1011","Lucey Way 133, 135, 147 & 149",24,"SWKE0291"
"SWKB1012","Lucey Way 1-35(O)",88,"SWKE0291"
"SWKB1013","Lucey Way 137, 139, 153 & 155",24,"SWKE0291"
"SWKB1014","Lucey Way 157, 159, 173 & 175",24,"SWKE0291"
"SWKB1015","Lucey Way 163, 165, 177 & 179",24,"SWKE0291"
"SWKB1016","Lucey Way 169, 171, 181 & 183",24,"SWKE0291"
"SWKB1017","Lucey Way 185-215(O)",96,"SWKE0291"
"SWKB1018","Lucey Way 2-252(E)",898,"SWKE0291"
"SWKB1019","Lucey Way 37-71(O)",85,"SWKE0291"
"SWKB1020","Lucey Way 73, 75, 85 & 87",24,"SWKE0291"
"SWKB1021","Lucey Way 77, 79, 91 & 93",24,"SWKE0291"
"SWKB1022","Lucey Way 81, 83, 97 & 99",24,"SWKE0291"
"SWKB1023","Lucy Ashe House, Winchester Close 1-20(C)",100,"SWKE0253"
"SWKB1024","Lugard Road 30-52(E)",76,"SWKE0221"
"SWKB1025","Lugard Road 45-55(O)",36,"SWKE0222"
"SWKB1026","Lulworth, Portland Street 1-54(C)",298,"SWKE0275"
"SWKB1027","Lupin Point, Abbey Street 1-83(C)",473,"SWKE0342"
"SWKB1028","Lyall Avenue 1-15(O)",40,"SWKE0201"
"SWKB1029","Lympstone Gardens 13-32(C)",123,"SWKE0217"
"SWKB1030","Lympstone Gardens 33-48(C)",115,"SWKE0217"
"SWKB1031","Lympstone Gardens 49-84(C)",260,"SWKE0217"
"SWKB1032","Lynn House, Green Hundred Road 1-30(C)",195,"SWKE0145"
"SWKB1033","Lynton Estate, Lynton Road 1-21(C)",126,"SWKE0223"
"SWKB1034","Lynton Estate, Lynton Road 30-37(C)",54,"SWKE0223"
"SWKB1035","Lytcott Grove 1-15(O)",52,"SWKE0224"
"SWKB1036","Lytcott Grove 14-24(E)",38,"SWKE0224"
"SWKB1037","Lytcott Grove 17-31(O)",52,"SWKE0224"
"SWKB1038","Lytcott Grove 2-12(E)",39,"SWKE0224"
"SWKB1039","Maddock Way 1-15(O)",40,"SWKE0041"
"SWKB1040","Maddock Way 2-34(E)",96,"SWKE0041"
"SWKB1041","Magdalene Close 1-12(C)",72,"SWKE0225"
"SWKB1042","Magdalene Close 13-30(C)",108,"SWKE0225"
"SWKB1043","Magdalene Close 31-36(C)",36,"SWKE0225"
"SWKB1044","Magdalene Close 37-48(C)",72,"SWKE0225"
"SWKB1045","Mahogany Close 7-16(C)",50,"SWKE0116"
"SWKB1046","Mallard House, Grummant Road 1-16(C)",112,"SWKE0268"
"SWKB1047","Manaton Close 17-51(O)",90,"SWKE0088"
"SWKB1048","Manaton Close 2-116(E)",311,"SWKE0088"
"SWKB1049","Manaton Close 67-89(O)",72,"SWKE0088"
"SWKB1050","Manchester House, East Street 1-25(C)",154,"SWKE0226"
"SWKB1051","Mandeville House, Rolls Road 1-40(C)",266,"SWKE0017"
"SWKB1052","Manitoba Court, Renforth Street 1-18(C)",129,"SWKE0056"
"SWKB1053","Manor Place 145-159(O)",47,"SWKE0263"
"SWKB1054","Marchwood Close 1-62(C)",374,"SWKE0307"
"SWKB1055","Marchwood Close 63-78(C)",116,"SWKE0307"
"SWKB1056","Marchwood Close 79-88(C)",41,"SWKE0307"
"SWKB1057","Marden Square 1-185(C)",1039,"SWKE0252"
"SWKB1058","Mardyke House, Crosslet Street, 1-50(C), Tra Hall",290,"SWKE0228"
"SWKB1059","Maria Close 1-3(C); Southwark Park Road 210-214(E)",33,"SWKE0020"
"SWKB1060","Marie Curie, Sceaux Gardens 1-98(C) & Marie Curie Tra",592,"SWKE0297"
"SWKB1061","Marigold Street 2; Pottery Street 7-8(C); Wilson Grove 14(C)",24,"SWKE0229"
"SWKB1062","Marinel House, Comber Grove 1-24(C)",138,"SWKE0084"
"SWKB1063","Markham House, Bowen Drive 1-30(C)",194,"SWKE0201"
"SWKB1064","Marlborough Close 1-77(O), 2-78(E)",407,"SWKE0253"
"SWKB1065","Marlow House, Abbey Street 1-16(C)",96,"SWKE0316"
"SWKB1066","Marnock House, Brandon Street 1-25(C)",129,"SWKE0048"
"SWKB1067","Marshall House, East Street 1-30(C)",175,"SWKE0200"
"SWKB1068","Martin House, Falmouth Road 1-29(C)",183,"SWKE0288"
"SWKB1069","Martin House, Falmouth Road 30-54(C)",152,"SWKE0288"
"SWKB1070","Martock Court, Consort Road 1-40(C)",276,"SWKE0082"
"SWKB1071","Marvell House, Camberwell Road 1-45(C)",285,"SWKE0129"
"SWKB1072","Mary Datchelor Close 104-124(C)",147,"SWKE0111"
"SWKB1073","Mary Datchelor Close 1-37(C)",185,"SWKE0111"
"SWKB1074","Mary Datchelor Close 39-58(C)",142,"SWKE0111"
"SWKB1075","Mary Datchelor Close 59-91(C)",193,"SWKE0111"
"SWKB1076","Mary Datchelor Close 92-103(C)",76,"SWKE0111"
"SWKB1077","Mason House, Simms Road 1-20(C)",121,"SWKE0231"
"SWKB1078","Masterman House, Lomond Grove 1-67(C)",402,"SWKE0129"
"SWKB1079","Matlock Court, Denmark Hill 10 -17(C)",55,"SWKE0109"
"SWKB1080","Matlock Court, Denmark Hill 18 -25(C)",59,"SWKE0109"
"SWKB1081","Matlock Court, Denmark Hill 1-9(C)",60,"SWKE0109"
"SWKB1082","Matson House, Slippers Place 1-48(C)",288,"SWKE0303"
"SWKB1083","Mawbey House, Old Kent Road 9A & 20A, 1-73(C)",464,"SWKE0232"
"SWKB1084","Mawdley House, Webber Row 1-20(C); Waterloo Road 215-233(O)",156,"SWKE0345"
"SWKB1085","Maxden Court, Maxted Road 1-21(C)",100,"SWKE0233"
"SWKB1086","Maxwell Court, Dulwich Common 1-34(C)",228,"SWKE0220"
"SWKB1087","Mayhew Court, Denmark Hill 1-12(C)",68,"SWKE0109"
"SWKB1088","Mayhew Court, Denmark Hill 13 - 24(C)",87,"SWKE0109"
"SWKB1089","Mayhew Court, Denmark Hill 25- 36(C)",70,"SWKE0109"
"SWKB1090","Maylie House, Wilson Grove 1-6(C)",24,"SWKE0112"
"SWKB1091","Mayward House, Peckham Road 1-23(C), 26-38(C) ; 24-25(C)",253,"SWKE0156"
"SWKB1092","Mcintosh House, Millender Walk 1-24(C)",152,"SWKE0301"
"SWKB1093","Mcleod Court, Dulwich Common 1-14(C)",89,"SWKE0220"
"SWKB1094","Mcneil Road 10-25(C)",83,"SWKE0210"
"SWKB1095","Mcneil Road 26-61(C)",188,"SWKE0210"
"SWKB1096","Mcneil Road 62-85(C)",124,"SWKE0210"
"SWKB1097","Medina House, Rye Hill Park 1-30(C)",180,"SWKE0294"
"SWKB1098","Medway House, Hankey Place 1-8(C)",45,"SWKE0329"
"SWKB1099","Medway House, Hankey Place 9-27(C)",106,"SWKE0329"
"SWKB1100","Meeting House Lane 147-157(O)",33,"SWKE0002"
"SWKB1101","Meeting House Lane 53-89(O)",132,"SWKE0002"
"SWKB1102","Meeting House Lane 91-129(O)",103,"SWKE0002"
"SWKB1103","Melbourne Grove 104A-104F(C)",28,"SWKE0224"
"SWKB1104","Melbourne Grove 106-120(E)",52,"SWKE0224"
"SWKB1105","Melbourne Grove 122-136(E)",52,"SWKE0224"
"SWKB1106","Melbreak House, Pytchley Road 1-51(C)",280,"SWKE0120"
"SWKB1107","Melford Court, Melford Road 1-8(C)",51,"SWKE0234"
"SWKB1108","Melford Court, Melford Road 27-34(C)",51,"SWKE0234"
"SWKB1109","Melford Court, Melford Road 35-42(C)",51,"SWKE0234"
"SWKB1110","Melford Court, Melford Road 43-50(C)",50,"SWKE0234"
"SWKB1111","Melford Court, Melford Road 9-26(C)",111,"SWKE0234"
"SWKB1112","Mellor House, Bowen Drive 1-24(C)",136,"SWKE0201"
"SWKB1113","Merrow House, Rushworth Street 1-12(C)",66,"SWKE0292"
"SWKB1114","Micawber House, Llewellyn Street 1-20(C)",120,"SWKE0112"
"SWKB1115","Michael Faraday House 96-105(C)",58,"SWKE0235"
"SWKB1116","Michael Faraday House, Beaconsfield Road 1-36(C), 36A",214,"SWKE0235"
"SWKB1117","Michael Faraday House, Beaconsfield Road 37-56(C), 56A",132,"SWKE0235"
"SWKB1118","Michael Faraday House, Beaconsfield Road 57-76(C), 76A",132,"SWKE0235"
"SWKB1119","Michaelson House, Bowen Drive 1-24(C)",136,"SWKE0201"
"SWKB1120","Millbrook House, Peckham Park Road 1-30(C)",199,"SWKE0145"
"SWKB1121","Millender Walk 1-78(C)",534,"SWKE0301"
"SWKB1122","Millpond Estate, West Lane 1-22(C)",132,"SWKE0236"
"SWKB1123","Millpond Estate, West Lane 23-30(C)",58,"SWKE0236"
"SWKB1124","Millpond Estate, West Lane 31-38(C)",58,"SWKE0236"
"SWKB1125","Millpond Estate, West Lane 39-54(C)",104,"SWKE0236"
"SWKB1126","Millpond Estate, West Lane 55-65(C)",70,"SWKE0236"
"SWKB1127","Millpond Estate, West Lane 66-76(C)",70,"SWKE0236"
"SWKB1128","Milton House, Camberwell Road 1-31(C)",191,"SWKE0129"
"SWKB1129","Minnow Walk 1-4(C)",20,"SWKE0237"
"SWKB1130","Minnow Walk 5-10(C)",30,"SWKE0237"
"SWKB1131","Missenden, Inville Road 166-255(C)",522,"SWKE0021"
"SWKB1132","Missenden, Inville Road 44-75(C)",235,"SWKE0021"
"SWKB1133","Missenden, Inville Road 76-165(C)",522,"SWKE0021"
"SWKB1134","Missenden, Inville Road, 256-299(C); Amersham Community Centre",317,"SWKE0021"
"SWKB1135","Missenden, Roland Way, 1-43(C)",307,"SWKE0021"
"SWKB1136","Mistral, Sceaux Gardens 1-72(C)",360,"SWKE0297"
"SWKB1137","Mitcham House, Crawford Road 1-20(C)",135,"SWKE0100"
"SWKB1138","Moffat House, Comber Grove 1-34(C)",198,"SWKE0084"
"SWKB1139","Molesworth House, Royal Road 1-58(C)",353,"SWKE0041"
"SWKB1140","Monclar Road 9-20(C)",56,"SWKE0079"
"SWKB1141","Montague Square 20-40(C)",111,"SWKE0274"
"SWKB1142","Montague Square 41-46(C)",30,"SWKE0274"
"SWKB1143","Montague Square 47-52(C)",30,"SWKE0274"
"SWKB1144","Montague Square 53-58(C)",30,"SWKE0274"
"SWKB1145","Montague Square 59-64(C)",30,"SWKE0274"
"SWKB1146","Montague Square 65-73(C)",51,"SWKE0274"
"SWKB1147","Montague Square 74-81(C)",56,"SWKE0274"
"SWKB1148","Monteagle Way 17-28(C)",76,"SWKE0239"
"SWKB1149","Monteagle Way 29-34(C)",30,"SWKE0239"
"SWKB1150","Monteagle Way 5-16(C)",72,"SWKE0239"
"SWKB1151","Montpelier Road Flats 76-78(E) / 1-7(C)",38,"SWKE0240"
"SWKB1152","Moody Road 31/ Flats 1-12(C)",64,"SWKE0241"
"SWKB1153","Moreton House, Slippers Place 1-54(C)",348,"SWKE0303"
"SWKB1154","Morris Court, Dylways 17-24(C)",51,"SWKE0109"
"SWKB1155","Morris Court, Dylways 1-8(C)",59,"SWKE0109"
"SWKB1156","Morris Court, Dylways 25 - 33(C)",61,"SWKE0109"
"SWKB1157","Morris Court, Dylways 9 -16(C)",50,"SWKE0109"
"SWKB1158","Morriss House, Cherry Garden Street 1-32(C)",208,"SWKE0050"
"SWKB1159","Mortain House, Roseberry Street 1-16(C)",92,"SWKE0227"
"SWKB1160","Mortlock Close 1-12(C) ; Sunwell Close 23-30(C)",116,"SWKE0092"
"SWKB1161","Mortlock Close 14-19(C)",36,"SWKE0092"
"SWKB1162","Mortlock Close 20-21(C), 46-47(C)",20,"SWKE0092"
"SWKB1163","Mortlock Close 23-31(C), 41-44(C) ,45",86,"SWKE0092"
"SWKB1164","Mortlock Close 32-40(C)",51,"SWKE0092"
"SWKB1165","Morton House, Otto Street 1-39(C)",247,"SWKE0041"
"SWKB1166","Mossington Gardens 1, Raymouth Road 61-69(O)",30,"SWKE0267"
"SWKB1167","Moules Court, Wyndham Road 21-30(C)",44,"SWKE0084"
"SWKB1168","Muirfield Close 1-17(C)",103,"SWKE0033"
"SWKB1169","Mundania Road 11-19(O), 11A-17A(O), 11B-15B(O)",77,"SWKE0242"
"SWKB1170","Mundania Road 27-31(O), 27A-31A(O), 29B & 29C",52,"SWKE0243"
"SWKB1171","Mundania Road 7B & 7C 5-9(O), 5A-9A(O)",52,"SWKE0242"
"SWKB1172","Murphy House, Borough Road 1-24(C)",131,"SWKE0035"
"SWKB1173","Myers House, Bethwin Road 1-16(C)",96,"SWKE0352"
"SWKB1174","Nairne Grove 14-16(E)",14,"SWKE0323"
"SWKB1175","Nairne Grove 1-7(O)",28,"SWKE0323"
"SWKB1176","Nairne Grove 25-31(O)",28,"SWKE0323"
"SWKB1177","Nairne Grove 2-8(E)",28,"SWKE0323"
"SWKB1178","Nairne Grove 9-15(O)",28,"SWKE0323"
"SWKB1179","Napier House, Cooks Road 1-36(C)",176,"SWKE0041"
"SWKB1180","Naylor House, Flint Street 13-18(C)",36,"SWKE0244"
"SWKB1181","Naylor House, Flint Street 1-6(C)",36,"SWKE0244"
"SWKB1182","Naylor House, Flint Street 19-24(C)",42,"SWKE0244"
"SWKB1183","Naylor House, Flint Street 7-12(C)",36,"SWKE0244"
"SWKB1184","Naylor Road 2-32(E)",113,"SWKE0208"
"SWKB1185","Naylor Road 60-70(E), 62A-68A(E)",60,"SWKE0245"
"SWKB1186","Naylor Road 73-83(O)",36,"SWKE0185"
"SWKB1187","Naylor Road 85-91(O)",36,"SWKE0185"
"SWKB1188","Naylor Road 86-92(E), 86A-88A(E)",42,"SWKE0246"
"SWKB1189","Neckinger Estate, Neckinger 1-11(C)",69,"SWKE0247"
"SWKB1190","Neckinger Estate, Neckinger 121-147(C)",158,"SWKE0247"
"SWKB1191","Neckinger Estate, Neckinger 12-39(C)",162,"SWKE0247"
"SWKB1192","Neckinger Estate, Neckinger 148-162(C)",98,"SWKE0247"
"SWKB1193","Neckinger Estate, Neckinger 163-173(C)",67,"SWKE0247"
"SWKB1194","Neckinger Estate, Neckinger 174-187(C)",82,"SWKE0247"
"SWKB1195","Neckinger Estate, Neckinger 188-196(C) & 188A & 4 Neckinger",65,"SWKE0247"
"SWKB1196","Neckinger Estate, Neckinger 197-207(C)",61,"SWKE0247"
"SWKB1197","Neckinger Estate, Neckinger 208-218(C)",67,"SWKE0247"
"SWKB1198","Neckinger Estate, Neckinger 219-232(C)",77,"SWKE0247"
"SWKB1199","Neckinger Estate, Neckinger 233-246(C)",77,"SWKE0247"
"SWKB1200","Neckinger Estate, Neckinger 247-256(C)",63,"SWKE0247"
"SWKB1201","Neckinger Estate, Neckinger 257-264(C)",48,"SWKE0247"
"SWKB1202","Neckinger Estate, Neckinger 265-273(C)",55,"SWKE0247"
"SWKB1203","Neckinger Estate, Neckinger 274-285(C)",64,"SWKE0247"
"SWKB1204","Neckinger Estate, Neckinger 286-296(C)",63,"SWKE0247"
"SWKB1205","Neckinger Estate, Neckinger 297-304(C)",48,"SWKE0247"
"SWKB1206","Neckinger Estate, Neckinger 305-315(C)",63,"SWKE0247"
"SWKB1207","Neckinger Estate, Neckinger 316-326(C)",64,"SWKE0247"
"SWKB1208","Neckinger Estate, Neckinger 327-338(C)",71,"SWKE0247"
"SWKB1209","Neckinger Estate, Neckinger 339-347(C)",44,"SWKE0247"
"SWKB1210","Neckinger Estate, Neckinger 348-359(C)",82,"SWKE0247"
"SWKB1211","Neckinger Estate, Neckinger 40-59(C)",127,"SWKE0247"
"SWKB1212","Neckinger Estate, Neckinger 60-77(C)",77,"SWKE0247"
"SWKB1213","Neckinger Estate, Neckinger 84-95(C)",77,"SWKE0247"
"SWKB1214","Neckinger Estate, Neckinger 96-120(C)",148,"SWKE0247"
"SWKB1215","Neptune Street 5-43(O)",112,"SWKE0022"
"SWKB1216","Netley, Dalwood Street 1-27(C)",173,"SWKE0307"
"SWKB1217","Neville Close 22-103(C)",500,"SWKE0030"
"SWKB1218","New Church Road 40-48(E) & 48A",36,"SWKE0250"
"SWKB1219","New James Court, Nunhead Lane 1-16(C)",96,"SWKE0251"
"SWKB1220","Newall House, Harper Road 1-24(C)",168,"SWKE0288"
"SWKB1221","Newbolt House, Brandon Street 1-26(C)",159,"SWKE0048"
"SWKB1222","Newington Butts 107-117(O)",30,"SWKE0119"
"SWKB1223","Newington Butts 119-129(O)",42,"SWKE0119"
"SWKB1224","Newman House, St Georges Road 1-62(C)",421,"SWKE0152"
"SWKB1225","Niagara Court, Renforth Street 1-18(C)",129,"SWKE0056"
"SWKB1226","Nicholson House, Brandon Street 22A & 1-44(C)",275,"SWKE0048"
"SWKB1227","Nickleby House, George Row 1-25(C)",138,"SWKE0112"
"SWKB1228","Nimegen Way 1-15(O)",49,"SWKE0122"
"SWKB1229","Norman House, Purbrook Street 1-10(C) ; Purbrook Street 1; Riley Road 19-23(O)",82,"SWKE0316"
"SWKB1230","North Crofts, Sydenham Hill 1-16(C)",84,"SWKE0328"
"SWKB1231","North Crofts, Sydenham Hill 17-32(C)",84,"SWKE0328"
"SWKB1232","North Crofts, Sydenham Hill 33-48(C)",84,"SWKE0328"
"SWKB1233","North Crofts, Sydenham Hill 52-54(C)",21,"SWKE0328"
"SWKB1234","North Crofts, Sydenham Hill 55-57(C)",21,"SWKE0328"
"SWKB1235","North Crofts, Sydenham Hill 58-60(C)",21,"SWKE0328"
"SWKB1236","North Crofts, Sydenham Hill 61-63(C)",21,"SWKE0328"
"SWKB1237","North Crofts, Sydenham Hill 64-66(C)",21,"SWKE0328"
"SWKB1238","North Crofts, Sydenham Hill 67-69(C)",21,"SWKE0328"
"SWKB1239","Northchurch 1-20(C),1-2(C), Shops",137,"SWKE0021"
"SWKB1240","Northfield House, Peckham Park Road 100A & 1-103(C)",625,"SWKE0145"
"SWKB1241","Northfleet House, Newcomen Street 1-30(C)",180,"SWKE0329"
"SWKB1242","Northfleet House, Newcomen Street 31-60(C)",180,"SWKE0329"
"SWKB1243","Nottingham House, Lowth Road 1-12(C)",72,"SWKE0100"
"SWKB1244","Nunhead Green 14-16(E)",18,"SWKE0256"
"SWKB1245","Nunhead Grove 109-139(O)",114,"SWKE0331"
"SWKB1246","Nunhead Grove 53-75(O)",60,"SWKE0331"
"SWKB1247","Nunhead Grove 77-107(O)",114,"SWKE0331"
"SWKB1248","Oak Court, Sumner Road 1-10(C)",60,"SWKE0254"
"SWKB1249","Oak Court, Sumner Road 11-35(C)",150,"SWKE0254"
"SWKB1250","Oakhill Court, Honor Oak Park 1-12(C), 14-25(C)",153,"SWKE0258"
"SWKB1251","Offham House, Beckway Street 1-40(C)",224,"SWKE0087"
"SWKB1252","Oldfield Grove 1-20(C)",136,"SWKE0302"
"SWKB1253","Oldham House, Bowen Drive 1-25(C)",149,"SWKE0201"
"SWKB1254","Oliver House, George Row 1-28(C)",155,"SWKE0112"
"SWKB1255","Olney Road 144",7,"SWKE0041"
"SWKB1256","Olney Road 145-183(O)",115,"SWKE0041"
"SWKB1257","Olney Road 162-202(E)",141,"SWKE0041"
"SWKB1258","Olney Road 185-223(O)",115,"SWKE0041"
"SWKB1259","Olney Road 204-262(E)",213,"SWKE0041"
"SWKB1260","Olney Road 225-263(O)",115,"SWKE0041"
"SWKB1261","Olney Road 265-303(O)",116,"SWKE0041"
"SWKB1262","Ondine Road 46A & 48A, 42-52(E)",53,"SWKE0260"
"SWKB1263","Osprey House, Talfourd Road 1-12(C)",84,"SWKE0268"
"SWKB1264","Otford House, Staple Street 8A & 21A, 1-63(C),",368,"SWKE0329"
"SWKB1265","Otterburn House, Sultan Street 1-81(C)",467,"SWKE0352"
"SWKB1266","Overy House, Webber Row 1-15(C)",82,"SWKE0345"
"SWKB1267","Overy House, Webber Row 16-25(C)",65,"SWKE0345"
"SWKB1268","Owgan Close 1-46(C)",231,"SWKE0129"
"SWKB1269","Padbury, Bagshot Street 1-25(C)",160,"SWKE0021"
"SWKB1270","Palgrave House, Bethwin Road 1-45(C)",274,"SWKE0352"
"SWKB1271","Pallant House, Tabard Street 1-57(C)",302,"SWKE0329"
"SWKB1272","Palm Court, Garnies Close 1-8(C)",53,"SWKE0254"
"SWKB1273","Palm Court, Garnies Close 9-33(C)",151,"SWKE0254"
"SWKB1274","Pardoner House, Pardoner Street 1-12(C)",50,"SWKE0329"
"SWKB1275","Parfew Court, Sydenham Hill 1-6(C)",36,"SWKE0328"
"SWKB1276","Park Street 31-41(O)",30,"SWKE0262"
"SWKB1277","Park Street 61-71(O)",30,"SWKE0262"
"SWKB1278","Park Street 89-99(O)",30,"SWKE0262"
"SWKB1279","Parnall House, Bowen Drive 1-15(C)",95,"SWKE0201"
"SWKB1280","Pascall House, Draco Street 1-20(C)",115,"SWKE0269"
"SWKB1281","Pasley Close16-26(E), 32-40(E)",64,"SWKE0263"
"SWKB1282","Pattison House, Redcross Way 1-10(C)",57,"SWKE0230"
"SWKB1283","Pattison House, Redcross Way 11-20(C)",62,"SWKE0230"
"SWKB1284","Pattison House, Redcross Way 21-30(C)",77,"SWKE0230"
"SWKB1285","Pattison House, Redcross Way 31-40(C)",62,"SWKE0230"
"SWKB1286","Pattison House, Redcross Way 41-50(C)",57,"SWKE0230"
"SWKB1287","Paxton House, Morecambe Street 1-25(C)",134,"SWKE0048"
"SWKB1288","Peacock Yard 1-6(C), 1A-6A(C); Peacock Street 1-48(C)",289,"SWKE0277"
"SWKB1289","Peacock Yard 7-14(C), 7A-14A(C); Crampton Street 58-182(E); Ta Hall Pullens Estate",384,"SWKE0277"
"SWKB1290","Peckham Road 87 / Flats 1-11(C)",59,"SWKE0264"
"SWKB1291","Peckham Rye 145-153(O)",93,"SWKE0266"
"SWKB1292","Peckham Rye Flats 1-12(C) / 25-27(O)",60,"SWKE0265"
"SWKB1293","Pedworth Gardens 14-22(E); Mossington Gardens 2-11(C), 97-105(O), Raymouth Road 97-105(O)",50,"SWKE0267"
"SWKB1294","Pedworth Gardens 24-38(E)",40,"SWKE0267"
"SWKB1295","Pedworth Gardens 25-33(O); Rotherhithe New Road 198",30,"SWKE0267"
"SWKB1296","Pelier Street 1-19(O)",60,"SWKE0269"
"SWKB1297","Pembury House, Mcneil Road 1-16(C)",120,"SWKE0210"
"SWKB1298","Pencraig Way 1-28(C)",198,"SWKE0208"
"SWKB1299","Pennack Road 2-46(E); Willowbrook Road 1-3(O)",136,"SWKE0270"
"SWKB1300","Pennack Road 37-75(O)",110,"SWKE0270"
"SWKB1301","Pennack Road 77-133(O)",146,"SWKE0270"
"SWKB1302","Pennack Road, 1-35(O) & Tra Hall",105,"SWKE0270"
"SWKB1303","Penrose House, Penrose Street 1-12(C)",72,"SWKE0271"
"SWKB1304","Penrose House, Penrose Street 13-24(C)",54,"SWKE0271"
"SWKB1305","Penrose House, Penrose Street 25-36(C)",54,"SWKE0271"
"SWKB1306","Penrose House, Penrose Street 37-84(C)",336,"SWKE0271"
"SWKB1307","Penrose House, Penrose Street 85-132(C)",336,"SWKE0271"
"SWKB1308","Penrose House, Sutherland Square 139-150(C)",72,"SWKE0271"
"SWKB1309","Penrose Street 106-116(E)",42,"SWKE0041"
"SWKB1310","Penrose Street 118-128(E)",42,"SWKE0041"
"SWKB1311","Penrose Street 130-138(E)",35,"SWKE0041"
"SWKB1312","Penrose Street 140-190(E)",137,"SWKE0041"
"SWKB1313","Penrose Street 94-104(E)",42,"SWKE0041"
"SWKB1314","Penton Place 14A-14E(C)",24,"SWKE0008"
"SWKB1315","Penton Place 32A-32E(C)",24,"SWKE0008"
"SWKB1316","Penton Place 52A-52E(C)",24,"SWKE0008"
"SWKB1317","Pentridge Street 1-67(C)",430,"SWKE0254"
"SWKB1318","Perronet House, Princess Street 1-90(C); Tenants Clubroom 44(C)",536,"SWKE0152"
"SWKB1319","Perth Court, Basingdon Way 1-9(C)",52,"SWKE0109"
"SWKB1320","Perth Court, Basingdon Way 22-33(C)",86,"SWKE0109"
"SWKB1321","Perth Court, Basingdon Way 34-45(C)",86,"SWKE0109"
"SWKB1322","Perth Court, Basingdon Way 46-57(C)",86,"SWKE0109"
"SWKB1323","Perth Court, Basingdon Way 58-69(C)",69,"SWKE0109"
"SWKB1324","Perth Court, Basingdon Way 70-78(C)",52,"SWKE0109"
"SWKB1325","Peter Butler House, Wolseley Street 1-35(C)",216,"SWKE0272"
"SWKB1326","Peter Hills House, Linsey Street 1-12(C)",96,"SWKE0068"
"SWKB1327","Peterchurch House, Commercial Way 1-56(C)",336,"SWKE0208"
"SWKB1328","Petworth House, Pytchley Road 1-38(C)",249,"SWKE0120"
"SWKB1329","Philip Walk 31-45(O)",51,"SWKE0088"
"SWKB1330","Pickwick House, George Row 1-39(C)",233,"SWKE0112"
"SWKB1331","Pierson House, Bowen Drive 1-15(C)",95,"SWKE0201"
"SWKB1332","Pilgrim House, Tabard Street 1-20(C)",115,"SWKE0329"
"SWKB1333","Pilgrim House, Tabard Street 21-40(C)",117,"SWKE0329"
"SWKB1334","Pilgrim House, Tabard Street 41-62(C)",121,"SWKE0329"
"SWKB1335","Pincombe House, Orb Street 1-21(C)",127,"SWKE0290"
"SWKB1336","Pine House, Swan Road 1-28(C)",168,"SWKE0006"
"SWKB1337","Pinedene, Carlton Grove 18-21(C)",22,"SWKE0002"
"SWKB1338","Pinner House, Coldharbour Lane 1-24(C)",160,"SWKE0100"
"SWKB1339","Piper Court 1-25",144,"SWKE0129"
"SWKB1340","Plaxdale House, Congreve Street 1-6(C)",24,"SWKE0087"
"SWKB1341","Playfield Crescent 18A, 22A & 26A, 18-34(E)",79,"SWKE0224"
"SWKB1342","Plough Way 50-84(E)",129,"SWKE0273"
"SWKB1343","Plough Way 86-124(E)",114,"SWKE0273"
"SWKB1344","Pomeroy Street 114-248(E)",367,"SWKE0280"
"SWKB1345","Pope House, Anchor Street 1-88(C)",503,"SWKE0227"
"SWKB1346","Pope House, Lomond Grove 1-16(C)",100,"SWKE0129"
"SWKB1347","Porter Street 9-19(O)",30,"SWKE0262"
"SWKB1348","Potier Street 1-12(C)",60,"SWKE0167"
"SWKB1349","Potier Street 13-18(C)",39,"SWKE0167"
"SWKB1350","Potier Street 19-24(C)",39,"SWKE0167"
"SWKB1351","Potier Street 25-30(C)",37,"SWKE0167"
"SWKB1352","Potier Street 31-42(C)",78,"SWKE0167"
"SWKB1353","Povey House, Beckway Street 1-39(C)",247,"SWKE0026"
"SWKB1354","Prescott House, Hillingdon Street 1-68(C)",401,"SWKE0041"
"SWKB1355","Preston House, Abbey Street 1-32(C)",224,"SWKE0316"
"SWKB1356","Prestwood House, Drummond Road, 1-27(C) & John Dixon Health Centre",163,"SWKE0310"
"SWKB1357","Primrose House, Peckham Hill Street 1-11(C)",70,"SWKE0259"
"SWKB1358","Primrose House, Peckham Hill Street 12-22(C)",70,"SWKE0259"
"SWKB1359","Princess Court, College Road 1-11(C)",67,"SWKE0083"
"SWKB1360","Princess Street 2(E); Princess Street 4-18(E); Princess Street 20-42(E)",58,"SWKE0152"
"SWKB1361","Prioress Street 13-18(C)",39,"SWKE0167"
"SWKB1362","Prioress Street 1-6(C)",39,"SWKE0167"
"SWKB1363","Prioress Street 19-24(C)",39,"SWKE0167"
"SWKB1364","Prioress Street 7-12(C)",39,"SWKE0167"
"SWKB1365","Priory Court, Cheltenham Road 1-36(C)",228,"SWKE0276"
"SWKB1366","Priory Court, Cheltenham Road 37-72(C)",226,"SWKE0276"
"SWKB1367","Proctor House, Picton Street 1-22(C)",154,"SWKE0129"
"SWKB1368","Prospect House, Gaywood Street 1-63(C)",376,"SWKE0152"
"SWKB1369","Pullens Buildings, Penton Place 1-24(C); Clements Yard, Iliffe Street 1-8(C)",125,"SWKE0277"
"SWKB1370","Purbrook Estate, Tower Bridge Road 107-130(C); Riley Road 25",143,"SWKE0278"
"SWKB1371","Purbrook Estate, Tower Bridge Road 1-36(C)",200,"SWKE0278"
"SWKB1372","Purbrook Estate, Tower Bridge Road 37-80(C)",246,"SWKE0278"
"SWKB1373","Purbrook Estate, Tower Bridge Road 81-106(C)",140,"SWKE0278"
"SWKB1374","Purdon House, Clayton Road 1-35(C) & Purdon House 36",201,"SWKE0259"
"SWKB1375","Pynfolds Estate, Jamaica Road 1-59(C) ;West Lane 2-18(E)",380,"SWKE0279"
"SWKB1376","Pynfolds Estate, Jamaica Road 60-103(C)",241,"SWKE0279"
"SWKB1377","Pynnersmead, Herne Hill 1-16(C)",104,"SWKE0182"
"SWKB1378","Quedgeley Court 1-36(C)",237,"SWKE0157"
"SWKB1379","Quenington Court 1-32(C)",160,"SWKE0157"
"SWKB1380","Quentin House, Chaplin Close 37-53(C)",101,"SWKE0281"
"SWKB1381","Quentin House, Gray Street 1-8(C); Waterloo Road 187-191(O)",68,"SWKE0281"
"SWKB1382","Quentin House, Gray Street 9-36(C)",180,"SWKE0281"
"SWKB1383","Radcliffe House, Anchor Street 1-16(C)",92,"SWKE0227"
"SWKB1384","Rainbow Street 1-11(O)",42,"SWKE0034"
"SWKB1385","Ramsfort House, Roseberry Street 1-36(C)",252,"SWKE0227"
"SWKB1386","Rankine House, Bath Terrace 1-25(C)",150,"SWKE0288"
"SWKB1387","Ransford House, Seeley Drive 1-15(C)",95,"SWKE0201"
"SWKB1388","Raul Road 10-20(E), 10A-20A(E)",68,"SWKE0283"
"SWKB1389","Raul Road 9-19(O), 9A-19A(O)",67,"SWKE0282"
"SWKB1390","Raven House, Tawny Way 1-14(C)",92,"SWKE0261"
"SWKB1391","Reading House, Green Hundred Road 9A & 30A, 1-38(C)",268,"SWKE0145"
"SWKB1392","Red Post Hill 100-102(E)",14,"SWKE0324"
"SWKB1393","Red Post Hill 53-63(O)",43,"SWKE0324"
"SWKB1394","Red Post Hill 64-70(E)",28,"SWKE0324"
"SWKB1395","Red Post Hill 65-67(O)",14,"SWKE0324"
"SWKB1396","Red Post Hill 69-75(O)",29,"SWKE0324"
"SWKB1397","Red Post Hill 72-74(E)",14,"SWKE0324"
"SWKB1398","Red Post Hill 76-82(E)",29,"SWKE0324"
"SWKB1399","Red Post Hill 81-83(O)",14,"SWKE0324"
"SWKB1400","Red Post Hill 84-86(E)",14,"SWKE0324"
"SWKB1401","Red Post Hill 88-90(E)",14,"SWKE0324"
"SWKB1402","Red Post Hill 89-91(O)",14,"SWKE0324"
"SWKB1403","Red Post Hill 96-98(E)",14,"SWKE0324"
"SWKB1404","Red Post Hill 97-99(O)",14,"SWKE0324"
"SWKB1405","Redbridge Gardens 1-123(O)",368,"SWKE0307"
"SWKB1406","Redbridge Gardens 2-36(E)",126,"SWKE0307"
"SWKB1407","Redman House, Lant Street 1-52(C)",259,"SWKE0284"
"SWKB1408","Redman House, Lant Street 53-110(C)",323,"SWKE0284"
"SWKB1409","Regina Point, Renforth Street 1-80(C)",471,"SWKE0056"
"SWKB1410","Renforth Street 7-61(O)",166,"SWKE0285"
"SWKB1411","Rennie House, Bath Terrace 1-25(C)",159,"SWKE0288"
"SWKB1412","Richland House, Goldsmith Road 1-24(C)",136,"SWKE0259"
"SWKB1413","Richmond House, East Street 1(C), 3-30(C)",169,"SWKE0200"
"SWKB1414","Rignold House, Mcneil Road 1-16(C)",120,"SWKE0210"
"SWKB1415","Rill House, Harris Street 1-19(C)",112,"SWKE0129"
"SWKB1416","Ringmer House, Pytchley Road 1-12(C)",80,"SWKE0120"
"SWKB1417","Ringsfield House, East Street 1-24(C)",143,"SWKE0248"
"SWKB1418","Ripley House, Rushworth Street 1-12(C)",54,"SWKE0292"
"SWKB1419","Risdon House, Albion Street 1-9(C); Albion Street 36-52(E)",95,"SWKE0287"
"SWKB1420","Riseholme House, Albrighton Road 1-38(C)",241,"SWKE0120"
"SWKB1421","Ritchie House, Moodkee Street 1-36(C)",204,"SWKE0188"
"SWKB1422","Rivet House, Coopers Road 1-32(C)",224,"SWKE0017"
"SWKB1423","Robert Bell House, Rouel Road 1-8(C)",48,"SWKE0136"
"SWKB1424","Robert Bell House, Rouel Road 9-16(C)",48,"SWKE0136"
"SWKB1425","Robert Jones House, Rouel Road 1-8(C)",48,"SWKE0136"
"SWKB1426","Robert Jones House, Rouel Road 9-16(C)",48,"SWKE0136"
"SWKB1427","Robert Keen Close 1-12(C)",60,"SWKE0238"
"SWKB1428","Rochester House, Manciple Street 1-21(C)",128,"SWKE0329"
"SWKB1429","Rochester House, Manciple Street 22-42(C)",128,"SWKE0329"
"SWKB1430","Rock Grove Way 1-41(C)",233,"SWKE0291"
"SWKB1431","Rock Grove Way 42-60(C)",96,"SWKE0291"
"SWKB1432","Rockingham Street 56-66(E)",36,"SWKE0289"
"SWKB1433","Rockingham Street 68-78(E)",36,"SWKE0289"
"SWKB1434","Rockingham Street 80-90(E)",36,"SWKE0289"
"SWKB1435","Rockingham Street 92-108(E)",54,"SWKE0289"
"SWKB1436","Rodney Road 109-143(O)",90,"SWKE0295"
"SWKB1437","Rodney Road 145-179(O)",90,"SWKE0295"
"SWKB1438","Rodney Road 181-203(O)",60,"SWKE0295"
"SWKB1439","Rodney Road 61-83(O)",60,"SWKE0295"
"SWKB1440","Rodney Road 85-107(O)",60,"SWKE0295"
"SWKB1441","Roman Way 1-24(C)",120,"SWKE0045"
"SWKB1442","Roper House, Bowen Drive 1-25(C)",165,"SWKE0201"
"SWKB1443","Rother House, Peckham Rye 13A & 1-64(C)",398,"SWKE0294"
"SWKB1444","Rotherhithe Old Road 22-88(E)",246,"SWKE0177"
"SWKB1445","Rothsay Street 21-31(O)",39,"SWKE0167"
"SWKB1446","Rothsay Street 33-43(O)",39,"SWKE0167"
"SWKB1447","Rothsay Street 45-55(O)",39,"SWKE0167"
"SWKB1448","Roundell House, Bowen Drive 1-25(C)",165,"SWKE0201"
"SWKB1449","Rowan Court, Garnies Close 1-25(C)",150,"SWKE0254"
"SWKB1450","Rowan Court, Garnies Close 26-49(C)",162,"SWKE0254"
"SWKB1451","Rowland Hill House, Nelson Square 52-156(C), 52A,61A,61B ; Union Street 243",583,"SWKE0249"
"SWKB1452","Royston House, Green Hundred Road 17-23(C)",44,"SWKE0145"
"SWKB1453","Royston House, Green Hundred Road 1-8(C)",48,"SWKE0145"
"SWKB1454","Royston House,Green Hundred Road 9-16(C)",48,"SWKE0145"
"SWKB1455","Rudbeck House, Radnor Road 17-24(C)",52,"SWKE0217"
"SWKB1456","Rudbeck House, Radnor Road 1-8(C)",52,"SWKE0217"
"SWKB1457","Rudbeck House, Radnor Road 25-32(C)",49,"SWKE0217"
"SWKB1458","Rudbeck House, Radnor Road 9-16(C)",52,"SWKE0217"
"SWKB1459","Rudge House, Llewellyn Street 1-27(C)",186,"SWKE0112"
"SWKB1460","Rufus House, Abbey Street 1-32(C)",192,"SWKE0316"
"SWKB1461","Rumball House, Harris Street 1-24(C)",136,"SWKE0129"
"SWKB1462","Rumford House, Bath Terrace 1-25(C); Bath Terrace 29",163,"SWKE0288"
"SWKB1463","Russell Court, Heaton Road 1-44(C)",223,"SWKE0293"
"SWKB1464","Russia Dock Road 14-23(C)",50,"SWKE0116"
"SWKB1465","Rutley Close 1-38(C)",266,"SWKE0041"
"SWKB1466","Rye Hill Park 122-208(E)",253,"SWKE0294"
"SWKB1467","Rye Hill Park 210-296(E)",253,"SWKE0294"
"SWKB1468","Rye Hill Park 2-32(E)",116,"SWKE0294"
"SWKB1469","Rye Hill Park 34-120(E)",253,"SWKE0294"
"SWKB1470","Rye House, Swan Road 1-20(C)",116,"SWKE0327"
"SWKB1471","Ryegates, Caulfield Road 1-27(C)",156,"SWKE0042"
"SWKB1472","Salisbury Close 13-16(C)",25,"SWKE0295"
"SWKB1473","Salisbury Close 1-6(C)",36,"SWKE0295"
"SWKB1474","Salisbury Close 17-20(C)",25,"SWKE0295"
"SWKB1475","Salisbury Close 21-24(C)",25,"SWKE0295"
"SWKB1476","Salisbury Close 25-28(C)",25,"SWKE0295"
"SWKB1477","Salisbury Close 7-12(C)",36,"SWKE0295"
"SWKB1478","Salisbury Terrace 5-7(C)",16,"SWKE0027"
"SWKB1479","Sandby House, Peckham Road 1-17(C)",108,"SWKE0156"
"SWKB1480","Sandwich House, Swan Road 1-20(C)",116,"SWKE0327"
"SWKB1481","Sarnsfield House, Pencraig Way 1-56(C)",335,"SWKE0208"
"SWKB1482","Sassoon House, St Marys Road 1-20(C)",109,"SWKE0296"
"SWKB1483","Sawyer House, Seeley Drive 1-25(C)",152,"SWKE0201"
"SWKB1484","Scotia Court, Renforth Street 1-18(C)",129,"SWKE0056"
"SWKB1485","Scylla Road 17-41(O)",81,"SWKE0088"
"SWKB1486","Scylla Road 43-67(O)",81,"SWKE0088"
"SWKB1487","Scylla Road 60-82(E)",55,"SWKE0251"
"SWKB1488","Seaford House, Swan Road 1-20(C)",120,"SWKE0327"
"SWKB1489","Seal House, Weston Street 1-20(C)",120,"SWKE0329"
"SWKB1490","Searson House, Wesley Close 1-25(C)",143,"SWKE0253"
"SWKB1491","Sedgmoor Place 126-136(E)",42,"SWKE0174"
"SWKB1492","Sedgmoor Place 40-42(E) & 48",19,"SWKE0174"
"SWKB1493","Sedgmoor Place 68-70(E) & 112-114(E)",26,"SWKE0174"
"SWKB1494","Sedgmoor Place 88 & 110, 30-32(E)",20,"SWKE0174"
"SWKB1495","Seeley Drive 21-35(C)",81,"SWKE0201"
"SWKB1496","Seeley Drive 36-50(C)",81,"SWKE0201"
"SWKB1497","Selbourne House, Great Dover Street 17-24(C)",48,"SWKE0329"
"SWKB1498","Selbourne House, Great Dover Street 1-8(C)",51,"SWKE0329"
"SWKB1499","Selbourne House, Great Dover Street 25-32(C)",48,"SWKE0329"
"SWKB1500","Selbourne House, Great Dover Street 33-40(C)",48,"SWKE0329"
"SWKB1501","Selbourne House, Great Dover Street 41-47(C)",46,"SWKE0329"
"SWKB1502","Selbourne House, Great Dover Street 9-16(C)",48,"SWKE0329"
"SWKB1503","Setchell Way 2-64(E)",150,"SWKE0299"
"SWKB1504","Setchell Way 29-39(O)",32,"SWKE0299"
"SWKB1505","Setchell Way 3-27(O)",89,"SWKE0299"
"SWKB1506","Setchell Way 66-80(E)",37,"SWKE0299"
"SWKB1507","Setchell Way 82-98(E)",45,"SWKE0299"
"SWKB1508","Shackleton Court, Croxted Road 1-12(C)",70,"SWKE0105"
"SWKB1509","Shaftesbury Court, Denmark Hill 1-12(C)",70,"SWKE0109"
"SWKB1510","Shaftesbury Court, Denmark Hill 13-24(C)",88,"SWKE0109"
"SWKB1511","Shaftesbury Court, Denmark Hill 25-36(C)",68,"SWKE0109"
"SWKB1512","Shalford House, Law Street 1-35(C)",220,"SWKE0329"
"SWKB1513","Shannon Court, Garnies Close 1-11(C)",65,"SWKE0254"
"SWKB1514","Sharsted Street 24A-24F(C)",36,"SWKE0300"
"SWKB1515","Sharsted Street 26A-26F(C)",36,"SWKE0300"
"SWKB1516","Sheldrake House, Tawny Way 1-14(C)",92,"SWKE0261"
"SWKB1517","Shelley House, Browning Street 1-20(C)",135,"SWKE0048"
"SWKB1518","Shere House, Great Dover Street 16-23(C)",48,"SWKE0329"
"SWKB1519","Shere House, Great Dover Street 1-7(C)",46,"SWKE0329"
"SWKB1520","Shere House, Great Dover Street 24-31(C)",48,"SWKE0329"
"SWKB1521","Shere House, Great Dover Street 32-39(C)",48,"SWKE0329"
"SWKB1522","Shere House, Great Dover Street 40-47(C)",52,"SWKE0329"
"SWKB1523","Shere House, Great Dover Street 8-15(C)",48,"SWKE0329"
"SWKB1524","Sherston Court, Newington Butts 1-8(C), 19-26(C), 37-44(C), 55-57(C) ; Newington Butts 91-105(O)",181,"SWKE0119"
"SWKB1525","Shirley House, Picton Street 1-15(C)",61,"SWKE0129"
"SWKB1526","Shurland Gardens 1-20(C)",126,"SWKE0349"
"SWKB1527","Shurland Gardens 21-44(C)",144,"SWKE0349"
"SWKB1528","Shurland Gardens 45-68(C)",172,"SWKE0349"
"SWKB1529","Shurland Gardens 69-82(C)",84,"SWKE0349"
"SWKB1530","Sidmouth House, Commercial Way, 1-51(C)",325,"SWKE0217"
"SWKB1531","Siskin House, Tawny Way 1-17(C)",113,"SWKE0261"
"SWKB1532","Skenfrith House, Commercial Way 1-56(C)",336,"SWKE0208"
"SWKB1533","Slade Walk 1-58(C)",307,"SWKE0041"
"SWKB1534","Smeaton Court, Rockingham Street 1-54(C)",281,"SWKE0304"
"SWKB1535","Soane House, Roland Way 1-30(C)",139,"SWKE0189"
"SWKB1536","Soane House, Roland Way 31-35(C)",30,"SWKE0189"
"SWKB1537","Solomons Passage 1-15(C)",85,"SWKE0305"
"SWKB1538","Solomons Passage 16-29(C)",84,"SWKE0305"
"SWKB1539","Southampton Way 243 / Flats 1-8(C)",42,"SWKE0306"
"SWKB1540","Southborough House, Kinglake Street 1-20(C)",130,"SWKE0198"
"SWKB1541","Southborough House, Kinglake Street 21-30(C)",66,"SWKE0198"
"SWKB1542","Southdown House 1-18(C)",108,"SWKE0120"
"SWKB1543","Southey House, Browning Street 10A & 25A, & 1-38(C)",258,"SWKE0048"
"SWKB1544","Southwark Bridge Road 33 / Flats A-G(C); Southwark Bridge Road 35; Southwark Bridge Road 37/ Flats A-G(C)",76,"SWKE0262"
"SWKB1545","Southwark Park Estate, Southwark Park Road 1-16(C) & 1A, 27-54(C); Southwark Park Road 355-361(O)",295,"SWKE0308"
"SWKB1546","Southwark Park Estate, Southwark Park Road 17-26(C)",56,"SWKE0308"
"SWKB1547","Southwark Park Estate, Southwark Park Road 55-64(C)",56,"SWKE0308"
"SWKB1548","Southwark Park Road 10-48(E), 10B-48B(E), 12A-14A(E), 20A-22A(E), 28A-30A(E), 36A-38A(E), 44A-46A(E)",280,"SWKE0218"
"SWKB1549","Southwell House, Anchor Street 1-25(C)",139,"SWKE0227"
"SWKB1550","Spenlow House, Jamaica Road 1-57(C)",344,"SWKE0112"
"SWKB1551","Spenlow House, Jamaica Road 58-81(C); Jamaica Road 125-151(O)",194,"SWKE0112"
"SWKB1552","Springfield House, Lettsom Street 1-24(C)",120,"SWKE0210"
"SWKB1553","Springhill Close 5-13(C)",54,"SWKE0309"
"SWKB1554","St Andrews Close 1-19(C)",112,"SWKE0033"
"SWKB1555","St Davids Close 1-17(C)",97,"SWKE0033"
"SWKB1556","St Davids Mansions, Dunstans Road 1-8(C)",48,"SWKE0311"
"SWKB1557","St Helena Road 1-99(C)",597,"SWKE0302"
"SWKB1558","St James'S Road 89-95(O); Webster Road 1-15(O)",60,"SWKE0192"
"SWKB1559","St Johns Estate, Tower Bridge Road 1-40(C); Tower Bridge Road 182",256,"SWKE0312"
"SWKB1560","St Johns Estate, Tower Bridge Road 41-79(C); Fair Street 24-26(C)",251,"SWKE0312"
"SWKB1561","St Johns House, Lytham Street 1-20(C)",109,"SWKE0128"
"SWKB1562","St Johns House, Lytham Street 21-26(C)",33,"SWKE0128"
"SWKB1563","St Lawrence House, Purbrook Street 1-28(C)",168,"SWKE0316"
"SWKB1564","St Marks House, Phelp Street 1-20(C)",110,"SWKE0128"
"SWKB1565","St Marks House, Phelp Street 21-26(C)",33,"SWKE0128"
"SWKB1566","St Marys Estate, St Marychurch Street 1-21(C) ; St Marychurch Street 13",121,"SWKE0313"
"SWKB1567","St Marys Estate, St Marychurch Street 22-38(C)",101,"SWKE0313"
"SWKB1568","St Marys Road 19-35(O), 19A-35A(O)",108,"SWKE0314"
"SWKB1569","St Matthews House, Phelp Street, 1-29(C), Tra Hall",158,"SWKE0128"
"SWKB1570","St Olaves Estate, Druid Street 1-61(C)",360,"SWKE0315"
"SWKB1571","St Owen House, Abbey Street 1-36(C)",216,"SWKE0316"
"SWKB1572","St Peters House, Queens Row 1-10(C)",70,"SWKE0128"
"SWKB1573","St Peters House, Queens Row 11-20(C)",60,"SWKE0128"
"SWKB1574","St Peters House, Queens Row 21-30(C)",73,"SWKE0128"
"SWKB1575","St Peters House, Queens Row 31-40(C)",73,"SWKE0128"
"SWKB1576","St Peters House, Queens Row 41-50(C)",60,"SWKE0128"
"SWKB1577","St Peters House, Queens Row 51-60(C)",70,"SWKE0128"
"SWKB1578","St Stephens House, Phelp Street 1-20(C)",111,"SWKE0128"
"SWKB1579","St Stephens House, Phelp Street 21-26(C)",33,"SWKE0128"
"SWKB1580","St Vincent House, Fendall Street 1-72(C)",396,"SWKE0316"
"SWKB1581","Stacy Path 1-12(C)",84,"SWKE0129"
"SWKB1582","Stafford House, Coopers Road 1-12(C)",48,"SWKE0017"
"SWKB1583","Stagshaw House, Pytchley Road 1-27(C)",138,"SWKE0120"
"SWKB1584","Stanbury Road 56-66(E)",36,"SWKE0222"
"SWKB1585","Stanbury Road 68-78(E)",33,"SWKE0222"
"SWKB1586","Stanesgate House, Bird In Bush Road 1-8(C)",48,"SWKE0145"
"SWKB1587","Stanesgate House, Bird In Bush Road 9-16(C)",48,"SWKE0145"
"SWKB1588","Stanford Place 1-5(C); East Street 303-311(O)",55,"SWKE0087"
"SWKB1589","Stanford Place 6-15(C); Old Kent Road 152-170(E)",110,"SWKE0087"
"SWKB1590","Stansfeld House, Fort Road 1-49(C)",294,"SWKE0218"
"SWKB1591","Stansfeld House, Fort Road 50-71(C)",132,"SWKE0218"
"SWKB1592","Stansfeld House, Fort Road 72-102(C)",186,"SWKE0218"
"SWKB1593","Stanswood Gardens 1-20(C)",144,"SWKE0307"
"SWKB1594","Stanswood Gardens 21-42(C)",158,"SWKE0307"
"SWKB1595","Stanswood Gardens 43-66(C)",144,"SWKE0307"
"SWKB1596","Stanswood Gardens 67-72(C)",36,"SWKE0307"
"SWKB1597","Stanswood Gardens 73-96(C)",144,"SWKE0307"
"SWKB1598","Staunton House, Tatum Street 1-20(C)",120,"SWKE0011"
"SWKB1599","Staveley Close 1-18(C)",114,"SWKE0045"
"SWKB1600","Staveley Close 121-126(C)",30,"SWKE0045"
"SWKB1601","Staveley Close 127-132(C)",30,"SWKE0045"
"SWKB1602","Staveley Close 133-138(C)",30,"SWKE0045"
"SWKB1603","Staveley Close 139-144(C)",30,"SWKE0045"
"SWKB1604","Staveley Close 145-150(C)",30,"SWKE0045"
"SWKB1605","Staveley Close 25-30(C)",31,"SWKE0045"
"SWKB1606","Staveley Close 31-36(C)",31,"SWKE0045"
"SWKB1607","Staveley Close 37-42(C)",31,"SWKE0045"
"SWKB1608","Staveley Close 43-48(C)",31,"SWKE0045"
"SWKB1609","Staveley Close 49-54(C)",31,"SWKE0045"
"SWKB1610","Staveley Close 61-66(C)",31,"SWKE0045"
"SWKB1611","Staveley Close 67-72(C)",31,"SWKE0045"
"SWKB1612","Staveley Close 79-84(C)",31,"SWKE0045"
"SWKB1613","Staveley Close 85-90(C)",31,"SWKE0045"
"SWKB1614","Staveley Close 91-96(C)",31,"SWKE0045"
"SWKB1615","Staveley Close 97-102(C)",31,"SWKE0045"
"SWKB1616","Steen Way 1-13(O)",44,"SWKE0122"
"SWKB1617","Steen Way 2-4(E)",12,"SWKE0122"
"SWKB1618","Steen Way 6-14(E)",33,"SWKE0122"
"SWKB1619","Stephenson House, Bath Terrace 35A & 46A, 1-78(C)",512,"SWKE0288"
"SWKB1620","Stopford Road 1A-5A(O), 1B-5B(O), 3C-5C(O)",48,"SWKE0263"
"SWKB1621","Storks Road 75-81(O);Webster Road 17-31(O)",57,"SWKE0192"
"SWKB1622","Strickland Court, Fenwick Road 1-30(C)",190,"SWKE0123"
"SWKB1623","Strood House, Manciple Street 1-12(C)",84,"SWKE0329"
"SWKB1624","Strood House, Manciple Street 13-24(C)",85,"SWKE0329"
"SWKB1625","Strood House, Manciple Street 25-32(C)",56,"SWKE0329"
"SWKB1626","Stuart Road 31-41(O)",34,"SWKE0317"
"SWKB1627","Studland, Portland Street 1-54(C)",298,"SWKE0275"
"SWKB1628","Styles House, Hatfields 1-48(C)",240,"SWKE0318"
"SWKB1629","Suffield House, Berryfield Road 1-29(C)",159,"SWKE0008"
"SWKB1630","Sumner Road 198 / Flats 1-8(C)",42,"SWKE0320"
"SWKB1631","Sumner Road 20-30(E), 20A-30A(E)",72,"SWKE0319"
"SWKB1632","Sumner Road 236 / Flats 1-6(C)",30,"SWKE0321"
"SWKB1633","Sumner Road 258 / Flats 1-9(C)",45,"SWKE0322"
"SWKB1634","Sunningdale Close 1-19(C)",112,"SWKE0033"
"SWKB1635","Sunray Avenue 113-115(O)",14,"SWKE0323"
"SWKB1636","Sunray Avenue 17-27(O)",40,"SWKE0323"
"SWKB1637","Sunray Avenue 18-24(E)",28,"SWKE0324"
"SWKB1638","Sunray Avenue 26-32(E)",28,"SWKE0324"
"SWKB1639","Sunray Avenue 29-39(O)",42,"SWKE0323"
"SWKB1640","Sunray Avenue 34-40(E)",28,"SWKE0324"
"SWKB1641","Sunray Avenue 41-47(O)",28,"SWKE0323"
"SWKB1642","Sunray Avenue 42-48(E)",28,"SWKE0324"
"SWKB1643","Sunray Avenue 50-52(E)",14,"SWKE0324"
"SWKB1644","Sunray Avenue 58-60(E)",16,"SWKE0324"
"SWKB1645","Sunray Avenue 65-71(O)",32,"SWKE0323"
"SWKB1646","Sunray Avenue 81-87(O)",24,"SWKE0323"
"SWKB1647","Sunray Avenue 89-103(O)",48,"SWKE0323"
"SWKB1648","Sunray Avenue 9-15(O)",29,"SWKE0323"
"SWKB1649","Sunwell Close 16",6,"SWKE0092"
"SWKB1650","Sunwell Close 31-39(C)",51,"SWKE0092"
"SWKB1651","Surrey Square 28-30(E), 28A-28C(C), 30A-30C(C)",48,"SWKE0325"
"SWKB1652","Swan Mead 12-30(E) & 10",65,"SWKE0326"
"SWKB1653","Swan Mead 50-80(E)",108,"SWKE0326"
"SWKB1654","Swan Mead 82-104(E)",78,"SWKE0326"
"SWKB1655","Swanley House, Kinglake Street 1-30(C)",192,"SWKE0198"
"SWKB1656","Swinburne Court, Basingdon Way 10-21(C)",69,"SWKE0109"
"SWKB1657","Swinburne Court, Basingdon Way 1-9(C)",52,"SWKE0109"
"SWKB1658","Swinburne Court, Basingdon Way 22-33(C)",86,"SWKE0109"
"SWKB1659","Swinburne Court, Basingdon Way 34-45(C)",63,"SWKE0109"
"SWKB1660","Swinburne Court, Basingdon Way 46-57(C)",86,"SWKE0109"
"SWKB1661","Swinburne Court, Basingdon Way 58-69(C)",69,"SWKE0109"
"SWKB1662","Swinburne Court, Basingdon Way 70-78(C)",52,"SWKE0109"
"SWKB1663","Tabard House, Manciple Street 1-18(C)",105,"SWKE0329"
"SWKB1664","Tabard House, Manciple Street 19-36(C)",105,"SWKE0329"
"SWKB1665","Tabard Street 269-279(O)",30,"SWKE0167"
"SWKB1666","Tadworth House, Webber Street 1-27(C) & Playcentre",160,"SWKE0330"
"SWKB1667","Tapley House, Wolseley Street 1-17(C)",93,"SWKE0112"
"SWKB1668","Tappesfield Road 100-122(E)",72,"SWKE0331"
"SWKB1669","Tappesfield Road 20-34(E)",36,"SWKE0331"
"SWKB1670","Tappesfield Road 52-74(E)",72,"SWKE0331"
"SWKB1671","Tappesfield Road 76-98(E)",72,"SWKE0331"
"SWKB1672","Tatsfield House, Pardoner Street 1-12(C)",50,"SWKE0329"
"SWKB1673","Tayside Court, Basingdon Way 10-21(C)",69,"SWKE0109"
"SWKB1674","Tayside Court, Basingdon Way 1-9(C)",50,"SWKE0109"
"SWKB1675","Tayside Court, Basingdon Way 22-33(C)",86,"SWKE0109"
"SWKB1676","Tayside Court, Basingdon Way 34-45(C)",62,"SWKE0109"
"SWKB1677","Tayside Court, Basingdon Way 46-57(C)",86,"SWKE0109"
"SWKB1678","Tayside Court, Basingdon Way 58-69(C)",70,"SWKE0109"
"SWKB1679","Tayside Court, Basingdon Way 70-78(C)",52,"SWKE0109"
"SWKB1680","Teak Close 13-22(C)",50,"SWKE0116"
"SWKB1681","Telfer House, Seeley Drive, 1-30(C) & Tra Hall",192,"SWKE0201"
"SWKB1682","Telford House, Tiverton Street 1-42(C), 8A, 17A, 34A,",273,"SWKE0288"
"SWKB1683","Tennyson House, Browning Street 1-29(C)",189,"SWKE0048"
"SWKB1684","Tennyson House, Browning Street 30-48(C)",128,"SWKE0048"
"SWKB1685","Tenterden House, Kinglake Street 1-20(C)",123,"SWKE0198"
"SWKB1686","Terborch Way 1-5(O)",18,"SWKE0122"
"SWKB1687","Tern House, Grummant Road 1-16(C)",96,"SWKE0268"
"SWKB1688","Thames Court, Daniel Gardens 1-15(C)",108,"SWKE0254"
"SWKB1689","Thames Court, Daniel Gardens 16-33(C)",90,"SWKE0254"
"SWKB1690","Thames Court, Daniel Gardens 34-53(C)",118,"SWKE0254"
"SWKB1691","Thaxted Court, Abbeyfield Road 1-24(C)",148,"SWKE0001"
"SWKB1692","The Birches, Grove Park 1-8(C)",40,"SWKE0332"
"SWKB1693","The Limes, Grove Park 1-6(C)",30,"SWKE0332"
"SWKB1694","Therapia Road 18-22(E), 18A-22A(E), 20B & 20C",52,"SWKE0333"
"SWKB1695","Thetford Court, Sydenham Hill 1-11(C)",55,"SWKE0328"
"SWKB1696","Thetford House, Abbey Street 1-14(C)",84,"SWKE0316"
"SWKB1697","Thetford House, Abbey Street 15-28(C)",84,"SWKE0316"
"SWKB1698","Thetford House, Abbey Street 29-42(C)",84,"SWKE0316"
"SWKB1699","Thomson House, Beckway Street, 1-24(C) ; Alvey Tra",165,"SWKE0011"
"SWKB1700","Thorburn Square 11-15(C)",20,"SWKE0334"
"SWKB1701","Thorburn Square 16-23(C)",47,"SWKE0334"
"SWKB1702","Thorburn Square 1-9(C) & 10",52,"SWKE0334"
"SWKB1703","Thorburn Square 24-34(C)",62,"SWKE0334"
"SWKB1704","Thorburn Square 35-45(C)",62,"SWKE0334"
"SWKB1705","Thorburn Square 46-53(C)",47,"SWKE0334"
"SWKB1706","Thorburn Square 54-59(C)",36,"SWKE0334"
"SWKB1707","Thorburn Square 60-68(C)",51,"SWKE0334"
"SWKB1708","Thorburn Square 69-74(C)",30,"SWKE0334"
"SWKB1709","Thorburn Square 75-83(C)",51,"SWKE0334"
"SWKB1710","Thorburn Square 84-98(C)",83,"SWKE0334"
"SWKB1711","Thorn Ham House, Law Street 1-6(C)",39,"SWKE0167"
"SWKB1712","Thorn Ham House, Law Street 7-12(C)",40,"SWKE0167"
"SWKB1713","Thornton House, Townsend Street 1-30(C)",180,"SWKE0026"
"SWKB1714","Thurland House, Camilla Road 1-28(C)",196,"SWKE0227"
"SWKB1715","Tidworth House, Albrighton Road 1-22(C)",118,"SWKE0120"
"SWKB1716","Tilling House, Nunhead Crescent 1-36(C)",230,"SWKE0255"
"SWKB1717","Tisdall House, Barlow Street 1-12(C)",64,"SWKE0026"
"SWKB1718","Tisdall Place 17-19(O)",10,"SWKE0335"
"SWKB1719","Tissington Court 1-72(C) ; Surestart Rotherhithe ; Tenants Hall",393,"SWKE0336"
"SWKB1720","Tissington Court 73-134(C) & Warndon Street 2-3(C)",374,"SWKE0336"
"SWKB1721","Tomson House, Abbey Street 1-18(C)",126,"SWKE0316"
"SWKB1722","Torrens Court, Denmark Hill 1-12(C)",68,"SWKE0109"
"SWKB1723","Torrens Court, Denmark Hill 13-24(C)",86,"SWKE0109"
"SWKB1724","Torrens Court, Denmark Hill 25-36(C)",69,"SWKE0109"
"SWKB1725","Torridge Gardens 1-23(O)",48,"SWKE0294"
"SWKB1726","Tortington House, Bird In Bush Road 1-8(C)",48,"SWKE0145"
"SWKB1727","Tortington House, Bird In Bush Road 9-16(C)",48,"SWKE0145"
"SWKB1728","Tower Bridge Buildings, Mill Street 1-24(C); Dockhead 23-39(O)",167,"SWKE0337"
"SWKB1729","Tower Mill Road 83 / Flats 1-6(C)",36,"SWKE0338"
"SWKB1730","Townsend House, Strathnairn St 1-37(C)",217,"SWKE0339"
"SWKB1731","Trafalgar House, Bronti Close 1-62(C); Tenants Hall",374,"SWKE0248"
"SWKB1732","Tralee Court, Masters Drive 1-8(C)",56,"SWKE0033"
"SWKB1733","Trappes House, Camilla Road 1-36(C)",252,"SWKE0227"
"SWKB1734","Trent House, Peckham Rye 11A & 1-24(C)",163,"SWKE0294"
"SWKB1735","Trevelyan House, John Ruskin Street 1-63(C)",424,"SWKE0041"
"SWKB1736","Trevithick House,Galleywall Road 1-52(C)",299,"SWKE0286"
"SWKB1737","Troon Close 1-21(C)",129,"SWKE0033"
"SWKB1738","Trotwood House, Wilson Grove 1-16(C)",111,"SWKE0112"
"SWKB1739","Trundle House, Trundle Street 1-9(C)",55,"SWKE0206"
"SWKB1740","Tupman House, Llewellyn Street 1-47(C)",293,"SWKE0112"
"SWKB1741","Turnberry Close 1-17(C)",103,"SWKE0033"
"SWKB1742","Turner Court, Woodfarrs 1-8(C)",50,"SWKE0109"
"SWKB1743","Turner Court, Woodfarrs 9-17(C)",51,"SWKE0109"
"SWKB1744","Unity Court, Coopers Road 1-16(C)",96,"SWKE0091"
"SWKB1745","Unity Court, Coopers Road 17-31(C)",83,"SWKE0091"
"SWKB1746","Valois House, Grange Walk 1-40(C)",220,"SWKE0316"
"SWKB1747","Varley House, County Street 1-9(C)",48,"SWKE0288"
"SWKB1748","Vauban Estate, Vauban Street 1-25(C)",151,"SWKE0344"
"SWKB1749","Vauban Estate, Vauban Street 26-53(C)",169,"SWKE0344"
"SWKB1750","Vauban Estate, Vauban Street 54-82(C)",182,"SWKE0344"
"SWKB1751","Vauban Estate, Vauban Street 83-102(C)",132,"SWKE0344"
"SWKB1752","Vaughan House, Nelson Square 2A & 3A 1-51(C)",318,"SWKE0249"
"SWKB1753","Velde Way 1-9(O)",31,"SWKE0122"
"SWKB1754","Vestry Road 116-130(E)",60,"SWKE0210"
"SWKB1755","Vestry Road 132-142(E)",36,"SWKE0210"
"SWKB1756","Vestry Road 76-112(E)",108,"SWKE0210"
"SWKB1757","Vivian Square 1-10(C)",60,"SWKE0088"
"SWKB1758","Vivian Square 14-29(C)",94,"SWKE0088"
"SWKB1759","Voltaire, Sceaux Gardens 1-30(C)",210,"SWKE0297"
"SWKB1760","Wade House, Parkers Row 1-43(C) & 44",256,"SWKE0112"
"SWKB1761","Wakefield House, Goldsmith Road 1-91(C)",502,"SWKE0259"
"SWKB1762","Walcot House, Albrighton Road 1-35(C)",224,"SWKE0120"
"SWKB1763","Walkynscroft, Firbank Road 1-27(C)",156,"SWKE0042"
"SWKB1764","Walsham House, East Street 1-24(C)",143,"SWKE0248"
"SWKB1765","Walters House, Lettsom Street 1-8(C)",40,"SWKE0210"
"SWKB1766","Walters House, Lettsom Street 9-14(C)",34,"SWKE0210"
"SWKB1767","Walters House, Otto Street 1-68(C)",400,"SWKE0041"
"SWKB1768","Wanley Road 15-26(C)",72,"SWKE0079"
"SWKB1769","Wanley Road 1-8(C)",56,"SWKE0079"
"SWKB1770","Wanley Road 39-42(C)",18,"SWKE0079"
"SWKB1771","Warburton Court, Peckham Rye 1-12(C)",72,"SWKE0123"
"SWKB1772","Waveney House, Peckham Rye 7A & 18A, 1-28(C)",185,"SWKE0294"
"SWKB1773","Welland House, Peckham Rye 1-30(C)",190,"SWKE0294"
"SWKB1774","Welldon Court, Croxted Road 1-8(C)",48,"SWKE0105"
"SWKB1775","Weller House, George Row 1-32(C)",179,"SWKE0112"
"SWKB1776","Wells House, Lower Road 1-18(C)",114,"SWKE0188"
"SWKB1777","Wendover, Thurlow Street, 1-240(C) & 1A ;Aylesbury Learning Centre",1482,"SWKE0021"
"SWKB1778","Wendover, Thurlow Street, 241-471(C), 251A-256A(C); Thurlow Street 1, Aylesbury Healing Centre, Tenants Hall",1281,"SWKE0021"
"SWKB1779","Wentworth Crescent 1-16(C)",102,"SWKE0030"
"SWKB1780","Wentworth Crescent 17-36(C)",124,"SWKE0030"
"SWKB1781","Wentworth Crescent 37-62(C)",164,"SWKE0030"
"SWKB1782","Wesley Close 25-107(O)",211,"SWKE0253"
"SWKB1783","Wessex House, Old Kent Road, 1-68(C) & Asco Tra Hall",364,"SWKE0017"
"SWKB1784","Wessonmead, Camberwell Road 1-5(C)",25,"SWKE0060"
"SWKB1785","West Lane 37-77(O)",124,"SWKE0078"
"SWKB1786","West Lane 7-33(O)",80,"SWKE0077"
"SWKB1787","Westerham House, Law Street 1-25(C)",160,"SWKE0329"
"SWKB1788","Westfield House, Rotherhithe New Road 1-21(C)",122,"SWKE0346"
"SWKB1789","Westlake, Rotherhithe New Road 1-130(C)",668,"SWKE0301"
"SWKB1790","Westonbirt Court 1-30(C)",215,"SWKE0157"
"SWKB1791","Weyhill House, Lowth Road 1-32(C)",176,"SWKE0100"
"SWKB1792","Whaddon House, Albrighton Road 1-4(C) ; Whaddon House 4-35(C)",179,"SWKE0120"
"SWKB1793","Wharton House, Millstream Road 1-32(C)",192,"SWKE0316"
"SWKB1794","Wheatland House, Albrighton Road 1-58(C)",353,"SWKE0120"
"SWKB1795","Wheatstone House, County Street 1-9(C)",48,"SWKE0288"
"SWKB1796","Whitney House, Albrighton Road 1-24(C)",163,"SWKE0120"
"SWKB1797","Whitworth House, Falmouth Road 1-30(C)",190,"SWKE0288"
"SWKB1798","Whitworth House, Falmouth Road 31-55(C)",165,"SWKE0288"
"SWKB1799","Whitworth House, Falmouth Road 56-75(C)",150,"SWKE0288"
"SWKB1800","Whitworth House, Falmouth Road 76-100(C)",144,"SWKE0288"
"SWKB1801","Whorlton Road 15-25(O)",36,"SWKE0348"
"SWKB1802","Wickfield House, Wilson Grove 1-42(C)",250,"SWKE0112"
"SWKB1803","Wicksteed House, County Street 1-30(C)",177,"SWKE0288"
"SWKB1804","Wicksteed House, County Street 31-60(C)",205,"SWKE0288"
"SWKB1805","Wicksteed House, County Street 61-90(C)",185,"SWKE0288"
"SWKB1806","Wickway Court 1-118(C)",537,"SWKE0157"
"SWKB1807","Widecombe House, Crawford Road 1-36(C)",216,"SWKE0100"
"SWKB1808","William Evans House, Bush Road 1-34(C)",209,"SWKE0166"
"SWKB1809","William Rushbrooke House, Linsey Street 1-30(C)",180,"SWKE0136"
"SWKB1810","Willowdene, Carlton Grove 1-28(C)",188,"SWKE0002"
"SWKB1811","Willsbridge Court 1-24(C)",171,"SWKE0157"
"SWKB1812","Wilmot Close 1-42(C)",264,"SWKE0030"
"SWKB1813","Wilmot Close 43-48(C)",30,"SWKE0030"
"SWKB1814","Wilmot Close 55-60(C)",30,"SWKE0030"
"SWKB1815","Wilmot Close 61-66(C)",30,"SWKE0030"
"SWKB1816","Wilmot Close 67-72(C)",30,"SWKE0030"
"SWKB1817","Wilson Road 26A-26F(C)",35,"SWKE0350"
"SWKB1818","Wilton House, Albrighton Road 1-39(C)",244,"SWKE0120"
"SWKB1819","Winchelsea House, Swan Road 1-35(C)",215,"SWKE0327"
"SWKB1820","Winchester Close 1-11(O)",31,"SWKE0253"
"SWKB1821","Winchester Close 13-23(O)",33,"SWKE0253"
"SWKB1822","Winchester Close 14-24(E)",31,"SWKE0253"
"SWKB1823","Winchester Close 2-12(E)",30,"SWKE0253"
"SWKB1824","Winchester Close 26-36(E)",30,"SWKE0253"
"SWKB1825","Winchester Close 37-47(O)",32,"SWKE0253"
"SWKB1826","Winchester Close 38-48(E)",30,"SWKE0253"
"SWKB1827","Winchester Close 49-59(O)",33,"SWKE0253"
"SWKB1828","Winchester Close 50-60(E)",30,"SWKE0253"
"SWKB1829","Winchester Close 61-71(O)",33,"SWKE0253"
"SWKB1830","Winchester Close 62-72(E)",30,"SWKE0253"
"SWKB1831","Winchester Close 73-83(O)",33,"SWKE0253"
"SWKB1832","Windermere Point 1-73(C)",430,"SWKE0340"
"SWKB1833","Windmill Close 5-10(C); Southwark Park Road 198-208(E)",66,"SWKE0020"
"SWKB1834","Windspoint Drive 1-12(C)",85,"SWKE0208"
"SWKB1835","Windspoint Drive 13-30(C)",72,"SWKE0208"
"SWKB1836","Winford Court, Portbury Close 1-16(C)",106,"SWKE0082"
"SWKB1837","Winford Court, Portbury Close 17-30(C)",91,"SWKE0082"
"SWKB1838","Winnington House, Bethwin Road 1-32(C)",191,"SWKE0352"
"SWKB1839","Winslow, Kinglake Street 1-30(C)",210,"SWKE0021"
"SWKB1840","Witcombe Point, Yarnfield Square 1-76(C)",437,"SWKE0082"
"SWKB1841","Witham House, Crawford Road 1-34(C)",221,"SWKE0100"
"SWKB1842","Wivenhoe Close 102-128(E)",86,"SWKE0088"
"SWKB1843","Wivenhoe Close 1-203(O)",512,"SWKE0088"
"SWKB1844","Wivenhoe Close 2-100(E)",301,"SWKE0088"
"SWKB1845","Woburn Court, Masters Drive 1-8(C)",56,"SWKE0033"
"SWKB1846","Wollaston Close 1-33(C)",195,"SWKE0119"
"SWKB1847","Wolverton, Alvey Street 105-125(C)",149,"SWKE0021"
"SWKB1848","Wolverton, Alvey Street 126-151(C)",184,"SWKE0021"
"SWKB1849","Wolverton, Alvey Street 152-175(C)",156,"SWKE0021"
"SWKB1850","Wolverton, Sedan Way 60-84(C)",158,"SWKE0021"
"SWKB1851","Wood Road 6-22(E)",51,"SWKE0092"
"SWKB1852","Woodfarrs 10-16(E)",24,"SWKE0109"
"SWKB1853","Woodfarrs 1-7(C)",24,"SWKE0109"
"SWKB1854","Woodfarrs 25-47(O)",72,"SWKE0109"
"SWKB1855","Woodfarrs 2-8(E)",24,"SWKE0109"
"SWKB1856","Woods Road 42-52(E)",36,"SWKE0092"
"SWKB1857","Woods Road 54-88(E)",142,"SWKE0092"
"SWKB1858","Woodsford, Portland Street 1-54(C)",298,"SWKE0275"
"SWKB1859","Woodville House, Grange Walk 1-28(C)",175,"SWKE0316"
"SWKB1860","Woolstaplers Way 1-29(O)",70,"SWKE0291"
"SWKB1861","Woolstaplers Way 139-153(O), 157-175(O), 179-189(O)",109,"SWKE0291"
"SWKB1862","Woolstaplers Way 2-160(E)",425,"SWKE0291"
"SWKB1863","Woolstaplers Way 31-59(O)",70,"SWKE0291"
"SWKB1864","Woolstaplers Way 61-89(O)",69,"SWKE0291"
"SWKB1865","Woolstaplers Way 91-137(O)",110,"SWKE0291"
"SWKB1866","Wrayburn House, Llewellyn Street 1-72(C)",451,"SWKE0112"
"SWKB1867","Wrotham House, Law Street 1-15(C)",104,"SWKE0329"
"SWKB1868","Wyndham Road 86-96(E); Toulon Street 2; Jessie Duffett Tenants Hall",40,"SWKE0352"
"SWKB1869","Yaldham House, Old Kent Road 1-11(C)",88,"SWKE0087"
"SWKB1870","Yarnfield Square 1-14(C)",93,"SWKE0082"
"SWKB1871","Yarnfield Square 15-46(C)",212,"SWKE0082"
"SWKB1872","Yeoman Street 2-32(E)",115,"SWKE0273"
