Year_Start,Year_End,Estate_ID,Block_ID,Block_Administration_Charge,Block_TV_Aerial,Block_Repairs,Block_Estate_Lighting,Block_Security_Services,Block_Lift_Maintenance,Block_Heating_And_Hotwater,Block_Ground_Rent,Block_Building_Insurance,Block_Door_Entry,Block_Care_And_Upkeep,Estate_Care_And_Upkeep,Estate_Grounds_Maintenance,Estate_Lighting,Estate_Repairs_And_Maintenance
2022,2023,"SWKE0267","SWKB0001","685.96","0.00","0.00","0.00","0.00","0.00","4620.24","40.00","1378.56","0.00","0.00","2415.03","464.80","246.56","316.96"
2022,2023,"SWKE0267","SWKB0002","532.02","0.00","0.00","0.00","0.00","0.00","3640.62","30.00","1033.92","0.00","0.00","2415.03","464.80","246.56","316.96"
2022,2023,"SWKE0267","SWKB0003","167.19","0.00","0.00","0.00","0.00","0.00","1112.07","10.00","344.64","0.00","0.00","2415.03","464.80","246.56","316.96"
2022,2023,"SWKE0041","SWKB0004","15565.05","0.00","12226.23","14282.85","0.00","5872.32","84753.42","450.00","15537.69","1635.93","10656.96","66294.63","43369.16","23493.13","6607.17"
2022,2023,"SWKE0329","SWKB0005","607.74","0.00","2212.05","445.14","0.00","373.41","0.00","30.00","1266.69","37.35","983.01","67056.41","57695.83","7120.45","2827.45"
2022,2023,"SWKE0329","SWKB0006","446.21","0.00","858.31","321.49","0.00","315.62","0.00","20.00","849.88","858.18","709.95","67056.41","57695.83","7120.45","2827.45"
2022,2023,"SWKE0329","SWKB0007","505.06","0.00","1262.73","425.64","0.00","488.79","0.00","30.00","1116.93","38.23","1000.82","67056.41","57695.83","7120.45","2827.45"
2022,2023,"SWKE0003","SWKB0008","1230.29","0.00","3864.37","646.49","0.00","0.00","0.00","90.00","3338.54","0.00","1822.89","3443.32","2742.54","806.40","1154.23"
2022,2023,"SWKE0003","SWKB0009","1682.63","0.00","3635.11","545.71","0.00","0.00","0.00","170.00","6146.06","0.00","2298.73","3443.32","2742.54","806.40","1154.23"
2022,2023,"SWKE0003","SWKB0010","562.94","0.00","1314.53","369.16","0.00","0.00","0.00","50.00","1887.90","0.00","742.63","3443.32","2742.54","806.40","1154.23"
2022,2023,"SWKE0004","SWKB0011","3704.16","0.00","7055.97","3778.45","0.00","3443.26","0.00","220.00","7791.57","4199.88","5445.92","3485.95","1289.82","356.20","193.92"
2022,2023,"SWKE0301","SWKB0012","944.65","0.00","620.60","516.80","0.00","618.34","4700.61","30.00","1025.63","0.00","1098.80","12966.55","3369.10","918.19","635.55"
2022,2023,"SWKE0005","SWKB0013","432.65","0.00","378.08","1099.73","0.00","0.00","0.00","40.00","1454.83","163.52","260.86","260.86","708.59","0.00","0.00"
2022,2023,"SWKE0288","SWKB0014","2439.48","0.00","847.50","16547.03","0.00","773.44","0.00","260.00","2645.25","0.00","2546.24","36388.87","15134.54","3958.58","5509.76"
2022,2023,"SWKE0007","SWKB0015","9070.40","0.00","14402.67","3194.44","0.00","4875.00","24128.61","280.00","10099.72","21119.86","8330.25","1242.58","2917.33","312.07","80.98"
2022,2023,"SWKE0166","SWKB0016","1959.62","0.00","5358.12","1676.70","0.00","1061.22","0.00","100.00","4243.98","0.00","3334.26","9495.18","2180.27","503.11","261.21"
2022,2023,"SWKE0008","SWKB0017","3543.40","0.00","3381.13","4893.96","0.00","3615.56","11975.47","170.00","5858.88","558.28","2962.25","3589.01","3127.38","2324.56","3032.25"
2022,2023,"SWKE0008","SWKB0018","440.09","0.00","269.95","141.60","0.00","0.00","0.00","50.00","1861.43","0.00","1355.60","3589.01","3127.38","2324.56","3032.25"
2022,2023,"SWKE0008","SWKB0019","642.68","0.00","38.65","4547.05","0.00","0.00","0.00","20.00","682.31","0.00","824.07","3589.01","3127.38","2324.56","3032.25"
2022,2023,"SWKE0008","SWKB0020","436.27","0.00","389.73","51.36","0.00","0.00","1485.66","20.00","1100.21","0.00","872.28","3589.01","3127.38","2324.56","3032.25"
2022,2023,"SWKE0009","SWKB0021","534.73","0.00","871.33","68.09","0.00","0.00","0.00","40.00","1443.53","0.00","1199.13","4929.43","2608.19","893.25","395.69"
2022,2023,"SWKE0009","SWKB0022","2088.33","0.00","3415.85","655.85","0.00","0.00","0.00","150.00","5893.83","0.00","3856.30","4929.43","2608.19","893.25","395.69"
2022,2023,"SWKE0205","SWKB0023","948.96","0.00","1065.88","1268.52","0.00","0.00","0.00","70.00","2737.84","0.00","2171.36","5394.51","4703.63","599.78","95.62"
2022,2023,"SWKE0010","SWKB0024","4.18","0.00","1074.74","127.48","0.00","0.00","0.00","50.00","2152.31","135.09","2846.75","7.03","1339.64","369.90","0.00"
2022,2023,"SWKE0345","SWKB0025","0.00","0.00","2280.37","522.71","0.00","0.00","0.00","50.00","1885.34","0.00","1367.31","0.00","4652.46","495.01","532.60"
2022,2023,"SWKE0345","SWKB0026","0.00","0.00","2013.74","764.24","0.00","0.00","0.00","60.00","2544.22","0.00","1855.66","0.00","4652.46","495.01","532.60"
2022,2023,"SWKE0064","SWKB0027","2269.44","0.00","3126.63","4301.00","0.00","1288.85","0.00","100.00","4000.37","0.00","2979.77","1137.76","5721.99","1719.80","3636.63"
2022,2023,"SWKE0299","SWKB0028","684.93","0.00","0.00","142.60","0.00","0.00","3539.48","30.00","1029.10","179.88","1370.96","3953.86","2935.48","5156.26","898.71"
2022,2023,"SWKE0299","SWKB0029","448.03","0.00","105.56","109.80","0.00","0.00","2206.00","20.00","684.46","115.64","881.33","3953.86","2935.48","5156.26","898.71"
2022,2023,"SWKE0299","SWKB0030","1493.88","0.00","391.68","80.84","0.00","0.00","9684.88","80.00","2737.84","0.00","536.40","3953.86","2935.48","5156.26","898.71"
2022,2023,"SWKE0340","SWKB0031","841.77","0.00","514.12","510.54","1710.28","980.82","0.00","50.00","2033.56","499.62","1018.00","10799.97","2194.90","856.94","928.95"
2022,2023,"SWKE0227","SWKB0032","673.40","0.00","47.39","4242.21","0.00","0.00","0.00","30.00","1030.26","0.00","277.11","20224.97","9128.09","4000.84","2920.21"
2022,2023,"SWKE0012","SWKB0033","1485.69","0.00","1002.36","836.53","0.00","0.00","0.00","190.00","7013.70","0.00","3974.98","2000.24","0.00","0.00","28.72"
2022,2023,"SWKE0013","SWKB0034","1930.65","0.00","3002.00","1665.28","0.00","1297.79","0.00","120.00","5016.27","359.42","3799.65","1546.19","2345.36","274.12","0.00"
2022,2023,"SWKE0291","SWKB0035","1930.80","0.00","798.12","227.03","0.00","0.00","11708.13","80.00","2747.88","0.00","819.33","58565.61","9635.91","7060.54","879.53"
2022,2023,"SWKE0291","SWKB0036","2594.12","0.00","1230.40","375.54","0.00","0.00","14610.36","140.00","4754.16","0.00","1406.72","58565.61","9635.91","7060.54","879.53"
2022,2023,"SWKE0291","SWKB0037","1190.30","0.00","285.73","138.74","0.00","0.00","7421.89","50.00","1717.92","0.00","500.70","58565.61","9635.91","7060.54","879.53"
2022,2023,"SWKE0291","SWKB0038","677.68","0.00","170.51","79.88","0.00","0.00","4148.78","30.00","1031.28","0.00","288.28","58565.61","9635.91","7060.54","879.53"
2022,2023,"SWKE0291","SWKB0039","4281.37","0.00","3941.65","472.64","0.00","0.00","24995.48","150.00","5266.54","0.00","1883.09","58565.61","9635.91","7060.54","879.53"
2022,2023,"SWKE0291","SWKB0040","1895.24","0.00","586.40","223.34","0.00","0.00","11551.35","80.00","2826.63","0.00","806.02","58565.61","9635.91","7060.54","879.53"
2022,2023,"SWKE0254","SWKB0041","1494.33","0.00","545.25","590.79","0.00","0.00","10600.41","30.00","1043.85","98.13","1163.16","28014.15","12841.99","3467.67","2878.73"
2022,2023,"SWKE0254","SWKB0042","1846.89","0.00","1693.12","665.60","0.00","0.00","12522.92","40.00","1457.61","65.42","1012.16","28014.15","12841.99","3467.67","2878.73"
2022,2023,"SWKE0157","SWKB0043","0.00","0.00","5135.70","5340.14","0.00","2928.28","0.00","190.00","6440.81","13325.46","9526.60","0.00","12815.76","10556.31","1043.51"
2022,2023,"SWKE0259","SWKB0044","1495.95","0.00","2230.05","1236.05","0.00","2035.46","0.00","100.00","3362.70","1171.36","2853.72","7056.09","10017.05","3543.05","651.89"
2022,2023,"SWKE0145","SWKB0045","819.35","0.00","431.29","909.83","0.00","956.39","0.00","60.00","2538.80","213.55","1980.00","28851.81","12285.67","6990.17","3304.06"
2022,2023,"SWKE0014","SWKB0046","0.00","0.00","3628.62","4123.63","0.00","1965.69","0.00","140.00","6689.53","2024.70","7935.29","0.00","545.45","1395.87","0.00"
2022,2023,"SWKE0063","SWKB0047","4230.40","0.00","15078.48","2971.40","0.00","1768.00","0.00","220.00","9557.52","0.00","3934.08","9158.60","10675.16","1325.42","4851.39"
2022,2023,"SWKE0303","SWKB0048","9123.30","0.00","18851.80","7034.36","0.00","3592.11","36175.35","270.00","11012.26","891.00","9137.89","3913.26","4496.29","2112.97","4221.99"
2022,2023,"SWKE0122","SWKB0049","179.87","0.00","0.00","0.00","0.00","0.00","0.00","30.00","0.00","0.00","0.00","20294.21","4938.76","614.23","5108.91"
2022,2023,"SWKE0122","SWKB0050","113.59","0.00","0.00","0.00","0.00","0.00","0.00","20.00","0.00","0.00","0.00","20294.21","4938.76","614.23","5108.91"
2022,2023,"SWKE0122","SWKB0051","47.34","0.00","0.00","0.00","0.00","0.00","0.00","10.00","0.00","0.00","0.00","20294.21","4938.76","614.23","5108.91"
2022,2023,"SWKE0015","SWKB0052","363.68","0.00","158.04","305.76","0.00","0.00","0.00","30.00","1116.93","0.00","305.36","305.36","1249.98","195.32","0.00"
2022,2023,"SWKE0016","SWKB0053","540.66","0.00","725.23","715.34","0.00","0.00","0.00","70.00","2488.40","218.44","166.38","3397.41","5698.72","2297.91","1161.80"
2022,2023,"SWKE0016","SWKB0054","1120.20","0.00","3101.03","1197.45","0.00","0.00","0.00","120.00","4779.98","221.14","251.34","3397.41","5698.72","2297.91","1161.80"
2022,2023,"SWKE0016","SWKB0055","777.72","0.00","1239.66","1161.10","0.00","0.00","0.00","80.00","2816.21","295.75","1148.32","3397.41","5698.72","2297.91","1161.80"
2022,2023,"SWKE0016","SWKB0056","157.21","0.00","186.98","185.56","0.00","0.00","0.00","20.00","553.36","27.48","386.18","3397.41","5698.72","2297.91","1161.80"
2022,2023,"SWKE0016","SWKB0057","82.74","0.00","24.38","64.53","0.00","0.00","0.00","10.00","338.99","32.16","227.84","3397.41","5698.72","2297.91","1161.80"
2022,2023,"SWKE0016","SWKB0058","394.56","0.00","235.50","465.92","0.00","0.00","0.00","40.00","1610.01","103.56","949.33","3397.41","5698.72","2297.91","1161.80"
2022,2023,"SWKE0016","SWKB0059","1633.14","0.00","5601.76","1342.92","0.00","0.00","0.00","120.00","4685.36","263.14","2670.64","3397.41","5698.72","2297.91","1161.80"
2022,2023,"SWKE0016","SWKB0060","641.42","0.00","3217.78","415.46","0.00","0.00","0.00","30.00","1195.12","98.12","1068.95","3397.41","5698.72","2297.91","1161.80"
2022,2023,"SWKE0016","SWKB0061","861.93","0.00","957.40","515.66","0.00","1392.32","0.00","60.00","2977.29","204.42","1502.29","3397.41","5698.72","2297.91","1161.80"
2022,2023,"SWKE0016","SWKB0062","1032.55","0.00","2467.22","1336.76","0.00","0.00","0.00","90.00","3084.28","189.68","2179.72","3397.41","5698.72","2297.91","1161.80"
2022,2023,"SWKE0016","SWKB0063","592.52","0.00","88.83","896.43","0.00","0.00","0.00","60.00","2077.77","173.72","1781.55","3397.41","5698.72","2297.91","1161.80"
2022,2023,"SWKE0016","SWKB0064","1849.26","0.00","2116.97","1724.08","0.00","0.00","0.00","170.00","6349.21","517.49","5273.28","3397.41","5698.72","2297.91","1161.80"
2022,2023,"SWKE0113","SWKB0065","1101.79","0.00","1104.61","606.54","0.00","0.00","0.00","90.00","3236.28","2084.74","2411.45","9091.91","5982.86","2399.88","1941.64"
2022,2023,"SWKE0113","SWKB0066","273.19","0.00","0.00","224.51","0.00","0.00","0.00","30.00","1111.51","0.00","861.57","9091.91","5982.86","2399.88","1941.64"
2022,2023,"SWKE0084","SWKB0067","1315.02","0.00","3281.52","1947.00","0.00","1874.94","0.00","60.00","2533.38","181.62","2280.72","9947.29","6767.48","5024.55","1002.80"
2022,2023,"SWKE0079","SWKB0068","1946.29","0.00","4917.45","1272.03","0.00","0.00","0.00","160.00","5657.68","0.00","2027.71","17553.15","7775.92","656.97","120.30"
2022,2023,"SWKE0079","SWKB0069","1652.67","0.00","6671.43","1638.18","0.00","0.00","0.00","80.00","3089.88","0.00","1898.01","17553.15","7775.92","656.97","120.30"
2022,2023,"SWKE0288","SWKB0070","1425.15","0.00","101.51","9983.58","0.00","0.00","0.00","50.00","1800.79","0.00","1657.18","36388.87","15134.54","3958.58","5509.76"
2022,2023,"SWKE0288","SWKB0071","2827.36","0.00","2120.94","16927.34","0.00","0.00","0.00","100.00","4088.80","0.00","3447.30","36388.87","15134.54","3958.58","5509.76"
2022,2023,"SWKE0288","SWKB0072","1107.81","0.00","578.33","6654.49","0.00","0.00","0.00","80.00","1700.10","0.00","1436.84","36388.87","15134.54","3958.58","5509.76"
2022,2023,"SWKE0288","SWKB0073","1777.21","0.00","1027.02","11111.81","0.00","0.00","0.00","60.00","2472.05","0.00","2125.89","36388.87","15134.54","3958.58","5509.76"
2022,2023,"SWKE0218","SWKB0074","1222.75","0.00","3876.56","417.76","0.00","0.00","0.00","80.00","2830.89","0.00","2452.00","19320.99","3914.18","2309.77","420.49"
2022,2023,"SWKE0002","SWKB0075","409.20","0.00","761.25","32.08","0.00","0.00","1286.09","20.00","766.87","0.00","661.32","3727.56","1029.04","898.67","507.13"
2022,2023,"SWKE0017","SWKB0076","4053.60","0.00","7323.84","4897.92","0.00","6846.00","0.00","240.00","8135.76","784.80","4966.32","11038.97","3490.54","1723.70","13544.02"
2022,2023,"SWKE0045","SWKB0077","1968.26","0.00","1754.13","21.07","0.00","0.00","11617.55","70.00","2412.48","0.00","1562.12","21208.02","7811.54","2210.07","2040.28"
2022,2023,"SWKE0018","SWKB0078","512.99","0.00","576.21","358.65","0.00","0.00","0.00","50.00","1800.14","0.00","414.26","443.80","1492.09","44.65","0.00"
2022,2023,"SWKE0026","SWKB0079","2683.39","0.00","5751.98","759.21","0.00","0.00","13796.78","80.00","2801.64","0.00","2393.85","6995.63","3868.29","1062.43","729.71"
2022,2023,"SWKE0316","SWKB0080","2292.45","0.00","3184.20","1992.45","0.00","3730.05","0.00","340.00","6333.45","0.00","4415.70","29606.81","8008.07","3575.40","1671.91"
2022,2023,"SWKE0328","SWKB0081","12284.76","0.00","6512.26","5537.42","0.00","9237.32","59412.07","310.00","14069.09","216.58","8255.79","16278.41","33261.27","7166.77","1330.05"
2022,2023,"SWKE0201","SWKB0082","2195.00","0.00","3289.02","983.62","0.00","4095.36","0.00","140.00","5612.30","419.70","3679.51","36636.71","15477.74","7328.70","4457.84"
2022,2023,"SWKE0230","SWKB0083","257.96","0.00","55.64","238.70","0.00","0.00","0.00","20.00","855.30","0.00","969.92","3113.57","3347.79","215.28","93.35"
2022,2023,"SWKE0145","SWKB0084","1168.24","0.00","1484.26","1177.62","0.00","0.00","0.00","110.00","4666.21","0.00","2156.92","28851.81","12285.67","6990.17","3304.06"
2022,2023,"SWKE0329","SWKB0085","3398.33","0.00","3986.04","1682.72","0.00","0.00","0.00","220.00","8894.48","7614.01","6439.21","67056.41","57695.83","7120.45","2827.45"
2022,2023,"SWKE0022","SWKB0086","2171.51","0.00","8411.56","1094.24","0.00","0.00","0.00","150.00","5468.57","0.00","2875.26","1943.04","2061.38","782.42","759.23"
2022,2023,"SWKE0023","SWKB0087","806.92","0.00","2696.72","187.80","0.00","0.00","0.00","40.00","1367.26","0.00","1047.06","1757.02","2044.90","738.20","2889.82"
2022,2023,"SWKE0023","SWKB0088","1152.06","0.00","1722.51","976.52","0.00","0.00","0.00","70.00","2401.18","0.00","1760.97","1757.02","2044.90","738.20","2889.82"
2022,2023,"SWKE0024","SWKB0089","596.13","0.00","1233.77","298.30","0.00","0.00","0.00","30.00","1021.30","645.79","1384.53","429.33","948.16","0.00","0.00"
2022,2023,"SWKE0230","SWKB0090","1327.03","0.00","513.26","996.04","0.00","0.00","0.00","110.00","4687.89","361.20","4280.49","3113.57","3347.79","215.28","93.35"
2022,2023,"SWKE0120","SWKB0091","261.07","0.00","83.56","437.07","0.00","0.00","0.00","600.00","1022.62","0.00","677.33","14622.22","9062.23","5281.87","1329.84"
2022,2023,"SWKE0100","SWKB0092","796.88","0.00","535.01","656.63","0.00","1543.61","0.00","50.00","2132.83","59.76","1954.71","3943.26","15133.29","3262.17","2132.32"
2022,2023,"SWKE0329","SWKB0093","3130.42","0.00","5445.06","2779.32","0.00","0.00","0.00","390.00","10555.06","822.71","5045.43","67056.41","57695.83","7120.45","2827.45"
2022,2023,"SWKE0129","SWKB0094","2173.92","0.00","542.13","10919.53","0.00","0.00","6318.04","40.00","1377.91","0.00","1230.84","33233.44","15254.16","6285.16","4205.47"
2022,2023,"SWKE0129","SWKB0095","3063.48","0.00","380.88","14357.28","0.00","0.00","9646.62","60.00","2059.92","0.00","2233.44","33233.44","15254.16","6285.16","4205.47"
2022,2023,"SWKE0025","SWKB0096","1519.14","0.00","1990.25","1916.21","0.00","1034.14","0.00","100.00","3612.77","0.00","3223.92","1538.68","1849.26","26.18","0.00"
2022,2023,"SWKE0288","SWKB0097","4079.29","0.00","1632.00","28394.08","0.00","1492.06","0.00","120.00","4539.89","0.00","2882.11","36388.87","15134.54","3958.58","5509.76"
2022,2023,"SWKE0112","SWKB0098","2071.41","0.00","678.15","992.28","0.00","2831.48","0.00","140.00","5993.20","470.97","5226.37","37372.02","29578.18","5048.69","2283.47"
2022,2023,"SWKE0198","SWKB0099","223.40","0.00","287.90","226.74","0.00","0.00","0.00","20.00","855.30","69.12","394.68","10806.74","4473.97","1968.42","1238.25"
2022,2023,"SWKE0198","SWKB0100","655.37","0.00","2035.20","538.88","0.00","0.00","0.00","50.00","2116.57","124.58","852.24","10806.74","4473.97","1968.42","1238.25"
2022,2023,"SWKE0201","SWKB0101","1288.89","0.00","1190.85","401.86","0.00","1503.42","0.00","130.00","3579.34","263.15","3590.46","36636.71","15477.74","7328.70","4457.84"
2022,2023,"SWKE0087","SWKB0102","1537.11","0.00","2399.90","667.57","0.00","0.00","0.00","130.00","5186.09","129.92","4454.08","9590.04","5415.19","1480.71","1213.61"
2022,2023,"SWKE0286","SWKB0103","1381.32","0.00","736.26","2186.62","0.00","0.00","0.00","120.00","4113.16","0.00","4364.06","7392.35","3663.39","3063.13","598.47"
2022,2023,"SWKE0100","SWKB0104","1029.02","0.00","762.61","6319.21","0.00","0.00","0.00","30.00","1199.94","0.00","1401.55","3943.26","15133.29","3262.17","2132.32"
2022,2023,"SWKE0048","SWKB0105","0.00","0.00","19.90","935.41","0.00","1198.31","0.00","70.00","2900.04","73.90","3344.02","0.00","3803.49","4526.42","13547.48"
2022,2023,"SWKE0286","SWKB0106","769.69","0.00","1110.25","1386.86","0.00","0.00","0.00","50.00","1709.60","0.00","2506.60","7392.35","3663.39","3063.13","598.47"
2022,2023,"SWKE0286","SWKB0107","1201.43","0.00","902.02","1935.17","0.00","1839.53","0.00","70.00","2811.27","30.50","3071.23","7392.35","3663.39","3063.13","598.47"
2022,2023,"SWKE0286","SWKB0108","412.74","0.00","531.18","537.21","0.00","0.00","0.00","30.00","1016.97","0.00","1431.54","7392.35","3663.39","3063.13","598.47"
2022,2023,"SWKE0027","SWKB0109","331.84","0.00","351.81","0.00","0.00","0.00","2301.11","10.00","422.23","0.00","0.00","4847.57","1070.16","899.57","563.44"
2022,2023,"SWKE0027","SWKB0110","424.68","0.00","0.00","0.00","0.00","0.00","3288.04","20.00","553.36","0.00","0.00","4847.57","1070.16","899.57","563.44"
2022,2023,"SWKE0100","SWKB0111","298.62","0.00","505.86","338.16","0.00","0.00","0.00","20.00","844.46","24.80","889.48","3943.26","15133.29","3262.17","2132.32"
2022,2023,"SWKE0100","SWKB0112","260.54","0.00","174.48","288.86","0.00","0.00","0.00","20.00","844.46","24.80","889.48","3943.26","15133.29","3262.17","2132.32"
2022,2023,"SWKE0028","SWKB0113","450.48","0.00","79.92","1160.96","0.00","0.00","0.00","40.00","1378.56","130.84","519.76","376.53","1424.84","262.28","1531.35"
2022,2023,"SWKE0028","SWKB0114","140.14","0.00","57.84","0.00","0.00","0.00","0.00","10.00","567.48","53.84","213.97","376.53","1424.84","262.28","1531.35"
2022,2023,"SWKE0028","SWKB0115","91.39","0.00","133.83","0.00","0.00","0.00","0.00","10.00","344.64","32.71","93.99","376.53","1424.84","262.28","1531.35"
2022,2023,"SWKE0028","SWKB0116","175.58","0.00","141.42","54.38","0.00","0.00","0.00","20.00","689.28","65.42","187.98","376.53","1424.84","262.28","1531.35"
2022,2023,"SWKE0028","SWKB0117","323.97","0.00","899.67","0.00","0.00","0.00","0.00","30.00","1033.92","98.13","281.97","376.53","1424.84","262.28","1531.35"
2022,2023,"SWKE0041","SWKB0118","5202.83","0.00","5507.76","2363.87","0.00","4643.52","25554.21","190.00","6499.75","508.93","3785.24","66294.63","43369.16","23493.13","6607.17"
2022,2023,"SWKE0045","SWKB0119","953.04","0.00","401.61","702.45","0.00","0.00","5125.44","30.00","1033.92","179.88","1095.03","21208.02","7811.54","2210.07","2040.28"
2022,2023,"SWKE0045","SWKB0120","318.35","0.00","51.43","229.74","0.00","0.00","1774.52","10.00","344.64","89.67","362.72","21208.02","7811.54","2210.07","2040.28"
2022,2023,"SWKE0045","SWKB0121","963.17","0.00","242.68","757.25","0.00","0.00","5140.39","30.00","1111.51","174.41","1147.08","21208.02","7811.54","2210.07","2040.28"
2022,2023,"SWKE0045","SWKB0122","2093.98","0.00","679.35","1201.76","0.00","0.00","11478.67","70.00","2412.48","0.00","2852.22","21208.02","7811.54","2210.07","2040.28"
2022,2023,"SWKE0045","SWKB0123","2685.51","0.00","1010.79","1202.67","0.00","0.00","14602.05","90.00","3101.76","294.30","3667.14","21208.02","7811.54","2210.07","2040.28"
2022,2023,"SWKE0045","SWKB0124","1185.20","0.00","660.31","376.09","0.00","0.00","6823.18","30.00","1277.53","195.06","1196.89","21208.02","7811.54","2210.07","2040.28"
2022,2023,"SWKE0045","SWKB0125","363.85","0.00","235.35","124.28","0.00","0.00","2044.34","10.00","422.23","54.50","360.96","21208.02","7811.54","2210.07","2040.28"
2022,2023,"SWKE0288","SWKB0126","5622.14","0.00","3795.95","36399.61","0.00","0.00","0.00","190.00","6536.97","0.00","5783.89","36388.87","15134.54","3958.58","5509.76"
2022,2023,"SWKE0145","SWKB0127","186.73","0.00","140.24","177.60","0.00","334.50","0.00","10.00","433.41","37.37","492.62","28851.81","12285.67","6990.17","3304.06"
2022,2023,"SWKE0145","SWKB0128","159.77","0.00","167.46","132.20","0.00","284.95","0.00","10.00","422.23","32.70","369.49","28851.81","12285.67","6990.17","3304.06"
2022,2023,"SWKE0029","SWKB0129","108.71","0.00","17.17","52.21","0.00","0.00","0.00","10.00","338.99","0.00","257.80","140.10","228.57","52.24","0.00"
2022,2023,"SWKE0286","SWKB0130","725.66","0.00","802.16","929.46","0.00","1077.12","0.00","40.00","1699.76","0.00","1866.24","7392.35","3663.39","3063.13","598.47"
2022,2023,"SWKE0329","SWKB0131","1183.92","0.00","1949.59","1004.45","0.00","0.00","0.00","110.00","4096.58","0.00","2340.66","67056.41","57695.83","7120.45","2827.45"
2022,2023,"SWKE0329","SWKB0132","2044.38","0.00","1339.64","1651.86","0.00","0.00","0.00","260.00","7525.58","0.00","4863.38","67056.41","57695.83","7120.45","2827.45"
2022,2023,"SWKE0329","SWKB0133","1194.61","0.00","1116.88","1118.43","0.00","0.00","0.00","120.00","4559.00","0.00","2510.15","67056.41","57695.83","7120.45","2827.45"
2022,2023,"SWKE0006","SWKB0134","1813.89","0.00","2076.20","1355.66","0.00","1139.46","0.00","140.00","5933.24","494.53","3879.46","4390.38","2677.50","532.93","1655.37"
2022,2023,"SWKE0002","SWKB0135","847.63","0.00","1026.06","7.00","0.00","0.00","5134.16","30.00","1021.30","0.00","278.35","3727.56","1029.04","898.67","507.13"
2022,2023,"SWKE0033","SWKB0136","723.14","0.00","1404.75","359.04","0.00","0.00","0.00","50.00","2049.82","170.38","1858.61","8881.31","3400.90","2480.48","1457.53"
2022,2023,"SWKE0111","SWKB0137","0.00","0.00","14907.22","1040.41","0.00","0.00","15961.08","80.00","2753.16","1387.55","2816.39","0.00","6114.08","2844.13","77.17"
2022,2023,"SWKE0192","SWKB0138","1466.00","0.00","482.88","436.88","0.00","0.00","9126.56","80.00","2757.12","115.12","0.00","4042.15","1352.88","1512.56","1799.51"
2022,2023,"SWKE0198","SWKB0139","146.54","0.00","105.59","74.49","0.00","0.00","526.06","10.00","343.32","0.00","214.03","10806.74","4473.97","1968.42","1238.25"
2022,2023,"SWKE0156","SWKB0140","4269.99","0.00","6454.35","3658.44","0.00","0.00","0.00","290.00","12381.63","650.40","9961.29","18101.96","6570.48","4272.51","2078.74"
2022,2023,"SWKE0144","SWKB0141","230.46","0.00","1099.62","0.00","0.00","0.00","0.00","20.00","553.36","0.00","44.32","922.15","548.00","40.50","7.50"
2022,2023,"SWKE0201","SWKB0142","2032.91","0.00","2851.22","731.91","0.00","2080.60","0.00","130.00","5350.07","310.73","5275.49","36636.71","15477.74","7328.70","4457.84"
2022,2023,"SWKE0031","SWKB0143","314.72","0.00","58.35","212.50","0.00","0.00","0.00","20.00","766.87","0.00","1464.46","627.63","0.00","17.40","0.00"
2022,2023,"SWKE0198","SWKB0144","319.11","0.00","148.26","627.30","0.00","0.00","0.00","30.00","1282.95","0.00","532.05","10806.74","4473.97","1968.42","1238.25"
2022,2023,"SWKE0198","SWKB0145","263.04","0.00","625.24","399.26","0.00","0.00","0.00","20.00","855.30","0.00","350.26","10806.74","4473.97","1968.42","1238.25"
2022,2023,"SWKE0329","SWKB0146","1851.25","0.00","5981.16","1098.82","0.00","1667.32","0.00","100.00","4288.02","115.72","2322.82","67056.41","57695.83","7120.45","2827.45"
2022,2023,"SWKE0220","SWKB0147","3477.63","0.00","4379.97","3231.32","0.00","6438.58","0.00","260.00","9375.78","0.00","3280.76","9538.91","11292.23","2533.64","3053.70"
2022,2023,"SWKE0288","SWKB0148","2255.40","0.00","761.30","15543.70","0.00","0.00","0.00","80.00","3222.66","0.00","1779.66","36388.87","15134.54","3958.58","5509.76"
2022,2023,"SWKE0217","SWKB0149","715.97","0.00","218.98","902.10","0.00","0.00","0.00","50.00","1721.23","0.00","2703.29","9768.12","4798.38","1490.04","1113.40"
2022,2023,"SWKE0208","SWKB0150","841.64","0.00","447.82","341.03","0.00","0.00","0.00","90.00","3094.51","0.00","3199.54","2403.71","5063.13","2800.57","1360.06"
2022,2023,"SWKE0063","SWKB0151","1502.97","0.00","1417.55","1494.37","0.00","1155.28","0.00","100.00","4260.24","0.00","2517.26","9158.60","10675.16","1325.42","4851.39"
2022,2023,"SWKE0033","SWKB0152","340.83","0.00","254.05","227.56","0.00","0.00","0.00","30.00","1111.51","93.44","1027.26","8881.31","3400.90","2480.48","1457.53"
2022,2023,"SWKE0060","SWKB0153","3696.96","0.00","4083.43","1635.08","2562.99","0.00","17408.81","110.00","4129.88","798.79","3963.79","2682.32","3077.49","1533.87","459.83"
2022,2023,"SWKE0206","SWKB0154","458.47","0.00","209.73","509.54","0.00","535.03","0.00","30.00","1277.87","41.86","1208.77","3822.84","3331.97","89.34","177.68"
2022,2023,"SWKE0201","SWKB0155","742.09","0.00","836.42","430.11","0.00","1335.93","0.00","40.00","1705.18","180.06","1658.61","36636.71","15477.74","7328.70","4457.84"
2022,2023,"SWKE0254","SWKB0156","1527.68","0.00","310.39","417.16","0.00","0.00","10626.25","40.00","1365.94","91.70","1563.69","28014.15","12841.99","3467.67","2878.73"
2022,2023,"SWKE0254","SWKB0157","963.19","0.00","337.41","395.61","0.00","0.00","6536.23","20.00","691.27","0.00","1107.95","28014.15","12841.99","3467.67","2878.73"
2022,2023,"SWKE0254","SWKB0158","1353.00","0.00","544.41","543.96","0.00","0.00","9097.20","30.00","1029.96","0.00","1525.41","28014.15","12841.99","3467.67","2878.73"
2022,2023,"SWKE0045","SWKB0159","1989.84","0.00","2013.45","692.07","0.00","0.00","10857.63","60.00","2300.61","0.00","1851.90","21208.02","7811.54","2210.07","2040.28"
2022,2023,"SWKE0109","SWKB0160","76.82","0.00","98.28","0.00","0.00","0.00","0.00","10.00","422.23","0.00","0.00","28993.09","13027.12","5731.74","8768.26"
2022,2023,"SWKE0109","SWKB0161","84.75","0.00","177.64","0.00","0.00","0.00","0.00","10.00","422.23","0.00","0.00","28993.09","13027.12","5731.74","8768.26"
2022,2023,"SWKE0109","SWKB0162","175.17","0.00","0.00","0.00","0.00","0.00","0.00","30.00","1266.69","0.00","0.00","28993.09","13027.12","5731.74","8768.26"
2022,2023,"SWKE0109","SWKB0163","224.88","0.00","368.22","0.00","0.00","0.00","0.00","30.00","1266.69","0.00","0.00","28993.09","13027.12","5731.74","8768.26"
2022,2023,"SWKE0109","SWKB0164","270.54","0.00","154.92","0.00","0.00","0.00","0.00","40.00","1688.92","0.00","0.00","28993.09","13027.12","5731.74","8768.26"
2022,2023,"SWKE0109","SWKB0165","54.09","0.00","0.00","0.00","0.00","0.00","0.00","10.00","422.23","0.00","0.00","28993.09","13027.12","5731.74","8768.26"
2022,2023,"SWKE0032","SWKB0166","1471.18","0.00","1056.72","1638.90","0.00","1223.22","0.00","120.00","4788.92","0.00","2272.12","2366.02","1191.72","174.32","0.00"
2022,2023,"SWKE0087","SWKB0167","383.54","0.00","738.81","141.44","0.00","326.95","0.00","30.00","1111.51","74.32","976.35","9590.04","5415.19","1480.71","1213.61"
2022,2023,"SWKE0349","SWKB0168","0.00","57.89","1124.38","40.23","0.00","0.00","0.00","60.00","2156.63","10.94","2267.94","0.00","1582.45","2848.68","484.26"
2022,2023,"SWKE0156","SWKB0169","1608.88","0.00","2289.71","1355.32","0.00","0.00","0.00","120.00","4839.29","0.00","3696.38","18101.96","6570.48","4272.51","2078.74"
2022,2023,"SWKE0034","SWKB0170","559.64","0.00","372.64","674.04","0.00","0.00","0.00","40.00","1710.60","130.84","1365.08","1571.85","731.71","46.90","0.00"
2022,2023,"SWKE0298","SWKB0171","1389.80","0.00","1400.40","21.05","0.00","0.00","8379.20","50.00","1723.20","0.00","42.60","4966.35","1032.35","1764.12","257.82"
2022,2023,"SWKE0298","SWKB0172","56.81","0.00","0.00","0.00","0.00","0.00","0.00","0.00","0.00","0.00","8.52","4966.35","1032.35","1764.12","257.82"
2022,2023,"SWKE0298","SWKB0173","1111.68","0.00","114.80","161.28","0.00","0.00","7562.76","40.00","1378.56","0.00","34.08","4966.35","1032.35","1764.12","257.82"
2022,2023,"SWKE0263","SWKB0174","15288.38","0.00","10608.68","1278.04","0.00","0.00","84473.55","850.00","21310.92","0.00","7518.28","15356.34","6185.99","5900.07","2608.91"
2022,2023,"SWKE0100","SWKB0175","731.65","0.00","1028.31","612.44","0.00","919.65","0.00","240.00","1955.97","58.77","1846.83","3943.26","15133.29","3262.17","2132.32"
2022,2023,"SWKE0329","SWKB0176","1553.03","0.00","3338.56","1246.05","0.00","1465.86","0.00","140.00","4167.33","227.16","2426.76","67056.41","57695.83","7120.45","2827.45"
2022,2023,"SWKE0329","SWKB0177","728.04","0.00","1159.57","744.00","0.00","698.01","0.00","50.00","2039.58","196.81","1176.30","67056.41","57695.83","7120.45","2827.45"
2022,2023,"SWKE0329","SWKB0178","900.48","0.00","285.39","1371.70","0.00","1000.51","0.00","70.00","2889.46","0.00","1643.03","67056.41","57695.83","7120.45","2827.45"
2022,2023,"SWKE0316","SWKB0179","884.02","0.00","886.42","694.84","0.00","0.00","0.00","90.00","3256.94","0.00","2294.54","29606.81","8008.07","3575.40","1671.91"
2022,2023,"SWKE0159","SWKB0180","822.36","0.00","560.35","882.98","0.00","0.00","0.00","60.00","2039.10","0.00","2706.56","6810.30","9513.82","1331.17","444.73"
2022,2023,"SWKE0159","SWKB0181","1806.40","0.00","2483.15","2051.73","0.00","0.00","0.00","120.00","4193.33","0.00","4859.35","6810.30","9513.82","1331.17","444.73"
2022,2023,"SWKE0159","SWKB0182","1177.96","0.00","1173.90","2157.42","0.00","1036.41","0.00","70.00","2878.02","0.00","2150.24","6810.30","9513.82","1331.17","444.73"
2022,2023,"SWKE0037","SWKB0183","127.97","0.00","99.62","77.66","0.00","0.00","0.00","10.00","344.64","80.14","387.29","269.45","0.00","20.86","0.00"
2022,2023,"SWKE0038","SWKB0184","127.48","0.00","131.74","89.31","0.00","0.00","0.00","10.00","344.64","0.00","373.83","269.45","0.00","28.99","36.86"
2022,2023,"SWKE0036","SWKB0185","363.76","0.00","529.95","65.52","0.00","0.00","0.00","30.00","1120.05","79.10","677.35","545.57","515.55","104.50","0.00"
2022,2023,"SWKE0112","SWKB0186","2013.37","0.00","2850.14","427.74","0.00","4053.40","0.00","130.00","4465.43","0.00","4683.87","37372.02","29578.18","5048.69","2283.47"
2022,2023,"SWKE0340","SWKB0187","2231.46","0.00","2099.14","4121.87","0.00","1857.08","0.00","150.00","4997.42","1010.63","4014.44","10799.97","2194.90","856.94","928.95"
2022,2023,"SWKE0039","SWKB0188","3265.00","0.00","3247.83","4474.14","0.00","2875.96","0.00","400.00","8702.01","815.76","5872.87","4520.71","1833.05","211.06","96.99"
2022,2023,"SWKE0201","SWKB0189","1107.17","0.00","1912.76","461.46","0.00","1127.46","0.00","70.00","2816.69","0.00","2723.62","36636.71","15477.74","7328.70","4457.84"
2022,2023,"SWKE0040","SWKB0190","347.27","0.00","1820.47","209.15","0.00","0.00","0.00","10.00","422.23","24.53","312.58","243.20","398.20","42.36","0.00"
2022,2023,"SWKE0120","SWKB0191","1304.15","0.00","4971.25","1271.84","0.00","0.00","0.00","260.00","2971.87","70.22","2723.57","14622.22","9062.23","5281.87","1329.84"
2022,2023,"SWKE0288","SWKB0192","1956.02","0.00","914.75","11520.59","0.00","976.19","0.00","70.00","2800.43","0.00","2258.66","36388.87","15134.54","3958.58","5509.76"
2022,2023,"SWKE0288","SWKB0193","2985.08","0.00","1248.06","18557.16","0.00","1553.90","0.00","90.00","3772.71","0.00","3183.32","36388.87","15134.54","3958.58","5509.76"
2022,2023,"SWKE0288","SWKB0194","2156.77","0.00","541.91","14107.99","0.00","0.00","0.00","70.00","2983.39","0.00","2653.85","36388.87","15134.54","3958.58","5509.76"
2022,2023,"SWKE0288","SWKB0195","3087.78","0.00","157.68","20110.29","0.00","0.00","0.00","120.00","4833.99","0.00","3896.19","36388.87","15134.54","3958.58","5509.76"
2022,2023,"SWKE0352","SWKB0196","1141.10","0.00","2002.10","1289.48","0.00","0.00","0.00","80.00","3321.93","0.00","2914.93","7891.72","6970.78","3122.20","1356.29"
2022,2023,"SWKE0041","SWKB0197","4760.08","0.00","5754.66","2015.08","0.00","3404.68","24090.28","140.00","5746.40","444.80","3379.06","66294.63","43369.16","23493.13","6607.17"
2022,2023,"SWKE0043","SWKB0198","185.25","0.00","65.35","111.45","0.00","0.00","0.00","10.00","422.23","43.61","424.62","395.15","334.49","55.56","0.00"
2022,2023,"SWKE0145","SWKB0199","172.35","0.00","314.48","-4037.63","0.00","0.00","0.00","50.00","2045.34","168.97","2257.48","28851.81","12285.67","6990.17","3304.06"
2022,2023,"SWKE0145","SWKB0200","603.92","0.00","1543.71","366.87","0.00","0.00","0.00","40.00","1622.51","130.09","1634.91","28851.81","12285.67","6990.17","3304.06"
2022,2023,"SWKE0145","SWKB0201","128.21","0.00","97.95","103.64","0.00","0.00","0.00","10.00","422.23","32.70","436.93","28851.81","12285.67","6990.17","3304.06"
2022,2023,"SWKE0044","SWKB0202","0.00","0.00","187.20","2233.08","0.00","0.00","0.00","90.00","3800.07","540.64","3585.33","0.00","4374.81","1426.26","1750.32"
2022,2023,"SWKE0044","SWKB0203","0.00","0.00","3334.94","1961.61","0.00","0.00","0.00","70.00","2955.61","0.00","2788.59","0.00","4374.81","1426.26","1750.32"
2022,2023,"SWKE0044","SWKB0204","0.00","0.00","1283.52","2006.32","0.00","0.00","0.00","80.00","3377.84","506.88","3186.96","0.00","4374.81","1426.26","1750.32"
2022,2023,"SWKE0044","SWKB0205","0.00","0.00","857.97","2230.92","0.00","0.00","0.00","120.00","3800.07","0.00","3585.33","0.00","4374.81","1426.26","1750.32"
2022,2023,"SWKE0329","SWKB0206","2672.67","0.00","1635.03","1527.11","0.00","2433.34","0.00","190.00","8410.41","514.66","6762.22","67056.41","57695.83","7120.45","2827.45"
2022,2023,"SWKE0316","SWKB0207","2068.95","0.00","3463.32","1242.82","0.00","2243.17","0.00","180.00","6156.58","0.00","3842.47","29606.81","8008.07","3575.40","1671.91"
2022,2023,"SWKE0129","SWKB0208","754.36","0.00","961.16","1239.52","0.00","1109.40","0.00","40.00","1688.92","0.00","1426.44","33233.44","15254.16","6285.16","4205.47"
2022,2023,"SWKE0145","SWKB0209","1321.10","0.00","2151.50","1556.10","0.00","0.00","0.00","100.00","4222.30","81.70","3312.90","28851.81","12285.67","6990.17","3304.06"
2022,2023,"SWKE0248","SWKB0210","435.84","0.00","418.93","97.75","0.00","440.55","0.00","50.00","1713.56","0.00","1019.59","5528.05","4264.51","2492.04","260.49"
2022,2023,"SWKE0129","SWKB0211","801.90","0.00","2209.45","487.05","0.00","0.00","0.00","50.00","1716.60","0.00","1975.65","33233.44","15254.16","6285.16","4205.47"
2022,2023,"SWKE0275","SWKB0212","2861.86","0.00","2183.17","2358.63","0.00","3573.52","13713.55","100.00","3679.17","314.16","1812.80","1037.38","1282.91","295.97","242.45"
2022,2023,"SWKE0201","SWKB0213","1259.92","0.00","1974.42","452.46","0.00","1973.75","0.00","70.00","2966.45","100.39","3054.92","36636.71","15477.74","7328.70","4457.84"
2022,2023,"SWKE0017","SWKB0214","1043.85","0.00","1095.75","787.32","0.00","0.00","0.00","90.00","3089.88","130.80","2017.62","11038.97","3490.54","1723.70","13544.02"
2022,2023,"SWKE0046","SWKB0215","398.52","0.00","1044.94","55.02","0.00","0.00","0.00","20.00","844.46","98.10","531.64","589.20","492.50","131.50","197.86"
2022,2023,"SWKE0192","SWKB0216","3399.16","0.00","3919.64","2426.16","0.00","7918.50","0.00","190.00","7861.11","0.00","5423.32","4042.15","1352.88","1512.56","1799.51"
2022,2023,"SWKE0328","SWKB0217","6506.29","0.00","2941.90","4668.10","0.00","0.00","31901.62","200.00","8404.95","0.00","6068.16","16278.41","33261.27","7166.77","1330.05"
2022,2023,"SWKE0316","SWKB0218","688.32","0.00","261.45","947.37","0.00","0.00","0.00","60.00","2378.58","0.00","1806.59","29606.81","8008.07","3575.40","1671.91"
2022,2023,"SWKE0248","SWKB0219","328.56","0.00","215.84","279.72","0.00","0.00","0.00","40.00","1373.28","0.00","603.52","5528.05","4264.51","2492.04","260.49"
2022,2023,"SWKE0248","SWKB0220","1081.34","0.00","1722.37","429.26","0.00","0.00","0.00","130.00","4463.16","0.00","1556.23","5528.05","4264.51","2492.04","260.49"
2022,2023,"SWKE0047","SWKB0221","2638.06","0.00","2971.49","2653.79","0.00","3038.46","0.00","230.00","9253.12","0.00","3388.93","2293.26","2219.58","521.78","40.89"
2022,2023,"SWKE0205","SWKB0222","724.82","0.00","514.07","223.43","0.00","900.79","0.00","50.00","1961.39","160.28","1678.94","5394.51","4703.63","599.78","95.62"
2022,2023,"SWKE0087","SWKB0223","647.27","0.00","999.04","368.30","0.00","646.93","0.00","50.00","1955.97","0.00","1686.64","9590.04","5415.19","1480.71","1213.61"
2022,2023,"SWKE0112","SWKB0224","1183.50","0.00","1028.44","521.28","0.00","4114.96","0.00","60.00","2378.20","0.00","2239.36","37372.02","29578.18","5048.69","2283.47"
2022,2023,"SWKE0049","SWKB0225","856.17","0.00","1005.49","309.15","0.00","0.00","0.00","60.00","2382.30","376.09","2019.75","1014.91","1406.37","47.67","0.00"
2022,2023,"SWKE0288","SWKB0226","2718.98","0.00","2099.48","17279.40","0.00","0.00","0.00","90.00","3870.02","0.00","2306.21","36388.87","15134.54","3958.58","5509.76"
2022,2023,"SWKE0177","SWKB0227","4295.20","0.00","7692.97","7686.70","0.00","5603.80","0.00","230.00","8320.02","800.64","5868.11","13790.80","1405.18","2090.00","3877.80"
2022,2023,"SWKE0027","SWKB0228","256.11","0.00","29.19","0.00","0.00","0.00","1866.46","10.00","422.23","0.00","0.00","4847.57","1070.16","899.57","563.44"
2022,2023,"SWKE0201","SWKB0229","2237.77","0.00","3050.95","1412.55","0.00","3060.69","0.00","130.00","5431.58","413.58","5347.33","36636.71","15477.74","7328.70","4457.84"
2022,2023,"SWKE0115","SWKB0230","721.44","0.00","733.95","0.00","0.00","0.00","4849.92","30.00","1033.92","0.00","65.94","414.48","342.60","127.50","0.00"
2022,2023,"SWKE0217","SWKB0231","724.65","0.00","848.39","608.76","0.00","0.00","0.00","60.00","2064.55","0.00","1797.03","9768.12","4798.38","1490.04","1113.40"
2022,2023,"SWKE0259","SWKB0232","1570.84","0.00","3728.25","1742.40","0.00","1434.42","0.00","90.00","3089.88","1059.68","2707.02","7056.09","10017.05","3543.05","651.89"
2022,2023,"SWKE0092","SWKB0233","1149.72","0.00","1662.44","0.00","0.00","0.00","6905.59","40.00","1362.78","0.00","241.25","25129.33","3853.35","3984.36","858.81"
2022,2023,"SWKE0352","SWKB0234","510.03","0.00","273.81","599.57","0.00","0.00","0.00","40.00","1611.33","0.00","1766.67","7891.72","6970.78","3122.20","1356.29"
2022,2023,"SWKE0113","SWKB0235","908.31","0.00","547.68","989.25","0.00","0.00","0.00","80.00","3155.91","18.31","2801.67","9091.91","5982.86","2399.88","1941.64"
2022,2023,"SWKE0050","SWKB0236","808.01","0.00","418.95","958.86","0.00","0.00","0.00","70.00","2955.61","228.90","2072.14","2347.82","1077.61","291.83","0.00"
2022,2023,"SWKE0220","SWKB0237","981.72","0.00","1288.62","773.28","0.00","1443.96","0.00","60.00","2565.90","0.00","1427.76","9538.91","11292.23","2533.64","3053.70"
2022,2023,"SWKE0291","SWKB0238","1245.56","0.00","75.50","0.00","0.00","0.00","7497.01","70.00","2402.84","0.00","642.25","58565.61","9635.91","7060.54","879.53"
2022,2023,"SWKE0291","SWKB0239","1034.92","0.00","129.03","0.00","0.00","0.00","6065.12","50.00","1695.78","0.00","899.87","58565.61","9635.91","7060.54","879.53"
2022,2023,"SWKE0291","SWKB0240","4210.44","0.00","6974.49","672.64","0.00","2647.22","18656.54","170.00","6275.39","0.00","2269.39","58565.61","9635.91","7060.54","879.53"
2022,2023,"SWKE0291","SWKB0241","616.95","0.00","676.17","0.00","0.00","0.00","3332.04","30.00","1033.92","0.00","291.93","58565.61","9635.91","7060.54","879.53"
2022,2023,"SWKE0291","SWKB0242","1487.23","0.00","1218.86","57.59","0.00","0.00","8072.34","80.00","2742.66","0.00","720.10","58565.61","9635.91","7060.54","879.53"
2022,2023,"SWKE0056","SWKB0243","805.20","0.00","677.08","643.04","0.00","0.00","0.00","80.00","2751.19","0.00","1175.26","11236.68","2379.71","2129.49","2380.20"
2022,2023,"SWKE0021","SWKB0244","1283.92","0.00","1872.44","618.60","0.00","0.00","7049.54","40.00","1540.36","0.00","931.18","11477.97","6872.37","2775.59","5106.47"
2022,2023,"SWKE0051","SWKB0245","797.76","0.00","3444.68","675.48","0.00","643.16","0.00","30.00","1378.56","0.00","1329.16","474.20","0.00","32.52","0.00"
2022,2023,"SWKE0052","SWKB0246","550.26","0.00","1937.19","504.36","0.00","478.47","0.00","30.00","1033.92","196.23","996.87","355.65","0.00","0.00","0.00"
2022,2023,"SWKE0157","SWKB0247","0.00","0.00","1045.94","2165.80","0.00","958.37","0.00","70.00","2403.24","12962.58","3766.84","0.00","12815.76","10556.31","1043.51"
2022,2023,"SWKE0055","SWKB0248","1385.71","0.00","634.04","1049.74","0.00","0.00","0.00","110.00","3789.27","0.00","2190.12","5144.63","5435.78","597.19","785.89"
2022,2023,"SWKE0210","SWKB0249","2139.96","0.00","2079.06","242.76","0.00","0.00","13077.00","60.00","2087.70","0.00","2024.22","18399.95","6510.11","3421.44","2839.76"
2022,2023,"SWKE0053","SWKB0250","173.63","0.00","70.99","525.00","0.00","0.00","0.00","210.00","1024.28","0.00","0.00","0.00","0.00","116.03","0.00"
2022,2023,"SWKE0054","SWKB0251","886.55","0.00","680.33","465.99","0.00","0.00","0.00","60.00","2955.61","0.00","1757.98","660.03","2048.76","296.66","0.00"
2022,2023,"SWKE0148","SWKB0252","1995.16","0.00","2125.44","565.76","0.00","2926.32","0.00","160.00","5511.64","369.24","5005.04","2543.66","3732.20","801.83","396.97"
2022,2023,"SWKE0084","SWKB0253","3657.71","0.00","3137.52","590.04","0.00","0.00","21957.47","140.00","5053.42","0.00","3503.06","9947.29","6767.48","5024.55","1002.80"
2022,2023,"SWKE0227","SWKB0254","241.05","0.00","0.00","0.00","0.00","0.00","0.00","30.00","1021.30","103.01","257.41","20224.97","9128.09","4000.84","2920.21"
2022,2023,"SWKE0220","SWKB0255","2999.34","0.00","2881.41","1440.71","0.00","4297.93","0.00","210.00","9725.17","0.00","4022.92","9538.91","11292.23","2533.64","3053.70"
2022,2023,"SWKE0215","SWKB0256","416.82","0.00","1674.16","279.34","0.00","712.58","0.00","20.00","844.46","617.58","0.00","0.00","0.00","41.16","18.81"
2022,2023,"SWKE0253","SWKB0257","1653.85","0.00","1958.50","350.35","0.00","0.00","7736.85","50.00","2111.15","286.20","1952.55","22883.13","4446.78","1017.29","7492.98"
2022,2023,"SWKE0177","SWKB0258","1707.62","0.00","1129.93","6530.58","0.00","0.00","0.00","100.00","3448.41","0.00","2402.02","13790.80","1405.18","2090.00","3877.80"
2022,2023,"SWKE0145","SWKB0259","3028.35","0.00","3509.38","4021.48","0.00","0.00","0.00","280.00","11832.59","159.11","5005.46","28851.81","12285.67","6990.17","3304.06"
2022,2023,"SWKE0349","SWKB0260","0.00","45.82","1940.14","26.59","0.00","0.00","0.00","60.00","2134.98","100.51","2048.92","0.00","1582.45","2848.68","484.26"
2022,2023,"SWKE0349","SWKB0261","0.00","64.89","760.97","517.58","0.00","0.00","0.00","70.00","2403.24","148.05","2325.33","0.00","1582.45","2848.68","484.26"
2022,2023,"SWKE0349","SWKB0262","0.00","57.89","696.72","34.82","0.00","0.00","0.00","60.00","2156.63","107.43","2311.57","0.00","1582.45","2848.68","484.26"
2022,2023,"SWKE0057","SWKB0263","3837.55","0.00","4476.06","2505.18","0.00","0.00","19498.71","310.00","4590.01","0.00","3155.24","2281.57","3566.90","812.32","0.00"
2022,2023,"SWKE0057","SWKB0264","2279.22","0.00","2968.34","415.72","0.00","0.00","12032.98","80.00","2939.77","0.00","1924.83","2281.57","3566.90","812.32","0.00"
2022,2023,"SWKE0352","SWKB0265","472.99","0.00","874.13","388.97","0.00","0.00","0.00","30.00","1187.78","0.00","1577.66","7891.72","6970.78","3122.20","1356.29"
2022,2023,"SWKE0201","SWKB0266","1192.07","0.00","2524.07","701.18","0.00","1203.61","0.00","80.00","3306.27","181.98","1738.16","36636.71","15477.74","7328.70","4457.84"
2022,2023,"SWKE0082","SWKB0267","1357.59","0.00","1933.49","592.84","0.00","0.00","0.00","130.00","4437.18","0.00","2816.05","13658.39","5272.73","3668.66","2674.92"
2022,2023,"SWKE0058","SWKB0268","96.05","0.00","336.31","0.00","0.00","0.00","0.00","10.00","276.68","0.00","0.00","121.50","468.60","308.70","143.82"
2022,2023,"SWKE0058","SWKB0269","66.41","0.00","39.88","0.00","0.00","0.00","0.00","10.00","276.68","0.00","0.00","121.50","468.60","308.70","143.82"
2022,2023,"SWKE0058","SWKB0270","66.41","0.00","39.88","0.00","0.00","0.00","0.00","10.00","276.68","0.00","0.00","121.50","468.60","308.70","143.82"
2022,2023,"SWKE0059","SWKB0271","775.88","0.00","387.72","892.56","0.00","0.00","0.00","40.00","1378.56","0.00","2057.80","1100.44","2559.12","356.24","2068.16"
2022,2023,"SWKE0288","SWKB0272","4165.53","0.00","2982.84","27354.45","0.00","2943.51","0.00","110.00","4505.61","0.00","2043.28","36388.87","15134.54","3958.58","5509.76"
2022,2023,"SWKE0341","SWKB0273","0.00","0.00","4279.33","4469.53","0.00","5954.53","0.00","290.00","11851.90","11985.03","12603.37","0.00","0.00","1195.84","129.63"
2022,2023,"SWKE0324","SWKB0274","0.00","0.00","0.00","0.00","0.00","0.00","0.00","40.00","0.00","0.00","0.00","107.58","13.33","16.92","26.16"
2022,2023,"SWKE0324","SWKB0275","0.00","0.00","0.00","0.00","0.00","0.00","0.00","10.00","0.00","0.00","0.00","107.58","13.33","16.92","26.16"
2022,2023,"SWKE0324","SWKB0276","0.00","0.00","0.00","0.00","0.00","0.00","0.00","10.00","0.00","0.00","0.00","107.58","13.33","16.92","26.16"
2022,2023,"SWKE0324","SWKB0277","0.00","0.00","0.00","0.00","0.00","0.00","0.00","10.00","0.00","0.00","0.00","107.58","13.33","16.92","26.16"
2022,2023,"SWKE0324","SWKB0278","0.00","0.00","0.00","0.00","0.00","0.00","0.00","20.00","0.00","0.00","0.00","107.58","13.33","16.92","26.16"
2022,2023,"SWKE0324","SWKB0279","0.00","0.00","0.00","0.00","0.00","0.00","0.00","10.00","0.00","0.00","0.00","107.58","13.33","16.92","26.16"
2022,2023,"SWKE0324","SWKB0280","0.00","0.00","0.00","0.00","0.00","0.00","0.00","30.00","0.00","0.00","0.00","107.58","13.33","16.92","26.16"
2022,2023,"SWKE0324","SWKB0281","0.00","0.00","0.00","0.00","0.00","0.00","0.00","20.00","0.00","0.00","0.00","107.58","13.33","16.92","26.16"
2022,2023,"SWKE0324","SWKB0282","0.00","0.00","0.00","0.00","0.00","0.00","0.00","20.00","0.00","0.00","0.00","107.58","13.33","16.92","26.16"
2022,2023,"SWKE0324","SWKB0283","0.00","0.00","0.00","0.00","0.00","0.00","0.00","10.00","0.00","0.00","0.00","107.58","13.33","16.92","26.16"
2022,2023,"SWKE0324","SWKB0284","0.00","0.00","0.00","0.00","0.00","0.00","0.00","30.00","0.00","0.00","0.00","107.58","13.33","16.92","26.16"
2022,2023,"SWKE0324","SWKB0285","99.06","0.00","0.00","131.16","0.00","0.00","0.00","10.00","422.23","0.00","413.16","107.58","13.33","16.92","26.16"
2022,2023,"SWKE0324","SWKB0286","0.00","0.00","0.00","0.00","0.00","0.00","0.00","10.00","0.00","0.00","0.00","107.58","13.33","16.92","26.16"
2022,2023,"SWKE0324","SWKB0287","318.22","0.00","205.47","471.48","0.00","0.00","0.00","220.00","1266.69","83.24","1083.12","107.58","13.33","16.92","26.16"
2022,2023,"SWKE0324","SWKB0288","0.00","0.00","0.00","0.00","0.00","0.00","0.00","30.00","0.00","0.00","0.00","107.58","13.33","16.92","26.16"
2022,2023,"SWKE0324","SWKB0289","0.00","0.00","0.00","0.00","0.00","0.00","0.00","10.00","0.00","0.00","0.00","107.58","13.33","16.92","26.16"
2022,2023,"SWKE0324","SWKB0290","224.44","0.00","255.56","269.98","0.00","0.00","0.00","20.00","844.46","0.00","826.32","107.58","13.33","16.92","26.16"
2022,2023,"SWKE0324","SWKB0291","0.00","0.00","0.00","0.00","0.00","0.00","0.00","10.00","0.00","0.00","0.00","107.58","13.33","16.92","26.16"
2022,2023,"SWKE0324","SWKB0292","1.97","0.00","0.00","0.00","0.00","0.00","0.00","230.00","0.00","0.00","0.00","107.58","13.33","16.92","26.16"
2022,2023,"SWKE0324","SWKB0293","0.00","0.00","0.00","0.00","0.00","0.00","0.00","30.00","0.00","0.00","0.00","107.58","13.33","16.92","26.16"
2022,2023,"SWKE0324","SWKB0294","0.00","0.00","0.00","0.00","0.00","0.00","0.00","20.00","0.00","0.00","0.00","107.58","13.33","16.92","26.16"
2022,2023,"SWKE0129","SWKB0295","2064.41","0.00","801.79","13167.18","0.00","0.00","0.00","70.00","2499.95","0.00","1799.50","33233.44","15254.16","6285.16","4205.47"
2022,2023,"SWKE0129","SWKB0296","266.98","0.00","159.68","121.77","0.00","585.69","0.00","20.00","766.87","55.17","468.11","33233.44","15254.16","6285.16","4205.47"
2022,2023,"SWKE0059","SWKB0297","589.24","0.00","165.92","482.88","0.00","0.00","0.00","40.00","1378.56","0.00","823.12","1100.44","2559.12","356.24","2068.16"
2022,2023,"SWKE0060","SWKB0298","3946.92","0.00","1944.60","1334.76","3694.56","1562.40","20698.32","310.00","4067.88","460.44","3059.16","2682.32","3077.49","1533.87","459.83"
2022,2023,"SWKE0061","SWKB0299","1716.00","0.00","4094.09","1500.07","0.00","0.00","0.00","130.00","5488.99","425.10","3054.35","1202.63","1298.44","96.07","0.00"
2022,2023,"SWKE0010","SWKB0300","0.00","0.00","119.54","2326.52","0.00","0.00","0.00","10.00","338.99","4.13","486.51","7.03","1339.64","369.90","0.00"
2022,2023,"SWKE0010","SWKB0301","0.00","0.00","197.32","4976.71","0.00","0.00","0.00","10.00","427.65","0.00","538.12","7.03","1339.64","369.90","0.00"
2022,2023,"SWKE0159","SWKB0302","805.63","0.00","600.46","1311.51","0.00","0.00","0.00","50.00","2059.92","0.00","2202.87","6810.30","9513.82","1331.17","444.73"
2022,2023,"SWKE0145","SWKB0303","633.09","0.00","666.36","981.22","0.00","834.84","0.00","40.00","1705.18","135.85","1158.42","28851.81","12285.67","6990.17","3304.06"
2022,2023,"SWKE0145","SWKB0304","781.52","0.00","1332.48","938.64","0.00","1597.04","0.00","40.00","1710.60","130.80","1224.96","28851.81","12285.67","6990.17","3304.06"
2022,2023,"SWKE0145","SWKB0305","177.54","0.00","115.50","270.95","0.00","321.79","0.00","10.00","433.41","34.88","347.27","28851.81","12285.67","6990.17","3304.06"
2022,2023,"SWKE0008","SWKB0306","1169.92","0.00","1432.80","797.28","0.00","0.00","0.00","160.00","5507.08","0.00","1489.92","3589.01","3127.38","2324.56","3032.25"
2022,2023,"SWKE0215","SWKB0307","142.92","0.00","202.65","353.28","0.00","395.52","0.00","10.00","422.23","35.49","0.00","0.00","0.00","41.16","18.81"
2022,2023,"SWKE0310","SWKB0308","1433.81","0.00","1739.81","2296.70","0.00","0.00","0.00","140.00","4779.15","238.16","2740.86","2706.91","88.40","328.58","949.71"
2022,2023,"SWKE0041","SWKB0309","820.45","0.00","288.68","498.80","0.00","0.00","5551.58","20.00","1025.63","0.00","148.32","66294.63","43369.16","23493.13","6607.17"
2022,2023,"SWKE0041","SWKB0310","808.46","0.00","528.71","63.43","0.00","0.00","5027.71","30.00","1021.30","0.00","786.50","66294.63","43369.16","23493.13","6607.17"
2022,2023,"SWKE0041","SWKB0311","685.71","0.00","0.00","346.53","0.00","0.00","4738.71","30.00","1016.97","0.00","132.48","66294.63","43369.16","23493.13","6607.17"
2022,2023,"SWKE0041","SWKB0312","382.33","0.00","1471.09","0.00","0.00","0.00","1557.39","10.00","338.99","0.00","248.37","66294.63","43369.16","23493.13","6607.17"
2022,2023,"SWKE0079","SWKB0313","344.31","0.00","594.48","144.87","0.00","0.00","0.00","30.00","1033.92","0.00","900.69","17553.15","7775.92","656.97","120.30"
2022,2023,"SWKE0079","SWKB0314","1227.60","0.00","4156.00","779.68","0.00","0.00","0.00","50.00","3377.84","0.00","1502.40","17553.15","7775.92","656.97","120.30"
2022,2023,"SWKE0065","SWKB0315","247.58","0.00","770.90","164.38","0.00","0.00","0.00","20.00","689.28","0.00","716.98","129.32","0.00","5.02","0.00"
2022,2023,"SWKE0066","SWKB0316","508.04","0.00","2332.88","296.84","0.00","592.26","0.00","20.00","844.46","0.00","664.58","240.72","0.00","108.58","0.00"
2022,2023,"SWKE0067","SWKB0317","106.13","0.00","100.25","42.82","0.00","0.00","0.00","10.00","344.64","31.15","452.68","89.80","0.00","0.00","0.00"
2022,2023,"SWKE0068","SWKB0318","922.25","0.00","319.41","312.48","0.00","1316.63","0.00","70.00","2955.61","0.00","2180.85","2535.02","1193.40","37.74","0.00"
2022,2023,"SWKE0316","SWKB0319","1448.24","0.00","1431.24","1280.62","0.00","0.00","0.00","140.00","4754.83","0.00","4291.64","29606.81","8008.07","3575.40","1671.91"
2022,2023,"SWKE0329","SWKB0320","1416.89","0.00","3835.37","814.09","0.00","0.00","0.00","100.00","4001.31","0.00","3028.38","67056.41","57695.83","7120.45","2827.45"
2022,2023,"SWKE0210","SWKB0321","1542.40","0.00","1996.48","221.56","0.00","0.00","9163.88","40.00","1391.80","0.00","1390.68","18399.95","6510.11","3421.44","2839.76"
2022,2023,"SWKE0295","SWKB0322","730.97","0.00","272.02","582.34","0.00","0.00","4305.66","30.00","1021.30","0.00","257.61","10417.58","4709.15","2153.62","37.12"
2022,2023,"SWKE0072","SWKB0323","130.60","0.00","22.82","79.24","0.00","0.00","0.00","20.00","844.46","0.00","0.00","0.00","359.40","0.00","0.00"
2022,2023,"SWKE0073","SWKB0324","183.70","0.00","0.00","138.63","0.00","0.00","0.00","30.00","1189.10","0.00","0.00","0.00","509.15","0.00","0.00"
2022,2023,"SWKE0074","SWKB0325","53.67","0.00","11.75","30.57","0.00","0.00","0.00","10.00","344.64","0.00","0.00","0.00","149.77","0.00","0.00"
2022,2023,"SWKE0075","SWKB0326","109.63","0.00","0.00","0.00","0.00","0.00","0.00","20.00","766.87","0.00","0.00","0.00","329.45","0.00","0.00"
2022,2023,"SWKE0295","SWKB0327","654.24","0.00","78.94","582.32","0.00","0.00","3731.48","30.00","1021.30","0.00","257.61","10417.58","4709.15","2153.62","37.12"
2022,2023,"SWKE0295","SWKB0328","731.73","0.00","600.12","671.21","0.00","0.00","3896.15","30.00","1021.30","0.00","257.61","10417.58","4709.15","2153.62","37.12"
2022,2023,"SWKE0295","SWKB0329","422.32","0.00","98.48","371.38","0.00","0.00","2356.74","20.00","677.98","0.00","168.48","10417.58","4709.15","2153.62","37.12"
2022,2023,"SWKE0069","SWKB0330","184.16","0.00","27.48","115.91","0.00","0.00","0.00","30.00","1189.10","0.00","0.00","0.00","509.15","0.00","0.00"
2022,2023,"SWKE0070","SWKB0331","192.63","0.00","30.69","89.73","0.00","0.00","0.00","30.00","1266.69","0.00","0.00","0.00","539.16","0.00","0.00"
2022,2023,"SWKE0071","SWKB0332","67.21","0.00","12.67","57.51","0.00","0.00","0.00","10.00","422.23","0.00","0.00","0.00","179.70","0.00","0.00"
2022,2023,"SWKE0087","SWKB0333","238.35","0.00","134.55","141.89","0.00","302.92","0.00","20.00","766.87","37.85","678.99","9590.04","5415.19","1480.71","1213.61"
2022,2023,"SWKE0076","SWKB0334","980.56","0.00","450.64","156.28","0.00","0.00","0.00","70.00","2749.31","0.00","2616.92","1857.68","1024.15","906.76","43.91"
2022,2023,"SWKE0077","SWKB0335","703.92","0.00","733.91","228.80","0.00","0.00","0.00","50.00","1872.27","0.00","1913.01","2449.15","1531.60","172.26","0.00"
2022,2023,"SWKE0078","SWKB0336","1671.93","0.00","1526.65","800.29","0.00","0.00","0.00","180.00","6032.38","0.00","3489.60","5892.83","2540.09","718.13","241.42"
2022,2023,"SWKE0329","SWKB0337","743.68","0.00","739.02","427.60","0.00","0.00","0.00","70.00","2728.26","347.96","1506.00","67056.41","57695.83","7120.45","2827.45"
2022,2023,"SWKE0273","SWKB0338","640.61","0.00","366.90","552.16","0.00","892.55","0.00","50.00","1712.27","0.00","1812.98","7783.54","2721.49","1034.37","0.00"
2022,2023,"SWKE0273","SWKB0339","672.82","0.00","569.85","301.35","0.00","866.35","0.00","60.00","2373.38","0.00","1579.83","7783.54","2721.49","1034.37","0.00"
2022,2023,"SWKE0273","SWKB0340","1793.90","0.00","281.75","734.09","0.00","2520.29","0.00","160.00","6265.73","0.00","5119.03","7783.54","2721.49","1034.37","0.00"
2022,2023,"SWKE0096","SWKB0397","0.00","0.00","1463.25","702.50","0.00","0.00","0.00","40.00","1739.75","95.20","2747.00","0.00","217.15","84.40","0.00"
2022,2023,"SWKE0273","SWKB0341","376.47","0.00","528.29","275.89","0.00","420.05","0.00","30.00","1184.28","0.00","853.15","7783.54","2721.49","1034.37","0.00"
2022,2023,"SWKE0060","SWKB0342","3387.00","0.00","1505.92","2102.29","2526.19","0.00","18106.66","110.00","3604.27","50.89","3621.23","2682.32","3077.49","1533.87","459.83"
2022,2023,"SWKE0041","SWKB0343","1008.82","0.00","1068.96","1167.25","0.00","0.00","0.00","80.00","3284.81","296.49","1919.18","66294.63","43369.16","23493.13","6607.17"
2022,2023,"SWKE0205","SWKB0344","953.05","0.00","66.57","606.48","0.00","0.00","0.00","60.00","2993.55","0.00","2806.44","5394.51","4703.63","599.78","95.62"
2022,2023,"SWKE0017","SWKB0345","103.79","0.00","204.20","36.34","0.00","0.00","0.00","10.00","339.82","0.00","246.94","11038.97","3490.54","1723.70","13544.02"
2022,2023,"SWKE0080","SWKB0346","739.44","0.00","3222.80","664.32","0.00","0.00","0.00","40.00","1688.92","57.24","1034.64","0.00","1293.36","0.00","159.68"
2022,2023,"SWKE0080","SWKB0347","462.36","0.00","432.40","685.96","0.00","0.00","0.00","40.00","1688.92","55.16","1034.64","0.00","1293.36","0.00","159.68"
2022,2023,"SWKE0081","SWKB0348","272.66","0.00","106.06","411.08","0.00","0.00","0.00","20.00","844.46","29.86","618.50","0.00","632.62","84.10","0.00"
2022,2023,"SWKE0274","SWKB0349","66.48","0.00","0.00","0.00","0.00","0.00","0.00","10.00","343.32","0.00","83.32","4758.09","2896.30","1515.54","462.79"
2022,2023,"SWKE0274","SWKB0350","283.00","0.00","342.40","421.38","0.00","0.00","0.00","20.00","844.46","0.00","813.36","4758.09","2896.30","1515.54","462.79"
2022,2023,"SWKE0045","SWKB0351","522.31","0.00","146.32","142.47","0.00","0.00","3681.07","10.00","422.23","0.00","434.19","21208.02","7811.54","2210.07","2040.28"
2022,2023,"SWKE0274","SWKB0352","653.32","0.00","176.50","499.76","0.00","0.00","4491.30","20.00","689.28","0.00","335.98","4758.09","2896.30","1515.54","462.79"
2022,2023,"SWKE0274","SWKB0353","549.14","0.00","87.86","537.12","0.00","0.00","3500.80","20.00","689.28","0.00","335.98","4758.09","2896.30","1515.54","462.79"
2022,2023,"SWKE0274","SWKB0354","1725.69","0.00","1119.84","971.07","0.00","0.00","10672.59","60.00","2300.61","0.00","1069.74","4758.09","2896.30","1515.54","462.79"
2022,2023,"SWKE0274","SWKB0355","342.33","0.00","146.62","256.16","0.00","0.00","2263.09","10.00","344.64","0.00","242.58","4758.09","2896.30","1515.54","462.79"
2022,2023,"SWKE0274","SWKB0356","288.70","0.00","59.05","316.79","0.00","0.00","1739.74","10.00","344.64","0.00","256.56","4758.09","2896.30","1515.54","462.79"
2022,2023,"SWKE0274","SWKB0357","899.09","0.00","413.50","605.09","0.00","0.00","5362.53","30.00","1189.10","0.00","842.18","4758.09","2896.30","1515.54","462.79"
2022,2023,"SWKE0297","SWKB0358","4158.56","0.00","1100.33","15465.87","0.00","900.27","17751.65","70.00","2403.24","0.00","2009.84","5805.44","4462.90","1573.29","537.57"
2022,2023,"SWKE0129","SWKB0359","4354.29","0.00","3604.86","17892.18","0.00","0.00","14480.64","90.00","3089.88","0.00","1541.16","33233.44","15254.16","6285.16","4205.47"
2022,2023,"SWKE0129","SWKB0360","1892.00","0.00","258.96","7941.12","0.00","0.00","6799.16","40.00","1373.28","0.00","1243.20","33233.44","15254.16","6285.16","4205.47"
2022,2023,"SWKE0048","SWKB0361","0.00","0.00","60.85","527.36","0.00","2369.31","0.00","50.00","2033.56","118.90","2107.00","0.00","3803.49","4526.42","13547.48"
2022,2023,"SWKE0113","SWKB0362","746.31","0.00","1503.17","617.28","0.00","0.00","0.00","60.00","2466.63","162.63","1477.58","9091.91","5982.86","2399.88","1941.64"
2022,2023,"SWKE0217","SWKB0363","997.26","0.00","1617.66","203.40","0.00","1650.36","0.00","60.00","2533.38","185.88","2168.28","9768.12","4798.38","1490.04","1113.40"
2022,2023,"SWKE0217","SWKB0364","308.72","0.00","301.64","331.20","0.00","0.00","0.00","20.00","855.30","128.26","843.22","9768.12","4798.38","1490.04","1113.40"
2022,2023,"SWKE0298","SWKB0365","826.17","0.00","675.81","17.13","0.00","0.00","5041.68","30.00","1033.92","0.00","94.35","4966.35","1032.35","1764.12","257.82"
2022,2023,"SWKE0298","SWKB0366","773.07","0.00","68.61","0.00","0.00","0.00","5134.83","30.00","1033.92","0.00","94.38","4966.35","1032.35","1764.12","257.82"
2022,2023,"SWKE0298","SWKB0367","293.56","0.00","0.00","0.00","0.00","0.00","2093.15","10.00","344.64","0.00","31.46","4966.35","1032.35","1764.12","257.82"
2022,2023,"SWKE0056","SWKB0368","7625.25","0.00","16021.77","4302.36","0.00","5150.82","30227.88","210.00","8634.06","695.13","5222.58","11236.68","2379.71","2129.49","2380.20"
2022,2023,"SWKE0084","SWKB0369","3705.67","0.00","4565.66","3298.46","0.00","0.00","0.00","360.00","13788.51","0.00","9244.38","9947.29","6767.48","5024.55","1002.80"
2022,2023,"SWKE0208","SWKB0370","1099.42","0.00","1828.05","2225.49","0.00","0.00","0.00","70.00","2396.24","1548.17","2100.43","2403.71","5063.13","2800.57","1360.06"
2022,2023,"SWKE0085","SWKB0371","410.54","0.00","920.67","189.21","0.00","495.03","0.00","30.00","1108.04","87.22","1094.21","211.09","0.00","0.00","0.00"
2022,2023,"SWKE0086","SWKB0372","777.73","0.00","1779.68","569.17","0.00","0.00","0.00","70.00","2636.96","152.33","1876.60","413.41","1254.52","667.53","92.21"
2022,2023,"SWKE0086","SWKB0373","754.50","0.00","699.61","994.29","0.00","0.00","0.00","60.00","2571.66","208.26","2183.79","413.41","1254.52","667.53","92.21"
2022,2023,"SWKE0086","SWKB0374","794.57","0.00","1716.23","902.29","0.00","0.00","0.00","60.00","2457.10","178.47","1913.84","413.41","1254.52","667.53","92.21"
2022,2023,"SWKE0041","SWKB0375","4944.71","0.00","3528.52","3011.09","0.00","3654.08","22781.48","170.00","7154.52","567.93","4911.42","66294.63","43369.16","23493.13","6607.17"
2022,2023,"SWKE0041","SWKB0376","1986.62","0.00","900.68","1018.42","0.00","1345.76","10469.66","60.00","2544.22","230.25","2043.38","66294.63","43369.16","23493.13","6607.17"
2022,2023,"SWKE0352","SWKB0377","1690.55","0.00","1827.20","1013.95","0.00","1202.60","8233.90","240.00","2111.15","173.35","1236.10","7891.72","6970.78","3122.20","1356.29"
2022,2023,"SWKE0239","SWKB0378","191.25","0.00","211.32","91.56","0.00","0.00","0.00","30.00","830.04","0.00","0.00","3103.27","1702.83","0.00","27.81"
2022,2023,"SWKE0082","SWKB0379","93.49","0.00","211.40","75.84","0.00","0.00","0.00","10.00","339.82","0.00","129.21","13658.39","5272.73","3668.66","2674.92"
2022,2023,"SWKE0089","SWKB0380","339.02","0.00","1019.88","261.14","0.00","0.00","0.00","20.00","844.46","10.90","274.48","143.66","668.98","166.70","0.00"
2022,2023,"SWKE0041","SWKB0381","857.22","0.00","1522.62","994.14","0.00","0.00","0.00","50.00","2565.90","0.00","2037.54","66294.63","43369.16","23493.13","6607.17"
2022,2023,"SWKE0090","SWKB0382","396.72","0.00","327.78","280.59","0.00","0.00","0.00","30.00","1266.69","98.13","916.14","2514.89","0.00","0.00","0.00"
2022,2023,"SWKE0090","SWKB0383","540.32","0.00","671.16","253.76","0.00","0.00","0.00","40.00","1688.92","130.84","1221.52","2514.89","0.00","0.00","0.00"
2022,2023,"SWKE0041","SWKB0384","837.46","0.00","1769.38","719.88","0.00","0.00","0.00","60.00","2478.07","0.00","2058.70","66294.63","43369.16","23493.13","6607.17"
2022,2023,"SWKE0041","SWKB0385","2524.11","0.00","4925.79","3464.01","0.00","0.00","0.00","170.00","6193.65","0.00","6197.91","66294.63","43369.16","23493.13","6607.17"
2022,2023,"SWKE0041","SWKB0386","186.06","0.00","202.40","151.22","0.00","0.00","0.00","20.00","689.28","56.39","415.60","66294.63","43369.16","23493.13","6607.17"
2022,2023,"SWKE0105","SWKB0387","245.62","0.00","153.20","172.76","0.00","0.00","0.00","20.00","689.28","33.78","384.86","33935.52","17358.14","7283.26","5522.11"
2022,2023,"SWKE0112","SWKB0388","2618.13","0.00","6901.80","1613.92","0.00","0.00","0.00","180.00","7078.80","0.00","5700.25","37372.02","29578.18","5048.69","2283.47"
2022,2023,"SWKE0303","SWKB0389","274.59","0.00","110.49","168.66","0.00","0.00","0.00","30.00","1029.96","0.00","829.56","3913.26","4496.29","2112.97","4221.99"
2022,2023,"SWKE0041","SWKB0390","5881.62","0.00","6873.88","2623.40","0.00","4563.52","28982.94","180.00","7435.32","578.24","4162.94","66294.63","43369.16","23493.13","6607.17"
2022,2023,"SWKE0092","SWKB0391","9592.55","0.00","8625.05","3429.59","0.00","0.00","51938.24","290.00","10155.24","1037.85","10482.50","25129.33","3853.35","3984.36","858.81"
2022,2023,"SWKE0093","SWKB0392","0.00","0.00","31.28","2308.60","0.00","0.00","0.00","20.00","844.46","0.00","0.00","0.00","0.00","0.00","16.74"
2022,2023,"SWKE0094","SWKB0393","3710.32","0.00","2969.09","9076.84","0.00","2124.65","0.00","190.00","7971.93","0.00","4697.68","4084.52","4501.25","1288.58","387.75"
2022,2023,"SWKE0095","SWKB0394","1793.22","0.00","1760.72","1697.28","0.00","2213.38","0.00","130.00","4406.87","0.00","3241.29","3210.74","1298.44","103.09","0.00"
2022,2023,"SWKE0120","SWKB0395","583.60","0.00","282.10","824.95","0.00","0.00","0.00","240.00","2111.15","0.00","1929.20","14622.22","9062.23","5281.87","1329.84"
2022,2023,"SWKE0048","SWKB0396","0.00","0.00","25.38","1222.40","0.00","4288.00","0.00","110.00","4489.35","23.57","4649.93","0.00","3803.49","4526.42","13547.48"
2022,2023,"SWKE0097","SWKB0398","1652.04","0.00","634.68","395.54","0.00","0.00","0.00","170.00","6119.14","0.00","4922.98","3914.80","0.00","467.40","65.72"
2022,2023,"SWKE0098","SWKB0399","1133.07","0.00","1251.09","648.81","0.00","0.00","0.00","100.00","3418.98","0.00","2454.96","1084.09","1746.88","709.86","15.99"
2022,2023,"SWKE0268","SWKB0400","4592.50","0.00","1666.40","2615.60","0.00","1376.60","26735.80","100.00","3389.90","400.40","2624.90","8828.25","3319.91","1881.60","21548.45"
2022,2023,"SWKE0099","SWKB0401","500.16","0.00","577.24","581.84","0.00","0.00","0.00","40.00","1378.56","124.60","1964.68","359.20","0.00","15.48","0.00"
2022,2023,"SWKE0210","SWKB0402","742.71","0.00","192.48","516.30","0.00","0.00","4011.24","30.00","1033.92","98.10","984.60","18399.95","6510.11","3421.44","2839.76"
2022,2023,"SWKE0101","SWKB0403","1096.44","0.00","867.06","1264.56","0.00","0.00","0.00","50.00","2033.94","0.00","2371.68","2247.06","1881.48","298.32","0.00"
2022,2023,"SWKE0102","SWKB0404","319.12","0.00","1498.83","912.79","0.00","0.00","0.00","10.00","422.23","61.67","147.82","147.82","0.00","0.00","0.00"
2022,2023,"SWKE0329","SWKB0405","2177.61","0.00","1762.56","1611.26","0.00","1586.77","0.00","170.00","7105.74","0.00","5404.81","67056.41","57695.83","7120.45","2827.45"
2022,2023,"SWKE0103","SWKB0406","932.66","0.00","633.76","5331.98","0.00","0.00","0.00","20.00","677.98","0.00","1206.30","3394.90","3514.66","253.89","588.83"
2022,2023,"SWKE0103","SWKB0407","427.27","0.00","595.79","2214.45","0.00","0.00","0.00","10.00","344.64","0.00","502.62","3394.90","3514.66","253.89","588.83"
2022,2023,"SWKE0103","SWKB0408","1535.57","0.00","1589.16","7499.24","0.00","0.00","0.00","50.00","1648.27","0.00","1173.43","3394.90","3514.66","253.89","588.83"
2022,2023,"SWKE0103","SWKB0409","976.66","0.00","630.33","5026.12","0.00","0.00","0.00","30.00","1111.28","0.00","783.83","3394.90","3514.66","253.89","588.83"
2022,2023,"SWKE0208","SWKB0410","1521.97","0.00","5075.66","2159.73","0.00","0.00","0.00","140.00","3433.20","0.00","3165.78","2403.71","5063.13","2800.57","1360.06"
2022,2023,"SWKE0255","SWKB0411","578.52","0.00","490.29","187.22","0.00","0.00","0.00","60.00","2057.74","0.00","968.25","8620.80","4451.99","542.09","887.86"
2022,2023,"SWKE0104","SWKB0412","103.11","0.00","112.48","128.88","0.00","0.00","0.00","10.00","343.32","0.00","158.17","133.86","152.30","2.13","0.00"
2022,2023,"SWKE0288","SWKB0413","2658.32","0.00","984.88","17598.48","0.00","1472.56","0.00","80.00","3377.84","0.00","1841.68","36388.87","15134.54","3958.58","5509.76"
2022,2023,"SWKE0254","SWKB0414","3639.24","0.00","1644.43","340.82","0.00","291.08","25775.68","100.00","3405.53","42.06","2675.96","28014.15","12841.99","3467.67","2878.73"
2022,2023,"SWKE0254","SWKB0415","3447.07","0.00","1948.39","1010.88","0.00","326.40","24091.54","70.00","2451.83","163.50","2449.23","28014.15","12841.99","3467.67","2878.73"
2022,2023,"SWKE0254","SWKB0416","3027.97","0.00","1105.33","1052.76","0.00","201.92","22042.99","100.00","2175.15","64.18","1965.41","28014.15","12841.99","3467.67","2878.73"
2022,2023,"SWKE0254","SWKB0417","4498.08","0.00","2032.61","1478.69","0.00","418.05","30992.52","120.00","4015.55","240.12","3135.83","28014.15","12841.99","3467.67","2878.73"
2022,2023,"SWKE0109","SWKB0418","717.16","0.00","1317.80","685.30","0.00","1105.24","0.00","40.00","1533.74","125.12","1503.44","28993.09","13027.12","5731.74","8768.26"
2022,2023,"SWKE0109","SWKB0419","1464.60","0.00","793.91","2097.93","0.00","2064.37","0.00","120.00","3421.20","268.15","3761.93","28993.09","13027.12","5731.74","8768.26"
2022,2023,"SWKE0109","SWKB0420","508.90","0.00","480.54","612.82","0.00","1760.34","0.00","20.00","844.46","63.48","832.12","28993.09","13027.12","5731.74","8768.26"
2022,2023,"SWKE0352","SWKB0421","5998.68","0.00","5322.26","3936.84","0.00","5052.66","30407.68","370.00","7444.96","50.88","3858.92","7891.72","6970.78","3122.20","1356.29"
2022,2023,"SWKE0109","SWKB0422","459.64","0.00","822.06","300.87","0.00","0.00","0.00","30.00","1189.10","251.85","1330.91","28993.09","13027.12","5731.74","8768.26"
2022,2023,"SWKE0041","SWKB0423","4208.28","0.00","5878.95","1578.50","0.00","2874.44","21216.30","120.00","4984.35","389.20","2740.03","66294.63","43369.16","23493.13","6607.17"
2022,2023,"SWKE0083","SWKB0424","3576.71","0.00","6275.34","3543.84","0.00","2340.01","0.00","150.00","6344.29","0.00","5658.47","4370.10","2288.03","5546.71","4824.68"
2022,2023,"SWKE0106","SWKB0425","1632.87","0.00","13068.18","0.00","0.00","0.00","0.00","50.00","1719.24","0.00","68.06","191.98","349.66","72.38","2347.68"
2022,2023,"SWKE0106","SWKB0426","371.11","0.00","138.10","243.18","0.00","0.00","0.00","50.00","1719.24","0.00","122.11","191.98","349.66","72.38","2347.68"
2022,2023,"SWKE0087","SWKB0427","932.26","0.00","2738.72","246.66","0.00","0.00","0.00","80.00","2901.14","0.00","1892.42","9590.04","5415.19","1480.71","1213.61"
2022,2023,"SWKE0045","SWKB0428","264.25","0.00","238.96","174.86","0.00","0.00","0.00","20.00","766.87","67.46","666.86","21208.02","7811.54","2210.07","2040.28"
2022,2023,"SWKE0129","SWKB0429","845.56","0.00","1476.84","1415.28","0.00","1426.52","0.00","40.00","1688.92","0.00","1330.12","33233.44","15254.16","6285.16","4205.47"
2022,2023,"SWKE0268","SWKB0430","376.90","0.00","390.16","499.92","0.00","0.00","0.00","20.00","686.64","65.41","466.70","8828.25","3319.91","1881.60","21548.45"
2022,2023,"SWKE0048","SWKB0431","0.00","0.00","99.01","1597.22","0.00","0.00","0.00","110.00","3522.67","261.29","3878.75","0.00","3803.49","4526.42","13547.48"
2022,2023,"SWKE0299","SWKB0432","1222.60","0.00","255.29","127.06","0.00","0.00","8441.32","50.00","1712.27","0.00","263.65","3953.86","2935.48","5156.26","898.71"
2022,2023,"SWKE0299","SWKB0433","538.78","0.00","454.72","0.00","0.00","0.00","3511.50","20.00","686.64","0.00","147.76","3953.86","2935.48","5156.26","898.71"
2022,2023,"SWKE0198","SWKB0434","412.18","0.00","84.90","54.78","0.00","0.00","1373.68","30.00","1104.54","63.30","897.31","10806.74","4473.97","1968.42","1238.25"
2022,2023,"SWKE0174","SWKB0435","1956.00","0.00","822.84","191.94","0.00","0.00","12524.82","60.00","2533.38","153.66","1832.28","6623.36","6537.01","871.95","35.77"
2022,2023,"SWKE0001","SWKB0436","2680.17","0.00","4271.35","3085.19","0.00","0.00","7510.71","130.00","4379.98","537.78","3672.21","4216.67","1084.33","457.19","162.57"
2022,2023,"SWKE0021","SWKB0437","1940.56","0.00","6609.05","713.48","0.00","0.00","8168.08","50.00","1717.20","0.00","1163.98","11477.97","6872.37","2775.59","5106.47"
2022,2023,"SWKE0027","SWKB0438","124.22","0.00","98.02","0.00","0.00","0.00","0.00","20.00","689.28","0.00","49.34","4847.57","1070.16","899.57","563.44"
2022,2023,"SWKE0027","SWKB0439","151.60","0.00","371.90","0.00","0.00","0.00","0.00","20.00","689.28","0.00","49.34","4847.57","1070.16","899.57","563.44"
2022,2023,"SWKE0027","SWKB0440","124.69","0.00","674.88","0.00","0.00","0.00","0.00","10.00","344.64","0.00","24.67","4847.57","1070.16","899.57","563.44"
2022,2023,"SWKE0027","SWKB0441","636.12","0.00","65.65","0.00","0.00","0.00","0.00","330.00","3430.19","0.00","269.44","4847.57","1070.16","899.57","563.44"
2022,2023,"SWKE0254","SWKB0442","662.78","0.00","249.48","120.88","0.00","0.00","4446.34","20.00","689.28","65.40","680.72","28014.15","12841.99","3467.67","2878.73"
2022,2023,"SWKE0254","SWKB0443","1870.63","0.00","3031.42","573.15","0.00","0.00","11469.83","30.00","1126.67","50.86","1515.14","28014.15","12841.99","3467.67","2878.73"
2022,2023,"SWKE0218","SWKB0444","1363.12","0.00","2526.32","936.52","0.00","1224.82","0.00","100.00","3911.94","0.00","2381.32","19320.99","3914.18","2309.77","420.49"
2022,2023,"SWKE0148","SWKB0445","738.57","0.00","712.62","700.92","0.00","1226.45","0.00","60.00","2033.94","113.20","1528.62","2543.66","3732.20","801.83","396.97"
2022,2023,"SWKE0148","SWKB0446","1062.77","0.00","1283.43","4997.41","0.00","0.00","0.00","50.00","1656.43","0.00","1917.69","2543.66","3732.20","801.83","396.97"
2022,2023,"SWKE0112","SWKB0447","352.64","0.00","0.00","-65.40","0.00","0.00","0.00","40.00","1378.56","0.00","1300.00","37372.02","29578.18","5048.69","2283.47"
2022,2023,"SWKE0189","SWKB0448","206.61","0.00","554.37","145.40","0.00","0.00","0.00","10.00","427.65","0.00","563.50","2142.05","0.00","398.22","0.00"
2022,2023,"SWKE0107","SWKB0449","37.77","0.00","33.10","0.00","0.00","0.00","0.00","0.00","344.64","0.00","0.00","1282.28","2945.36","47.10","0.00"
2022,2023,"SWKE0107","SWKB0450","55.84","0.00","0.00","0.00","0.00","0.00","0.00","10.00","344.64","0.00","0.00","1282.28","2945.36","47.10","0.00"
2022,2023,"SWKE0107","SWKB0451","67.87","0.00","0.00","0.00","0.00","0.00","0.00","10.00","422.23","0.00","0.00","1282.28","2945.36","47.10","0.00"
2022,2023,"SWKE0107","SWKB0452","123.71","0.00","0.00","0.00","0.00","0.00","0.00","20.00","766.87","0.00","0.00","1282.28","2945.36","47.10","0.00"
2022,2023,"SWKE0107","SWKB0453","67.87","0.00","0.00","0.00","0.00","0.00","0.00","10.00","422.23","0.00","0.00","1282.28","2945.36","47.10","0.00"
2022,2023,"SWKE0107","SWKB0454","67.87","0.00","0.00","0.00","0.00","0.00","0.00","10.00","422.23","0.00","0.00","1282.28","2945.36","47.10","0.00"
2022,2023,"SWKE0107","SWKB0455","42.22","0.00","0.00","0.00","0.00","0.00","0.00","10.00","422.23","0.00","0.00","1282.28","2945.36","47.10","0.00"
2022,2023,"SWKE0107","SWKB0456","123.71","0.00","0.00","0.00","0.00","0.00","0.00","20.00","766.87","0.00","0.00","1282.28","2945.36","47.10","0.00"
2022,2023,"SWKE0107","SWKB0457","55.84","0.00","0.00","0.00","0.00","0.00","0.00","10.00","344.64","0.00","0.00","1282.28","2945.36","47.10","0.00"
2022,2023,"SWKE0107","SWKB0458","71.84","0.00","39.72","0.00","0.00","0.00","0.00","10.00","422.23","0.00","0.00","1282.28","2945.36","47.10","0.00"
2022,2023,"SWKE0107","SWKB0459","42.22","0.00","0.00","0.00","0.00","0.00","0.00","10.00","422.23","0.00","0.00","1282.28","2945.36","47.10","0.00"
2022,2023,"SWKE0107","SWKB0460","55.84","0.00","0.00","0.00","0.00","0.00","0.00","10.00","344.64","0.00","0.00","1282.28","2945.36","47.10","0.00"
2022,2023,"SWKE0107","SWKB0461","123.71","0.00","0.00","0.00","0.00","0.00","0.00","20.00","766.87","0.00","0.00","1282.28","2945.36","47.10","0.00"
2022,2023,"SWKE0107","SWKB0462","83.96","0.00","160.83","0.00","0.00","0.00","0.00","10.00","422.23","0.00","0.00","1282.28","2945.36","47.10","0.00"
2022,2023,"SWKE0107","SWKB0463","67.87","0.00","0.00","0.00","0.00","0.00","0.00","10.00","422.23","0.00","0.00","1282.28","2945.36","47.10","0.00"
2022,2023,"SWKE0228","SWKB0464","928.00","0.00","2095.76","250.08","0.00","0.00","0.00","70.00","2746.56","0.00","2320.64","3444.86","0.00","258.30","196.70"
2022,2023,"SWKE0107","SWKB0465","55.84","0.00","0.00","0.00","0.00","0.00","0.00","10.00","344.64","0.00","0.00","1282.28","2945.36","47.10","0.00"
2022,2023,"SWKE0107","SWKB0466","102.33","0.00","0.00","0.00","0.00","0.00","0.00","20.00","766.87","0.00","0.00","1282.28","2945.36","47.10","0.00"
2022,2023,"SWKE0107","SWKB0467","61.79","0.00","33.10","26.41","0.00","0.00","0.00","10.00","344.64","0.00","0.00","1282.28","2945.36","47.10","0.00"
2022,2023,"SWKE0201","SWKB0468","725.58","0.00","732.60","332.60","0.00","812.07","0.00","50.00","2138.93","163.53","1424.00","36636.71","15477.74","7328.70","4457.84"
2022,2023,"SWKE0345","SWKB0469","0.00","0.00","2970.14","557.44","0.00","0.00","0.00","50.00","2121.99","0.00","1648.47","0.00","4652.46","495.01","532.60"
2022,2023,"SWKE0345","SWKB0470","0.00","0.00","1125.00","200.84","0.00","0.00","0.00","10.00","855.30","0.00","721.20","0.00","4652.46","495.01","532.60"
2022,2023,"SWKE0010","SWKB0471","0.00","0.00","237.50","4372.86","0.00","0.00","0.00","20.00","677.98","48.76","981.44","7.03","1339.64","369.90","0.00"
2022,2023,"SWKE0290","SWKB0472","3609.99","0.00","2049.07","3743.07","0.00","0.00","0.00","420.00","14144.88","1246.20","7301.03","6743.02","4905.29","700.05","382.49"
2022,2023,"SWKE0290","SWKB0473","798.30","0.00","2277.86","837.71","0.00","0.00","0.00","50.00","2132.83","207.41","1266.60","6743.02","4905.29","700.05","382.49"
2022,2023,"SWKE0156","SWKB0474","310.30","0.00","603.10","346.24","0.00","0.00","0.00","20.00","844.46","32.80","667.38","18101.96","6570.48","4272.51","2078.74"
2022,2023,"SWKE0159","SWKB0475","494.28","0.00","285.08","468.20","0.00","432.40","0.00","230.00","1378.56","43.28","1172.64","6810.30","9513.82","1331.17","444.73"
2022,2023,"SWKE0198","SWKB0476","561.65","0.00","36.96","505.51","0.00","0.00","861.30","50.00","1707.94","68.57","1492.69","10806.74","4473.97","1968.42","1238.25"
2022,2023,"SWKE0145","SWKB0477","970.51","0.00","1322.25","964.86","0.00","1757.78","0.00","60.00","2571.66","201.90","1534.43","28851.81","12285.67","6990.17","3304.06"
2022,2023,"SWKE0129","SWKB0478","828.16","0.00","394.54","1081.76","0.00","1001.29","0.00","50.00","2443.02","0.00","1413.97","33233.44","15254.16","6285.16","4205.47"
2022,2023,"SWKE0108","SWKB0479","435.96","0.00","1087.44","208.48","0.00","1382.06","0.00","20.00","689.28","121.30","737.02","133.92","0.00","0.00","0.00"
2022,2023,"SWKE0345","SWKB0480","0.00","0.00","1678.46","216.20","0.00","0.00","0.00","20.00","855.30","0.00","704.54","0.00","4652.46","495.01","532.60"
2022,2023,"SWKE0345","SWKB0481","0.00","0.00","771.66","292.00","0.00","0.00","0.00","30.00","1289.05","0.00","1107.17","0.00","4652.46","495.01","532.60"
2022,2023,"SWKE0122","SWKB0482","179.87","0.00","0.00","0.00","0.00","0.00","0.00","30.00","0.00","0.00","0.00","20294.21","4938.76","614.23","5108.91"
2022,2023,"SWKE0008","SWKB0483","423.00","0.00","233.95","117.90","0.00","0.00","0.00","50.00","1694.95","0.00","1411.15","3589.01","3127.38","2324.56","3032.25"
2022,2023,"SWKE0008","SWKB0484","516.81","0.00","1020.40","217.20","0.00","0.00","0.00","50.00","1694.95","98.10","1365.20","3589.01","3127.38","2324.56","3032.25"
2022,2023,"SWKE0182","SWKB0485","1923.17","0.00","1730.72","1404.67","0.00","0.00","0.00","130.00","5521.51","0.00","3151.94","2640.87","6088.88","614.81","1524.35"
2022,2023,"SWKE0145","SWKB0486","594.29","0.00","992.67","819.14","0.00","0.00","0.00","50.00","1962.33","0.00","1256.68","28851.81","12285.67","6990.17","3304.06"
2022,2023,"SWKE0011","SWKB0487","829.66","0.00","618.13","487.72","0.00","1375.13","0.00","70.00","2894.28","0.00","1489.10","3952.45","5387.09","1141.47","489.61"
2022,2023,"SWKE0087","SWKB0488","1201.08","0.00","2716.73","767.40","0.00","0.00","0.00","110.00","3833.78","0.00","2625.31","9590.04","5415.19","1480.71","1213.61"
2022,2023,"SWKE0122","SWKB0489","132.56","0.00","0.00","0.00","0.00","0.00","0.00","20.00","0.00","0.00","0.00","20294.21","4938.76","614.23","5108.91"
2022,2023,"SWKE0122","SWKB0490","293.47","0.00","0.00","0.00","0.00","0.00","0.00","50.00","0.00","0.00","0.00","20294.21","4938.76","614.23","5108.91"
2022,2023,"SWKE0122","SWKB0491","303.39","0.00","0.00","0.00","0.00","0.00","0.00","30.00","1033.92","0.00","579.90","20294.21","4938.76","614.23","5108.91"
2022,2023,"SWKE0122","SWKB0492","47.33","0.00","0.00","0.00","0.00","0.00","0.00","10.00","0.00","0.00","0.00","20294.21","4938.76","614.23","5108.91"
2022,2023,"SWKE0122","SWKB0493","179.87","0.00","0.00","0.00","0.00","0.00","0.00","30.00","0.00","0.00","0.00","20294.21","4938.76","614.23","5108.91"
2022,2023,"SWKE0122","SWKB0494","179.88","0.00","0.00","0.00","0.00","0.00","0.00","30.00","0.00","0.00","0.00","20294.21","4938.76","614.23","5108.91"
2022,2023,"SWKE0110","SWKB0495","0.00","0.00","309.85","1115.04","0.00","1239.24","0.00","90.00","3179.35","282.15","3081.63","0.00","331.15","996.17","326.93"
2022,2023,"SWKE0110","SWKB0496","0.00","0.00","293.22","1328.94","0.00","1566.29","0.00","50.00","1878.38","167.05","1808.78","0.00","331.15","996.17","326.93"
2022,2023,"SWKE0110","SWKB0497","0.00","0.00","484.22","2808.56","0.00","1052.40","0.00","60.00","2378.20","202.18","2277.72","0.00","331.15","996.17","326.93"
2022,2023,"SWKE0110","SWKB0498","0.00","0.00","1332.50","2890.93","0.00","909.12","0.00","60.00","2145.43","194.44","1889.02","0.00","331.15","996.17","326.93"
2022,2023,"SWKE0110","SWKB0499","0.00","0.00","349.56","3387.48","0.00","1573.14","0.00","50.00","2533.38","198.96","2411.70","0.00","331.15","996.17","326.93"
2022,2023,"SWKE0110","SWKB0500","0.00","0.00","687.92","2972.43","0.00","1410.15","0.00","60.00","2455.79","196.23","2344.71","0.00","331.15","996.17","326.93"
2022,2023,"SWKE0110","SWKB0501","0.00","0.00","457.66","3342.78","0.00","1840.93","0.00","70.00","2955.61","232.12","2813.65","0.00","331.15","996.17","326.93"
2022,2023,"SWKE0110","SWKB0502","0.00","0.00","1162.33","2833.76","0.00","1351.33","0.00","70.00","2567.66","685.79","2478.70","0.00","331.15","996.17","326.93"
2022,2023,"SWKE0110","SWKB0503","0.00","0.00","1821.04","2185.56","0.00","1898.30","0.00","60.00","2300.61","164.82","2210.73","0.00","331.15","996.17","326.93"
2022,2023,"SWKE0110","SWKB0504","0.00","0.00","3982.51","2474.71","0.00","2244.48","0.00","70.00","2955.61","235.48","2813.65","0.00","331.15","996.17","326.93"
2022,2023,"SWKE0110","SWKB0505","0.00","0.00","991.16","1831.73","0.00","998.39","0.00","50.00","1966.81","152.41","2009.75","0.00","331.15","996.17","326.93"
2022,2023,"SWKE0110","SWKB0506","0.00","0.00","453.96","1160.28","0.00","1260.27","0.00","90.00","3334.53","277.05","3215.61","0.00","331.15","996.17","326.93"
2022,2023,"SWKE0110","SWKB0507","0.00","0.00","544.04","1767.92","0.00","3156.72","0.00","120.00","4824.96","457.80","4689.44","0.00","331.15","996.17","326.93"
2022,2023,"SWKE0110","SWKB0508","0.00","0.00","691.90","1434.80","0.00","1762.40","0.00","100.00","4222.30","339.10","4069.80","0.00","331.15","996.17","326.93"
2022,2023,"SWKE0110","SWKB0509","0.00","0.00","2125.26","1848.92","0.00","2774.25","0.00","140.00","5295.92","460.07","5158.37","0.00","331.15","996.17","326.93"
2022,2023,"SWKE0110","SWKB0510","0.00","0.00","1385.01","1821.77","0.00","2281.09","0.00","150.00","5579.83","512.74","5627.31","0.00","331.15","996.17","326.93"
2022,2023,"SWKE0110","SWKB0511","0.00","0.00","581.12","1640.30","0.00","2568.29","0.00","100.00","3504.71","319.56","3148.63","0.00","331.15","996.17","326.93"
2022,2023,"SWKE0110","SWKB0512","0.00","0.00","770.46","2817.00","0.00","1585.26","0.00","40.00","2533.38","196.26","2411.70","0.00","331.15","996.17","326.93"
2022,2023,"SWKE0110","SWKB0513","0.00","0.00","1254.60","2676.24","0.00","1708.65","0.00","90.00","3101.76","354.96","3014.64","0.00","331.15","996.17","326.93"
2022,2023,"SWKE0110","SWKB0514","0.00","0.00","1482.84","3853.44","0.00","1264.86","0.00","90.00","3101.76","297.18","3014.64","0.00","331.15","996.17","326.93"
2022,2023,"SWKE0110","SWKB0515","0.00","0.00","870.18","2831.64","0.00","1468.15","0.00","60.00","2533.38","196.26","2411.70","0.00","331.15","996.17","326.93"
2022,2023,"SWKE0218","SWKB0516","579.21","0.00","614.13","348.53","0.00","0.00","0.00","50.00","1882.25","0.00","1432.82","19320.99","3914.18","2309.77","420.49"
2022,2023,"SWKE0218","SWKB0517","874.11","0.00","1013.34","289.71","0.00","0.00","0.00","120.00","2934.00","0.00","2194.29","19320.99","3914.18","2309.77","420.49"
2022,2023,"SWKE0307","SWKB0518","258.89","0.00","333.06","293.68","0.00","265.95","0.00","10.00","347.95","560.56","409.39","10327.23","10931.39","1722.40","2244.32"
2022,2023,"SWKE0113","SWKB0519","2867.07","0.00","5734.95","1942.37","0.00","0.00","0.00","290.00","10045.48","777.62","5344.76","9091.91","5982.86","2399.88","1941.64"
2022,2023,"SWKE0041","SWKB0520","2846.25","0.00","1657.21","776.02","0.00","0.00","17277.76","110.00","3663.91","518.14","2546.72","66294.63","43369.16","23493.13","6607.17"
2022,2023,"SWKE0041","SWKB0521","4603.24","0.00","446.42","784.04","0.00","0.00","28965.96","160.00","6005.10","535.10","5180.58","66294.63","43369.16","23493.13","6607.17"
2022,2023,"SWKE0041","SWKB0522","1797.23","0.00","2392.64","310.20","0.00","0.00","10620.29","50.00","1953.33","196.23","1393.08","66294.63","43369.16","23493.13","6607.17"
2022,2023,"SWKE0286","SWKB0523","257.70","0.00","447.30","110.78","0.00","174.80","0.00","20.00","689.28","92.44","723.24","7392.35","3663.39","3063.13","598.47"
2022,2023,"SWKE0114","SWKB0524","4198.01","0.00","9930.89","2291.37","0.00","5533.50","0.00","200.00","8113.48","4503.21","6114.89","3773.94","4132.29","626.66","1842.66"
2022,2023,"SWKE0114","SWKB0525","247.49","0.00","120.48","107.16","0.00","0.00","1395.99","10.00","339.82","0.00","358.88","3773.94","4132.29","626.66","1842.66"
2022,2023,"SWKE0112","SWKB0526","1399.90","0.00","1301.18","762.04","0.00","0.00","0.00","120.00","4523.63","0.00","4443.69","37372.02","29578.18","5048.69","2283.47"
2022,2023,"SWKE0079","SWKB0527","810.60","0.00","1032.70","694.10","0.00","0.00","0.00","50.00","2111.15","0.00","2730.35","17553.15","7775.92","656.97","120.30"
2022,2023,"SWKE0079","SWKB0528","1471.77","0.00","2177.01","1057.32","0.00","0.00","0.00","90.00","3800.07","0.00","4914.63","17553.15","7775.92","656.97","120.30"
2022,2023,"SWKE0079","SWKB0529","60.09","0.00","0.00","0.00","0.00","0.00","0.00","10.00","344.64","0.00","0.00","17553.15","7775.92","656.97","120.30"
2022,2023,"SWKE0079","SWKB0530","137.76","0.00","175.72","0.00","0.00","0.00","0.00","20.00","689.28","0.00","0.00","17553.15","7775.92","656.97","120.30"
2022,2023,"SWKE0111","SWKB0531","0.00","0.00","15301.16","4199.34","0.00","0.00","18769.29","90.00","3062.21","0.00","3119.48","0.00","6114.08","2844.13","77.17"
2022,2023,"SWKE0111","SWKB0532","0.00","0.00","5497.81","1127.66","0.00","0.00","36094.03","160.00","6108.21","620.63","6169.05","0.00","6114.08","2844.13","77.17"
2022,2023,"SWKE0111","SWKB0533","0.00","0.00","13882.98","844.52","0.00","0.00","20330.31","90.00","3118.31","0.00","3482.12","0.00","6114.08","2844.13","77.17"
2022,2023,"SWKE0111","SWKB0534","0.00","0.00","26809.33","2407.87","0.00","0.00","22543.91","140.00","4742.81","465.34","4256.75","0.00","6114.08","2844.13","77.17"
2022,2023,"SWKE0286","SWKB0535","922.69","0.00","1157.09","2045.71","0.00","0.00","0.00","60.00","2106.69","0.00","2574.43","7392.35","3663.39","3063.13","598.47"
2022,2023,"SWKE0329","SWKB0536","834.42","0.00","830.22","1659.86","0.00","732.92","0.00","60.00","2065.20","0.00","1621.12","67056.41","57695.83","7120.45","2827.45"
2022,2023,"SWKE0087","SWKB0537","870.50","0.00","2572.92","270.72","0.00","0.00","0.00","80.00","2816.81","0.00","1597.21","9590.04","5415.19","1480.71","1213.61"
2022,2023,"SWKE0201","SWKB0538","721.63","0.00","1101.39","710.74","0.00","752.25","0.00","40.00","1774.05","137.80","1458.36","36636.71","15477.74","7328.70","4457.84"
2022,2023,"SWKE0157","SWKB0539","0.00","0.00","396.36","588.32","0.00","676.34","0.00","20.00","686.64","664.34","1076.24","0.00","12815.76","10556.31","1043.51"
2022,2023,"SWKE0079","SWKB0540","870.18","0.00","385.20","661.20","0.00","0.00","0.00","60.00","2533.38","0.00","3276.42","17553.15","7775.92","656.97","120.30"
2022,2023,"SWKE0079","SWKB0541","631.80","0.00","573.76","640.80","0.00","0.00","0.00","40.00","1688.92","0.00","2184.28","17553.15","7775.92","656.97","120.30"
2022,2023,"SWKE0079","SWKB0542","109.62","0.00","569.35","0.00","0.00","0.00","0.00","10.00","302.15","0.00","0.00","17553.15","7775.92","656.97","120.30"
2022,2023,"SWKE0117","SWKB0543","378.63","0.00","916.89","349.32","0.00","0.00","0.00","30.00","1033.92","456.33","775.20","647.06","0.00","62.74","0.00"
2022,2023,"SWKE0117","SWKB0544","635.16","0.00","414.51","822.63","0.00","637.52","0.00","70.00","2645.25","32.68","1343.68","647.06","0.00","62.74","0.00"
2022,2023,"SWKE0118","SWKB0545","439.84","0.00","588.42","597.53","0.00","691.53","0.00","40.00","1456.15","0.00","775.20","710.19","0.00","128.21","0.00"
2022,2023,"SWKE0118","SWKB0546","864.42","0.00","2211.78","618.66","0.00","1646.70","0.00","60.00","2067.84","0.00","1550.40","710.19","0.00","128.21","0.00"
2022,2023,"SWKE0119","SWKB0547","7591.59","0.00","5944.73","12125.73","22532.84","7695.38","0.00","550.00","11238.35","3291.20","7234.70","7478.12","216.06","1046.96","743.96"
2022,2023,"SWKE0291","SWKB0548","2233.88","0.00","2453.70","717.54","0.00","951.10","10748.34","60.00","2959.78","0.00","1856.85","58565.61","9635.91","7060.54","879.53"
2022,2023,"SWKE0129","SWKB0549","510.92","0.00","1055.96","247.92","0.00","0.00","0.00","40.00","1373.28","0.00","1127.76","33233.44","15254.16","6285.16","4205.47"
2022,2023,"SWKE0129","SWKB0550","897.75","0.00","385.89","5824.95","0.00","0.00","0.00","30.00","1029.96","0.00","758.55","33233.44","15254.16","6285.16","4205.47"
2022,2023,"SWKE0156","SWKB0551","408.04","0.00","899.75","275.65","0.00","0.00","0.00","70.00","1266.69","42.72","834.22","18101.96","6570.48","4272.51","2078.74"
2022,2023,"SWKE0329","SWKB0552","1104.02","0.00","4248.98","193.68","0.00","431.18","0.00","60.00","2544.22","200.44","1817.92","67056.41","57695.83","7120.45","2827.45"
2022,2023,"SWKE0261","SWKB0553","3262.11","0.00","1158.51","6525.17","0.00","759.72","15529.10","80.00","2843.27","0.00","2710.17","10869.53","2265.24","1514.86","332.26"
2022,2023,"SWKE0011","SWKB0554","1082.87","0.00","1193.08","2259.29","0.00","1025.39","0.00","70.00","3145.07","222.99","1518.14","3952.45","5387.09","1141.47","489.61"
2022,2023,"SWKE0259","SWKB0555","183.89","0.00","231.10","112.11","0.00","589.45","0.00","10.00","338.99","29.07","352.77","7056.09","10017.05","3543.05","651.89"
2022,2023,"SWKE0328","SWKB0556","7925.41","0.00","17800.64","4628.24","0.00","4842.16","29428.15","140.00","6888.48","90.72","5024.88","16278.41","33261.27","7166.77","1330.05"
2022,2023,"SWKE0299","SWKB0557","1767.84","0.00","361.38","83.47","0.00","0.00","10496.90","60.00","2083.01","327.05","2606.43","3953.86","2935.48","5156.26","898.71"
2022,2023,"SWKE0109","SWKB0558","133.06","0.00","169.55","87.75","0.00","0.00","0.00","10.00","344.64","0.00","522.36","28993.09","13027.12","5731.74","8768.26"
2022,2023,"SWKE0109","SWKB0559","133.98","0.00","0.00","0.00","0.00","0.00","0.00","20.00","844.46","0.00","0.00","28993.09","13027.12","5731.74","8768.26"
2022,2023,"SWKE0109","SWKB0560","133.98","0.00","0.00","0.00","0.00","0.00","0.00","20.00","844.46","0.00","0.00","28993.09","13027.12","5731.74","8768.26"
2022,2023,"SWKE0109","SWKB0561","245.22","0.00","1112.50","0.00","0.00","0.00","0.00","20.00","844.46","0.00","0.00","28993.09","13027.12","5731.74","8768.26"
2022,2023,"SWKE0109","SWKB0562","73.57","0.00","53.23","12.57","0.00","0.00","0.00","10.00","422.23","0.00","0.00","28993.09","13027.12","5731.74","8768.26"
2022,2023,"SWKE0109","SWKB0563","132.91","0.00","659.25","0.00","0.00","0.00","0.00","10.00","422.23","0.00","0.00","28993.09","13027.12","5731.74","8768.26"
2022,2023,"SWKE0109","SWKB0564","154.32","0.00","203.54","0.00","0.00","0.00","0.00","20.00","844.46","0.00","0.00","28993.09","13027.12","5731.74","8768.26"
2022,2023,"SWKE0109","SWKB0565","163.60","0.00","450.06","0.00","0.00","0.00","0.00","20.00","844.46","0.00","0.00","28993.09","13027.12","5731.74","8768.26"
2022,2023,"SWKE0121","SWKB0566","292.39","0.00","727.38","0.00","0.00","0.00","0.00","60.00","2051.80","0.00","0.00","0.00","144.47","0.00","0.00"
2022,2023,"SWKE0124","SWKB0567","123.39","0.00","104.42","49.56","0.00","0.00","0.00","10.00","338.99","0.00","430.66","258.64","0.00","11.82","39.80"
2022,2023,"SWKE0125","SWKB0568","164.54","0.00","79.40","144.33","0.00","0.00","0.00","10.00","422.23","0.00","676.11","323.32","0.00","0.00","0.00"
2022,2023,"SWKE0254","SWKB0569","3892.08","0.00","762.06","1233.25","0.00","2227.40","25773.01","70.00","2707.26","116.99","3921.79","28014.15","12841.99","3467.67","2878.73"
2022,2023,"SWKE0254","SWKB0570","3538.99","0.00","655.50","295.05","0.00","915.30","24091.40","100.00","3433.43","214.29","3718.85","28014.15","12841.99","3467.67","2878.73"
2022,2023,"SWKE0329","SWKB0571","3370.10","0.00","5006.39","3068.32","0.00","0.00","0.00","280.00","11716.38","0.00","6524.00","67056.41","57695.83","7120.45","2827.45"
2022,2023,"SWKE0033","SWKB0572","314.66","0.00","46.27","188.96","0.00","0.00","0.00","30.00","1111.51","86.31","1019.04","8881.31","3400.90","2480.48","1457.53"
2022,2023,"SWKE0210","SWKB0573","3156.66","0.00","3833.52","734.90","0.00","0.00","18235.56","90.00","3197.36","0.00","2888.55","18399.95","6510.11","3421.44","2839.76"
2022,2023,"SWKE0126","SWKB0574","565.65","0.00","1079.65","222.55","0.00","733.63","0.00","50.00","2138.59","148.92","940.90","290.98","0.00","48.56","52.74"
2022,2023,"SWKE0056","SWKB0575","159.32","0.00","44.40","18.52","0.00","0.00","0.00","20.00","689.28","0.00","348.94","11236.68","2379.71","2129.49","2380.20"
2022,2023,"SWKE0145","SWKB0576","1611.47","0.00","3144.81","1276.19","0.00","1397.64","0.00","130.00","5045.81","407.38","2453.00","28851.81","12285.67","6990.17","3304.06"
2022,2023,"SWKE0259","SWKB0577","314.87","0.00","742.34","390.52","0.00","218.40","0.00","20.00","849.88","0.00","545.87","7056.09","10017.05","3543.05","651.89"
2022,2023,"SWKE0123","SWKB0578","350.92","0.00","346.36","166.10","0.00","0.00","0.00","20.00","855.30","65.42","820.58","5826.56","3704.64","1066.01","253.53"
2022,2023,"SWKE0041","SWKB0579","47.84","0.00","115.45","17.09","0.00","0.00","0.00","0.00","245.79","0.00","0.00","66294.63","43369.16","23493.13","6607.17"
2022,2023,"SWKE0041","SWKB0580","515.97","0.00","641.96","470.25","0.00","0.00","0.00","40.00","1622.77","128.71","1431.57","66294.63","43369.16","23493.13","6607.17"
2022,2023,"SWKE0041","SWKB0581","688.08","0.00","325.81","788.07","0.00","916.69","0.00","50.00","2033.56","494.84","1319.12","66294.63","43369.16","23493.13","6607.17"
2022,2023,"SWKE0261","SWKB0582","1157.12","0.00","236.87","770.82","0.00","296.10","6312.15","40.00","1354.60","235.74","1158.76","10869.53","2265.24","1514.86","332.26"
2022,2023,"SWKE0127","SWKB0583","717.26","0.00","918.50","354.67","0.00","0.00","0.00","80.00","2742.23","174.42","1589.97","1061.43","1069.72","147.73","0.00"
2022,2023,"SWKE0127","SWKB0584","183.66","0.00","118.87","73.32","0.00","0.00","0.00","10.00","343.32","899.36","224.52","1061.43","1069.72","147.73","0.00"
2022,2023,"SWKE0127","SWKB0585","459.40","0.00","527.00","539.16","0.00","0.00","0.00","40.00","1373.28","130.84","1314.92","1061.43","1069.72","147.73","0.00"
2022,2023,"SWKE0026","SWKB0586","1957.08","0.00","422.57","593.31","0.00","0.00","11915.62","90.00","2809.90","0.00","2651.06","6995.63","3868.29","1062.43","729.71"
2022,2023,"SWKE0288","SWKB0587","1672.05","0.00","2390.17","1031.05","0.00","0.00","0.00","140.00","5985.34","0.00","4796.40","36388.87","15134.54","3958.58","5509.76"
2022,2023,"SWKE0048","SWKB0588","0.00","0.00","37.26","885.88","0.00","0.00","0.00","80.00","2904.98","499.48","3344.58","0.00","3803.49","4526.42","13547.48"
2022,2023,"SWKE0130","SWKB0589","476.05","0.00","1046.90","906.80","0.00","0.00","0.00","50.00","1694.95","0.00","144.45","437.80","505.20","0.00","24.45"
2022,2023,"SWKE0111","SWKB0590","0.00","0.00","6742.36","631.84","0.00","0.00","6916.72","40.00","1378.56","250.76","1239.92","0.00","6114.08","2844.13","77.17"
2022,2023,"SWKE0131","SWKB0591","1162.00","0.00","72.32","764.72","0.00","0.00","0.00","80.00","3377.84","0.00","2684.00","1825.84","2208.72","228.88","457.76"
2022,2023,"SWKE0132","SWKB0592","34.98","0.00","0.00","0.00","0.00","0.00","0.00","10.00","344.64","0.00","0.00","0.00","0.00","5.16","0.00"
2022,2023,"SWKE0133","SWKB0593","36.72","0.00","0.00","17.39","0.00","0.00","0.00","10.00","344.64","0.00","0.00","0.00","0.00","5.16","0.00"
2022,2023,"SWKE0145","SWKB0594","2026.53","0.00","7362.60","1406.12","0.00","2269.00","0.00","100.00","4011.21","311.77","2986.32","28851.81","12285.67","6990.17","3304.06"
2022,2023,"SWKE0112","SWKB0595","1171.20","0.00","1066.95","616.53","0.00","0.00","0.00","110.00","4084.83","0.00","2792.79","37372.02","29578.18","5048.69","2283.47"
2022,2023,"SWKE0021","SWKB0596","2674.61","0.00","8449.21","654.01","0.00","0.00","11677.31","70.00","2487.08","0.00","2031.17","11477.97","6872.37","2775.59","5106.47"
2022,2023,"SWKE0148","SWKB0597","1145.85","0.00","1200.02","1535.15","0.00","929.64","0.00","100.00","3361.11","412.14","2252.31","2543.66","3732.20","801.83","396.97"
2022,2023,"SWKE0120","SWKB0598","432.18","0.00","1141.77","464.10","0.00","0.00","0.00","30.00","1266.69","0.00","1036.26","14622.22","9062.23","5281.87","1329.84"
2022,2023,"SWKE0208","SWKB0599","1447.66","0.00","1543.86","1128.64","0.00","0.00","0.00","160.00","5260.47","0.00","4345.11","2403.71","5063.13","2800.57","1360.06"
2022,2023,"SWKE0026","SWKB0600","9527.19","0.00","6618.50","11194.29","0.00","12476.47","43685.02","270.00","9434.52","0.00","6894.99","6995.63","3868.29","1062.43","729.71"
2022,2023,"SWKE0135","SWKB0601","196.72","0.00","110.96","168.46","0.00","0.00","0.00","20.00","855.30","0.00","390.26","402.36","0.00","39.80","0.00"
2022,2023,"SWKE0134","SWKB0602","677.03","0.00","785.24","169.59","0.00","0.00","0.00","50.00","2038.98","1399.83","598.69","1077.74","284.40","208.96","206.80"
2022,2023,"SWKE0200","SWKB0603","845.05","0.00","1124.83","771.70","0.00","0.00","0.00","70.00","2485.39","0.00","1064.43","2990.18","2930.44","628.00","279.44"
2022,2023,"SWKE0145","SWKB0604","1069.62","0.00","4498.98","917.62","0.00","0.00","0.00","60.00","2378.20","38.70","1793.34","28851.81","12285.67","6990.17","3304.06"
2022,2023,"SWKE0329","SWKB0605","1993.03","0.00","5584.54","557.18","0.00","2053.35","0.00","120.00","4480.32","425.10","4086.81","67056.41","57695.83","7120.45","2827.45"
2022,2023,"SWKE0087","SWKB0606","759.49","0.00","1515.21","307.46","0.00","0.00","0.00","70.00","2432.34","0.00","1796.50","9590.04","5415.19","1480.71","1213.61"
2022,2023,"SWKE0137","SWKB0607","0.00","0.00","528.69","2634.39","0.00","0.00","10603.47","90.00","3067.86","309.48","3399.21","0.00","276.84","211.41","0.00"
2022,2023,"SWKE0218","SWKB0608","369.38","0.00","1531.16","218.12","0.00","0.00","0.00","20.00","686.64","0.00","595.44","19320.99","3914.18","2309.77","420.49"
2022,2023,"SWKE0156","SWKB0609","3247.57","0.00","5521.75","2980.92","0.00","0.00","0.00","240.00","9662.34","0.00","6128.34","18101.96","6570.48","4272.51","2078.74"
2022,2023,"SWKE0138","SWKB0610","84.71","0.00","80.68","0.00","0.00","0.00","0.00","10.00","422.23","0.00","0.00","301.83","0.00","42.40","0.00"
2022,2023,"SWKE0115","SWKB0611","435.22","0.00","160.42","0.00","0.00","0.00","3104.76","20.00","689.28","0.00","43.96","414.48","342.60","127.50","0.00"
2022,2023,"SWKE0113","SWKB0612","1073.26","0.00","367.36","815.92","0.00","0.00","0.00","100.00","3839.77","320.48","3518.68","9091.91","5982.86","2399.88","1941.64"
2022,2023,"SWKE0198","SWKB0613","501.46","0.00","2043.51","174.60","0.00","0.00","0.00","40.00","1469.13","0.00","669.86","10806.74","4473.97","1968.42","1238.25"
2022,2023,"SWKE0218","SWKB0614","1508.54","0.00","3869.50","1404.92","0.00","2752.55","0.00","70.00","2966.45","0.00","2016.96","19320.99","3914.18","2309.77","420.49"
2022,2023,"SWKE0210","SWKB0615","6899.63","0.00","9939.60","3222.12","0.00","0.00","35232.87","250.00","9159.13","0.00","6248.06","18399.95","6510.11","3421.44","2839.76"
2022,2023,"SWKE0120","SWKB0616","3337.79","0.00","6679.47","4530.28","0.00","0.00","0.00","1580.00","9791.16","145.15","8708.34","14622.22","9062.23","5281.87","1329.84"
2022,2023,"SWKE0139","SWKB0617","287.82","0.00","373.62","349.56","0.00","0.00","0.00","30.00","1033.92","98.10","657.42","443.27","0.00","208.49","0.00"
2022,2023,"SWKE0139","SWKB0618","184.91","0.00","60.79","51.70","0.00","0.00","0.00","70.00","1032.60","0.00","417.69","443.27","0.00","208.49","0.00"
2022,2023,"SWKE0140","SWKB0619","803.92","0.00","1718.56","270.36","0.00","0.00","0.00","40.00","1710.60","51.17","1479.40","1369.00","1380.12","59.92","0.00"
2022,2023,"SWKE0120","SWKB0620","384.84","0.00","583.05","486.62","0.00","0.00","0.00","30.00","1272.11","0.00","1070.55","14622.22","9062.23","5281.87","1329.84"
2022,2023,"SWKE0269","SWKB0621","1172.15","0.00","5956.80","353.10","0.00","0.00","0.00","50.00","2111.15","163.55","1526.75","9084.30","2336.64","559.69","311.44"
2022,2023,"SWKE0269","SWKB0622","561.03","0.00","265.84","379.46","0.00","0.00","3278.88","20.00","689.28","8.17","451.88","9084.30","2336.64","559.69","311.44"
2022,2023,"SWKE0084","SWKB0623","208.27","0.00","101.13","142.88","0.00","0.00","1072.05","10.00","339.82","0.00","310.00","9947.29","6767.48","5024.55","1002.80"
2022,2023,"SWKE0116","SWKB0624","793.71","0.00","858.21","19.71","0.00","0.00","5428.47","30.00","1033.92","0.00","36.93","659.70","705.33","268.74","45.54"
2022,2023,"SWKE0286","SWKB0625","2190.65","0.00","2353.61","1025.01","0.00","2416.72","0.00","150.00","5889.59","953.53","6283.39","7392.35","3663.39","3063.13","598.47"
2022,2023,"SWKE0017","SWKB0626","233.12","0.00","409.26","32.06","0.00","0.00","0.00","20.00","686.64","0.00","466.22","11038.97","3490.54","1723.70","13544.02"
2022,2023,"SWKE0259","SWKB0627","1652.14","0.00","1824.00","1494.52","0.00","2041.58","0.00","100.00","4699.75","363.75","3749.51","7056.09","10017.05","3543.05","651.89"
2022,2023,"SWKE0152","SWKB0628","765.16","0.00","374.48","344.52","0.00","3204.00","0.00","40.00","1373.28","130.80","1329.16","9686.42","5542.07","3827.76","825.96"
2022,2023,"SWKE0112","SWKB0629","419.22","0.00","345.21","158.07","0.00","314.43","0.00","30.00","1266.69","0.00","1285.83","37372.02","29578.18","5048.69","2283.47"
2022,2023,"SWKE0041","SWKB0630","53.37","0.00","122.61","0.00","0.00","0.00","0.00","10.00","272.82","0.00","0.00","66294.63","43369.16","23493.13","6607.17"
2022,2023,"SWKE0198","SWKB0631","149.09","0.00","47.02","69.59","0.00","0.00","552.19","10.00","343.32","0.00","278.56","10806.74","4473.97","1968.42","1238.25"
2022,2023,"SWKE0297","SWKB0632","6725.58","0.00","1800.30","1481.21","0.00","3457.46","44867.08","170.00","5836.44","116.30","4950.40","5805.44","4462.90","1573.29","537.57"
2022,2023,"SWKE0351","SWKB0633","2081.29","0.00","2037.37","2918.33","0.00","2656.27","0.00","100.00","4144.71","335.52","3314.42","4161.35","8117.03","488.41","428.63"
2022,2023,"SWKE0041","SWKB0634","3382.65","0.00","5802.06","1323.48","0.00","0.00","0.00","300.00","10657.11","613.63","7822.54","66294.63","43369.16","23493.13","6607.17"
2022,2023,"SWKE0142","SWKB0635","180.92","0.00","48.54","268.34","0.00","0.00","0.00","20.00","689.28","0.00","41.12","827.12","641.76","31.64","23.32"
2022,2023,"SWKE0142","SWKB0636","191.18","0.00","377.42","42.12","0.00","0.00","0.00","20.00","689.28","0.00","41.12","827.12","641.76","31.64","23.32"
2022,2023,"SWKE0143","SWKB0637","980.43","0.00","335.07","638.81","0.00","0.00","0.00","80.00","2748.83","0.00","3751.83","1732.21","597.34","0.00","0.00"
2022,2023,"SWKE0210","SWKB0638","706.45","0.00","385.85","405.36","0.00","0.00","4108.05","20.00","691.27","0.00","883.53","18399.95","6510.11","3421.44","2839.76"
2022,2023,"SWKE0144","SWKB0639","233.45","0.00","525.54","0.00","0.00","0.00","0.00","30.00","898.00","0.00","0.00","922.15","548.00","40.50","7.50"
2022,2023,"SWKE0146","SWKB0640","314.26","0.00","0.00","162.48","0.00","0.00","0.00","20.00","844.46","0.00","1100.80","0.00","975.60","59.30","0.00"
2022,2023,"SWKE0147","SWKB0641","1289.28","0.00","1363.60","2101.52","0.00","1088.34","0.00","70.00","2878.02","456.67","2015.29","6466.67","5889.95","1769.41","1623.58"
2022,2023,"SWKE0147","SWKB0642","1923.15","0.00","1001.18","3444.37","0.00","1744.84","0.00","110.00","4489.35","717.99","3166.94","6466.67","5889.95","1769.41","1623.58"
2022,2023,"SWKE0147","SWKB0643","1377.09","0.00","1514.03","1792.74","0.00","903.34","0.00","80.00","3300.25","523.50","2310.21","6466.67","5889.95","1769.41","1623.58"
2022,2023,"SWKE0147","SWKB0644","3029.60","0.00","2522.44","2905.93","0.00","1535.58","0.00","110.00","4489.35","11009.19","3166.94","6466.67","5889.95","1769.41","1623.58"
2022,2023,"SWKE0294","SWKB0645","1697.71","0.00","2330.32","1183.00","0.00","0.00","0.00","150.00","6777.70","0.00","2264.68","12977.53","8001.88","1704.80","639.15"
2022,2023,"SWKE0261","SWKB0646","1201.44","0.00","161.48","1530.72","0.00","288.18","6048.54","40.00","1533.74","179.86","1098.02","10869.53","2265.24","1514.86","332.26"
2022,2023,"SWKE0145","SWKB0647","532.77","0.00","1453.39","353.79","0.00","0.00","0.00","40.00","1616.75","11.76","1137.32","28851.81","12285.67","6990.17","3304.06"
2022,2023,"SWKE0021","SWKB0648","1936.00","0.00","4811.42","1172.42","0.00","0.00","0.00","180.00","5554.99","0.00","4782.16","11477.97","6872.37","2775.59","5106.47"
2022,2023,"SWKE0088","SWKB0649","320.92","0.00","139.21","373.79","0.00","0.00","1880.44","10.00","338.99","0.00","260.99","12142.16","2955.56","1191.99","892.70"
2022,2023,"SWKE0088","SWKB0650","908.04","0.00","1000.17","1045.23","0.00","0.00","4750.35","30.00","1033.92","98.10","613.35","12142.16","2955.56","1191.99","892.70"
2022,2023,"SWKE0088","SWKB0651","1232.72","0.00","1776.32","660.88","0.00","0.00","6928.92","40.00","1378.56","236.16","627.24","12142.16","2955.56","1191.99","892.70"
2022,2023,"SWKE0033","SWKB0652","857.26","0.00","138.30","623.31","0.00","0.00","0.00","80.00","2989.89","245.18","2709.19","8881.31","3400.90","2480.48","1457.53"
2022,2023,"SWKE0268","SWKB0653","452.20","0.00","231.43","491.09","0.00","0.00","0.00","30.00","1026.46","98.10","540.33","8828.25","3319.91","1881.60","21548.45"
2022,2023,"SWKE0113","SWKB0654","687.66","0.00","1066.75","453.65","0.00","0.00","0.00","50.00","1966.81","127.61","2259.83","9091.91","5982.86","2399.88","1941.64"
2022,2023,"SWKE0035","SWKB0655","415.36","0.00","1075.40","120.94","0.00","0.00","0.00","20.00","844.46","65.42","1241.52","1944.04","2931.60","240.91","1428.83"
2022,2023,"SWKE0254","SWKB0656","1554.71","0.00","969.60","11091.51","0.00","0.00","0.00","30.00","1277.53","126.60","1330.54","28014.15","12841.99","3467.67","2878.73"
2022,2023,"SWKE0254","SWKB0657","1839.48","0.00","755.04","13300.48","0.00","0.00","0.00","40.00","1688.92","151.92","1596.64","28014.15","12841.99","3467.67","2878.73"
2022,2023,"SWKE0254","SWKB0658","1676.12","0.00","1170.37","12142.61","0.00","0.00","0.00","30.00","1272.11","149.12","1313.12","28014.15","12841.99","3467.67","2878.73"
2022,2023,"SWKE0254","SWKB0659","1157.08","0.00","774.50","5810.26","0.00","0.00","3758.23","10.00","427.65","35.22","501.89","28014.15","12841.99","3467.67","2878.73"
2022,2023,"SWKE0254","SWKB0660","1434.03","0.00","140.07","11059.80","0.00","0.00","0.00","20.00","1266.69","0.00","1197.48","28014.15","12841.99","3467.67","2878.73"
2022,2023,"SWKE0254","SWKB0661","496.96","0.00","145.91","3441.20","0.00","0.00","0.00","10.00","422.23","318.20","416.62","28014.15","12841.99","3467.67","2878.73"
2022,2023,"SWKE0201","SWKB0662","1349.16","0.00","1758.45","1077.28","0.00","1884.37","0.00","80.00","3394.10","332.13","2930.98","36636.71","15477.74","7328.70","4457.84"
2022,2023,"SWKE0303","SWKB0663","107.32","0.00","107.45","96.16","0.00","0.00","0.00","10.00","422.23","34.33","239.58","3913.26","4496.29","2112.97","4221.99"
2022,2023,"SWKE0120","SWKB0664","2198.20","0.00","2493.18","4308.87","0.00","0.00","0.00","1510.00","7009.27","0.00","5574.29","14622.22","9062.23","5281.87","1329.84"
2022,2023,"SWKE0123","SWKB0665","947.75","0.00","1218.95","1790.15","0.00","0.00","0.00","50.00","2111.15","163.55","1503.55","5826.56","3704.64","1066.01","253.53"
2022,2023,"SWKE0148","SWKB0666","214.98","0.00","88.08","81.68","0.00","0.00","0.00","20.00","686.64","0.00","877.20","2543.66","3732.20","801.83","396.97"
2022,2023,"SWKE0149","SWKB0667","166.14","0.00","33.71","107.38","0.00","667.12","0.00","10.00","422.23","0.00","345.01","66.56","0.00","12.72","6.69"
2022,2023,"SWKE0150","SWKB0668","850.46","0.00","3364.23","84.92","0.00","0.00","0.00","50.00","1873.56","0.00","1195.53","2611.74","3507.55","403.51","245.49"
2022,2023,"SWKE0150","SWKB0669","1695.02","0.00","6223.14","134.93","0.00","0.00","0.00","120.00","4441.22","0.00","1368.83","2611.74","3507.55","403.51","245.49"
2022,2023,"SWKE0151","SWKB0670","838.38","0.00","1516.64","5151.26","0.00","0.00","0.00","20.00","689.28","0.00","261.52","143.66","576.06","45.34","0.00"
2022,2023,"SWKE0021","SWKB0671","362.32","0.00","264.88","359.93","0.00","0.00","1990.66","10.00","347.95","0.00","423.45","11477.97","6872.37","2775.59","5106.47"
2022,2023,"SWKE0021","SWKB0672","1868.58","0.00","1490.24","1181.78","0.00","0.00","10347.32","60.00","2134.50","0.00","2350.50","11477.97","6872.37","2775.59","5106.47"
2022,2023,"SWKE0120","SWKB0673","1045.74","0.00","858.57","1599.39","0.00","0.00","0.00","670.00","4089.14","0.00","2487.62","14622.22","9062.23","5281.87","1329.84"
2022,2023,"SWKE0329","SWKB0674","2464.05","0.00","2652.56","1917.99","0.00","3235.54","0.00","200.00","7261.23","0.00","4761.78","67056.41","57695.83","7120.45","2827.45"
2022,2023,"SWKE0301","SWKB0675","501.42","0.00","364.11","535.49","0.00","0.00","2472.53","20.00","634.53","42.32","519.91","12966.55","3369.10","918.19","635.55"
2022,2023,"SWKE0153","SWKB0676","380.67","0.00","528.12","180.12","0.00","0.00","0.00","20.00","1033.92","0.00","832.86","280.20","930.99","20.61","0.00"
2022,2023,"SWKE0027","SWKB0677","239.01","0.00","184.89","39.05","0.00","0.00","1671.80","10.00","276.68","0.00","14.86","4847.57","1070.16","899.57","563.44"
2022,2023,"SWKE0027","SWKB0678","2297.06","0.00","2911.32","143.91","0.00","0.00","15330.33","90.00","2626.04","0.00","133.74","4847.57","1070.16","899.57","563.44"
2022,2023,"SWKE0027","SWKB0679","204.87","0.00","0.00","0.00","0.00","0.00","1555.38","10.00","276.68","0.00","13.93","4847.57","1070.16","899.57","563.44"
2022,2023,"SWKE0154","SWKB0680","7516.63","0.00","2542.49","2847.16","0.00","0.00","38829.54","260.00","9841.25","0.00","10495.17","4434.56","4755.80","657.55","763.14"
2022,2023,"SWKE0155","SWKB0681","2462.52","0.00","9107.41","974.28","0.00","0.00","0.00","110.00","4256.58","0.00","1992.15","1992.15","5268.40","122.89","911.23"
2022,2023,"SWKE0145","SWKB0682","1030.96","0.00","2265.42","1249.59","0.00","1589.36","0.00","50.00","2132.83","173.75","1829.40","28851.81","12285.67","6990.17","3304.06"
2022,2023,"SWKE0105","SWKB0683","2752.09","0.00","5241.60","2722.89","0.00","0.00","0.00","130.00","5560.81","425.10","4267.12","33935.52","17358.14","7283.26","5522.11"
2022,2023,"SWKE0105","SWKB0684","3129.93","0.00","8744.67","2517.93","0.00","0.00","0.00","150.00","5667.66","502.14","4972.56","33935.52","17358.14","7283.26","5522.11"
2022,2023,"SWKE0105","SWKB0685","4404.79","0.00","7070.89","4028.82","0.00","0.00","0.00","220.00","9738.39","724.78","7865.00","33935.52","17358.14","7283.26","5522.11"
2022,2023,"SWKE0303","SWKB0686","823.60","0.00","1095.12","1066.24","0.00","0.00","0.00","70.00","2746.56","0.00","1708.96","3913.26","4496.29","2112.97","4221.99"
2022,2023,"SWKE0033","SWKB0687","797.96","0.00","1459.21","193.57","0.00","0.00","0.00","60.00","2131.79","199.72","2389.52","8881.31","3400.90","2480.48","1457.53"
2022,2023,"SWKE0041","SWKB0688","4085.22","0.00","3144.85","4956.12","0.00","0.00","22942.36","110.00","3781.75","328.36","3001.44","66294.63","43369.16","23493.13","6607.17"
2022,2023,"SWKE0343","SWKB0689","568.92","0.00","1309.49","439.58","0.00","0.00","0.00","50.00","1718.38","0.00","1544.78","2413.80","4921.06","580.67","94.15"
2022,2023,"SWKE0343","SWKB0690","951.78","0.00","778.87","967.97","0.00","0.00","0.00","100.00","3394.23","0.00","2656.55","2413.80","4921.06","580.67","94.15"
2022,2023,"SWKE0220","SWKB0691","1344.60","0.00","6850.43","359.52","0.00","776.10","0.00","50.00","2343.67","0.00","1278.38","9538.91","11292.23","2533.64","3053.70"
2022,2023,"SWKE0255","SWKB0692","1664.56","0.00","3693.64","951.23","0.00","0.00","0.00","100.00","4279.19","0.00","4077.88","8620.80","4451.99","542.09","887.86"
2022,2023,"SWKE0329","SWKB0693","526.79","0.00","666.64","353.60","0.00","472.72","0.00","40.00","1374.60","54.15","1249.00","67056.41","57695.83","7120.45","2827.45"
2022,2023,"SWKE0120","SWKB0694","1006.25","0.00","1237.75","782.62","0.00","0.00","0.00","460.00","3300.25","259.20","3404.21","14622.22","9062.23","5281.87","1329.84"
2022,2023,"SWKE0158","SWKB0695","293.75","0.00","0.00","0.00","0.00","0.00","1643.93","20.00","689.28","0.00","0.00","1703.66","372.89","38.64","0.00"
2022,2023,"SWKE0158","SWKB0696","64.68","0.00","0.00","0.00","0.00","0.00","0.00","10.00","344.64","0.00","0.00","1703.66","372.89","38.64","0.00"
2022,2023,"SWKE0158","SWKB0697","175.95","0.00","188.70","65.78","0.00","0.00","858.24","10.00","344.64","0.00","0.00","1703.66","372.89","38.64","0.00"
2022,2023,"SWKE0158","SWKB0698","64.68","0.00","0.00","0.00","0.00","0.00","0.00","10.00","344.64","0.00","0.00","1703.66","372.89","38.64","0.00"
2022,2023,"SWKE0158","SWKB0699","300.46","0.00","0.00","0.00","0.00","0.00","1711.02","20.00","689.28","0.00","0.00","1703.66","372.89","38.64","0.00"
2022,2023,"SWKE0255","SWKB0700","657.00","0.00","1276.50","0.00","0.00","0.00","0.00","50.00","2111.15","0.00","1494.50","8620.80","4451.99","542.09","887.86"
2022,2023,"SWKE0092","SWKB0701","291.15","0.00","0.00","5.44","0.00","0.00","1994.51","10.00","343.32","0.00","80.09","25129.33","3853.35","3984.36","858.81"
2022,2023,"SWKE0092","SWKB0702","837.42","0.00","141.17","14.77","0.00","0.00","5644.57","30.00","1031.28","0.00","217.39","25129.33","3853.35","3984.36","858.81"
2022,2023,"SWKE0092","SWKB0703","383.46","0.00","307.66","39.04","0.00","0.00","2325.60","10.00","422.23","0.00","321.69","25129.33","3853.35","3984.36","858.81"
2022,2023,"SWKE0092","SWKB0704","1840.41","0.00","504.18","25.28","0.00","0.00","13389.12","50.00","1881.76","0.00","372.25","25129.33","3853.35","3984.36","858.81"
2022,2023,"SWKE0352","SWKB0705","3004.30","0.00","3389.58","11524.16","0.00","0.00","9286.26","70.00","2398.02","210.24","2053.69","7891.72","6970.78","3122.20","1356.29"
2022,2023,"SWKE0351","SWKB0706","2898.85","0.00","4019.10","3584.05","0.00","2242.20","0.00","150.00","5945.50","481.15","4928.05","4161.35","8117.03","488.41","428.63"
2022,2023,"SWKE0048","SWKB0707","0.00","0.00","146.37","695.82","0.00","0.00","0.00","60.00","2549.64","307.50","2826.78","0.00","3803.49","4526.42","13547.48"
2022,2023,"SWKE0084","SWKB0708","1076.76","0.00","1404.80","487.72","0.00","0.00","5210.92","40.00","1368.92","198.44","1571.40","9947.29","6767.48","5024.55","1002.80"
2022,2023,"SWKE0160","SWKB0709","329.21","0.00","596.56","104.19","0.00","0.00","0.00","30.00","1111.28","0.00","657.03","855.22","747.67","134.73","0.00"
2022,2023,"SWKE0160","SWKB0710","300.52","0.00","53.74","99.11","0.00","0.00","0.00","30.00","1194.29","0.00","743.46","855.22","747.67","134.73","0.00"
2022,2023,"SWKE0145","SWKB0711","1504.37","0.00","5037.15","2025.07","0.00","0.00","0.00","140.00","4155.55","84.40","1870.09","28851.81","12285.67","6990.17","3304.06"
2022,2023,"SWKE0340","SWKB0712","367.05","0.00","70.71","216.24","833.74","477.86","0.00","20.00","766.87","446.97","425.28","10799.97","2194.90","856.94","928.95"
2022,2023,"SWKE0048","SWKB0713","0.00","0.00","22.70","527.15","0.00","0.00","0.00","50.00","1966.81","41.95","2166.97","0.00","3803.49","4526.42","13547.48"
2022,2023,"SWKE0161","SWKB0714","297.85","0.00","0.00","0.00","0.00","0.00","0.00","40.00","0.00","0.00","0.00","2514.75","178.45","285.40","0.00"
2022,2023,"SWKE0167","SWKB0715","0.00","0.00","531.90","1264.38","0.00","0.00","9537.60","60.00","2067.84","0.00","1017.72","0.00","8844.81","560.26","5127.13"
2022,2023,"SWKE0084","SWKB0716","3210.55","0.00","3152.00","1311.10","0.00","0.00","18591.56","100.00","3848.83","0.00","3333.66","9947.29","6767.48","5024.55","1002.80"
2022,2023,"SWKE0145","SWKB0717","497.48","0.00","604.84","715.32","0.00","383.44","0.00","40.00","1688.92","130.80","696.84","28851.81","12285.67","6990.17","3304.06"
2022,2023,"SWKE0041","SWKB0718","861.54","0.00","290.85","216.18","0.00","0.00","4502.64","30.00","1033.92","767.55","1285.44","66294.63","43369.16","23493.13","6607.17"
2022,2023,"SWKE0041","SWKB0719","290.63","0.00","456.90","95.71","0.00","0.00","1367.61","10.00","344.64","0.00","468.56","66294.63","43369.16","23493.13","6607.17"
2022,2023,"SWKE0198","SWKB0720","151.57","0.00","66.66","287.54","0.00","0.00","343.21","10.00","344.64","32.70","297.95","10806.74","4473.97","1968.42","1238.25"
2022,2023,"SWKE0162","SWKB0721","338.97","0.00","1715.46","0.00","0.00","0.00","0.00","30.00","1277.53","89.80","0.00","0.00","0.00","0.00","306.86"
2022,2023,"SWKE0163","SWKB0722","1824.82","0.00","15443.54","280.72","0.00","0.00","0.00","250.00","2306.03","162.59","0.00","0.00","0.00","55.30","0.00"
2022,2023,"SWKE0055","SWKB0723","997.74","0.00","2164.38","986.04","0.00","0.00","0.00","60.00","2033.94","0.00","1738.56","5144.63","5435.78","597.19","785.89"
2022,2023,"SWKE0164","SWKB0724","1635.81","0.00","11504.71","668.02","0.00","0.00","0.00","40.00","1733.13","0.00","1243.33","1428.83","1410.86","502.54","0.00"
2022,2023,"SWKE0164","SWKB0725","1708.31","0.00","8506.85","1192.48","0.00","0.00","0.00","80.00","3118.31","0.00","2132.03","1428.83","1410.86","502.54","0.00"
2022,2023,"SWKE0165","SWKB0726","658.81","0.00","910.70","215.95","0.00","0.00","0.00","50.00","1707.94","0.00","1318.63","820.76","1485.89","128.17","0.00"
2022,2023,"SWKE0100","SWKB0727","387.60","0.00","307.41","384.57","0.00","0.00","0.00","30.00","1282.95","37.20","1193.13","3943.26","15133.29","3262.17","2132.32"
2022,2023,"SWKE0114","SWKB0728","1846.12","0.00","3722.48","1287.12","0.00","1805.28","0.00","120.00","4107.80","400.32","4392.12","3773.94","4132.29","626.66","1842.66"
2022,2023,"SWKE0109","SWKB0729","133.98","0.00","0.00","0.00","0.00","0.00","0.00","20.00","844.46","0.00","0.00","28993.09","13027.12","5731.74","8768.26"
2022,2023,"SWKE0109","SWKB0730","133.98","0.00","0.00","0.00","0.00","0.00","0.00","20.00","844.46","0.00","0.00","28993.09","13027.12","5731.74","8768.26"
2022,2023,"SWKE0198","SWKB0731","490.88","0.00","1346.15","345.93","0.00","0.00","0.00","40.00","1614.64","85.58","772.97","10806.74","4473.97","1968.42","1238.25"
2022,2023,"SWKE0329","SWKB0732","537.50","0.00","1223.79","459.90","0.00","546.02","0.00","30.00","1272.11","16.38","1054.97","67056.41","57695.83","7120.45","2827.45"
2022,2023,"SWKE0168","SWKB0733","1518.21","0.00","3353.25","1131.54","0.00","0.00","0.00","120.00","4364.49","531.85","1382.64","1246.32","2401.89","595.20","174.57"
2022,2023,"SWKE0021","SWKB0734","270.53","0.00","261.90","89.17","0.00","0.00","1555.40","10.00","338.99","0.00","282.58","11477.97","6872.37","2775.59","5106.47"
2022,2023,"SWKE0227","SWKB0735","1694.10","0.00","6917.90","172.80","0.00","0.00","0.00","100.00","3433.20","0.00","2627.30","20224.97","9128.09","4000.84","2920.21"
2022,2023,"SWKE0064","SWKB0736","1480.58","0.00","2524.14","880.88","0.00","1164.54","0.00","70.00","2894.28","0.00","2123.44","1137.76","5721.99","1719.80","3636.63"
2022,2023,"SWKE0169","SWKB0737","115.03","0.00","10.03","77.90","0.00","0.00","0.00","10.00","344.64","32.71","431.10","197.61","0.00","56.31","0.00"
2022,2023,"SWKE0105","SWKB0907","71.56","0.00","0.00","0.00","0.00","0.00","0.00","10.00","0.00","0.00","0.00","33935.52","17358.14","7283.26","5522.11"
2022,2023,"SWKE0041","SWKB0738","17055.85","0.00","19407.32","14992.64","0.00","12279.37","79836.11","430.00","14507.75","1381.79","18156.43","66294.63","43369.16","23493.13","6607.17"
2022,2023,"SWKE0329","SWKB0739","2242.01","0.00","2817.60","1916.20","0.00","0.00","0.00","200.00","7748.16","0.00","4873.77","67056.41","57695.83","7120.45","2827.45"
2022,2023,"SWKE0170","SWKB0740","691.14","0.00","151.74","461.04","0.00","0.00","0.00","60.00","2059.92","0.00","2255.52","1086.36","796.08","100.92","0.00"
2022,2023,"SWKE0259","SWKB0741","1167.97","0.00","2399.18","1427.47","0.00","1179.21","0.00","70.00","2889.20","283.52","2172.43","7056.09","10017.05","3543.05","651.89"
2022,2023,"SWKE0210","SWKB0742","2839.92","0.00","1924.08","690.12","0.00","0.00","16265.76","120.00","4135.68","0.00","3022.56","18399.95","6510.11","3421.44","2839.76"
2022,2023,"SWKE0269","SWKB0743","490.83","0.00","371.02","168.22","0.00","0.00","2591.66","20.00","689.28","33.04","518.30","9084.30","2336.64","559.69","311.44"
2022,2023,"SWKE0112","SWKB0744","480.40","0.00","141.08","250.04","0.00","0.00","0.00","40.00","1355.96","0.00","1960.88","37372.02","29578.18","5048.69","2283.47"
2022,2023,"SWKE0171","SWKB0745","1293.04","0.00","191.58","1044.18","0.00","0.00","5787.96","40.00","1533.74","134.92","2269.62","3473.39","3422.98","2298.21","915.51"
2022,2023,"SWKE0171","SWKB0746","591.08","0.00","210.00","500.98","0.00","0.00","2518.58","20.00","689.28","65.40","1031.76","3473.39","3422.98","2298.21","915.51"
2022,2023,"SWKE0171","SWKB0747","190.32","0.00","65.41","225.10","0.00","0.00","0.00","10.00","422.23","34.63","618.99","3473.39","3422.98","2298.21","915.51"
2022,2023,"SWKE0171","SWKB0748","184.34","0.00","348.60","158.13","0.00","0.00","0.00","10.00","344.64","28.86","515.83","3473.39","3422.98","2298.21","915.51"
2022,2023,"SWKE0171","SWKB0749","500.42","0.00","273.51","444.79","0.00","0.00","0.00","30.00","1111.51","92.35","1650.65","3473.39","3422.98","2298.21","915.51"
2022,2023,"SWKE0171","SWKB0750","514.01","0.00","378.65","475.40","0.00","0.00","0.00","20.00","1111.51","92.35","1650.65","3473.39","3422.98","2298.21","915.51"
2022,2023,"SWKE0171","SWKB0751","188.35","0.00","80.58","190.29","0.00","0.00","0.00","10.00","422.23","34.63","618.99","3473.39","3422.98","2298.21","915.51"
2022,2023,"SWKE0171","SWKB0752","656.47","0.00","1562.90","537.90","0.00","0.00","0.00","30.00","1189.10","0.00","1753.81","3473.39","3422.98","2298.21","915.51"
2022,2023,"SWKE0171","SWKB0753","1231.95","0.00","393.60","672.24","0.00","0.00","7231.65","30.00","1033.92","98.13","1547.64","3473.39","3422.98","2298.21","915.51"
2022,2023,"SWKE0159","SWKB0754","1211.68","0.00","2440.80","901.04","0.00","0.00","0.00","80.00","3377.84","0.00","2606.80","6810.30","9513.82","1331.17","444.73"
2022,2023,"SWKE0172","SWKB0755","1004.50","0.00","502.96","6715.61","0.00","0.00","0.00","30.00","1104.54","0.00","737.17","809.96","3998.70","319.13","365.70"
2022,2023,"SWKE0172","SWKB0756","2015.06","0.00","2301.79","11596.35","0.00","0.00","0.00","70.00","2550.71","0.00","1628.68","809.96","3998.70","319.13","365.70"
2022,2023,"SWKE0172","SWKB0757","1687.90","0.00","1697.25","10324.86","0.00","0.00","0.00","50.00","2033.33","0.00","1217.06","809.96","3998.70","319.13","365.70"
2022,2023,"SWKE0172","SWKB0758","739.78","0.00","694.79","4927.21","0.00","0.00","0.00","20.00","766.87","0.00","438.80","809.96","3998.70","319.13","365.70"
2022,2023,"SWKE0172","SWKB0759","284.41","0.00","122.44","1905.96","0.00","0.00","0.00","10.00","344.64","0.00","211.91","809.96","3998.70","319.13","365.70"
2022,2023,"SWKE0008","SWKB0760","1891.02","0.00","2358.57","2004.62","0.00","1548.36","8290.65","70.00","2490.07","0.00","1291.18","3589.01","3127.38","2324.56","3032.25"
2022,2023,"SWKE0048","SWKB0761","0.00","0.00","1659.20","1111.76","0.00","2111.50","0.00","100.00","3601.58","114.52","3791.84","0.00","3803.49","4526.42","13547.48"
2022,2023,"SWKE0248","SWKB0762","699.84","0.00","619.08","1065.11","0.00","0.00","0.00","70.00","2401.06","0.00","1635.55","5528.05","4264.51","2492.04","260.49"
2022,2023,"SWKE0173","SWKB0763","0.00","0.00","409.27","2918.04","0.00","0.00","0.00","40.00","1606.51","138.38","1688.50","0.00","119.43","330.11","0.00"
2022,2023,"SWKE0218","SWKB0764","1004.85","0.00","2910.18","516.90","0.00","798.64","0.00","60.00","2461.21","0.00","1657.86","19320.99","3914.18","2309.77","420.49"
2022,2023,"SWKE0113","SWKB0765","436.27","0.00","62.41","224.56","0.00","0.00","0.00","40.00","1611.33","124.27","1571.82","9091.91","5982.86","2399.88","1941.64"
2022,2023,"SWKE0030","SWKB0766","2425.29","0.00","2009.16","728.82","0.00","1111.14","11404.00","90.00","3134.15","218.07","2287.80","13046.37","12907.80","2492.06","3207.96"
2022,2023,"SWKE0174","SWKB0767","557.92","0.00","150.90","137.26","0.00","0.00","3613.32","20.00","677.98","0.00","499.60","6623.36","6537.01","871.95","35.77"
2022,2023,"SWKE0174","SWKB0768","934.10","0.00","420.77","303.03","0.00","0.00","5944.07","30.00","1025.63","0.00","813.88","6623.36","6537.01","871.95","35.77"
2022,2023,"SWKE0174","SWKB0769","767.16","0.00","0.00","449.58","0.00","0.00","5454.72","30.00","1016.97","0.00","0.00","6623.36","6537.01","871.95","35.77"
2022,2023,"SWKE0174","SWKB0770","1779.93","0.00","2088.54","553.73","0.00","0.00","10668.19","50.00","1721.83","0.00","1266.30","6623.36","6537.01","871.95","35.77"
2022,2023,"SWKE0174","SWKB0771","673.31","0.00","115.87","204.62","0.00","0.00","4731.12","20.00","682.31","0.00","457.27","6623.36","6537.01","871.95","35.77"
2022,2023,"SWKE0174","SWKB0772","291.74","0.00","359.43","200.23","0.00","0.00","1768.60","10.00","338.99","0.00","0.00","6623.36","6537.01","871.95","35.77"
2022,2023,"SWKE0174","SWKB0773","2100.98","0.00","3123.89","369.04","0.00","1419.25","10680.39","70.00","2412.48","0.00","1545.95","6623.36","6537.01","871.95","35.77"
2022,2023,"SWKE0174","SWKB0774","1885.24","0.00","1770.16","360.29","0.00","592.76","10711.54","70.00","2412.48","0.00","1545.95","6623.36","6537.01","871.95","35.77"
2022,2023,"SWKE0112","SWKB0775","1384.49","0.00","708.42","1008.10","0.00","2931.36","0.00","80.00","3322.27","0.00","3545.71","37372.02","29578.18","5048.69","2283.47"
2022,2023,"SWKE0175","SWKB0776","381.81","0.00","0.00","301.60","0.00","0.00","0.00","20.00","1110.19","123.67","362.11","298.45","1543.79","78.24","0.00"
2022,2023,"SWKE0176","SWKB0777","301.13","0.00","158.13","226.13","0.00","0.00","0.00","20.00","770.18","69.63","281.64","232.13","1200.73","72.67","0.00"
2022,2023,"SWKE0178","SWKB0778","835.97","0.00","1642.78","768.32","0.00","730.45","0.00","50.00","1878.38","162.00","1738.97","4314.59","3075.18","264.54","72.60"
2022,2023,"SWKE0178","SWKB0779","1535.55","0.00","3220.23","1483.29","0.00","1380.21","0.00","90.00","3334.53","288.00","3091.50","4314.59","3075.18","264.54","72.60"
2022,2023,"SWKE0178","SWKB0780","1232.47","0.00","1058.44","1231.49","0.00","991.88","0.00","130.00","3256.94","279.47","3001.60","4314.59","3075.18","264.54","72.60"
2022,2023,"SWKE0178","SWKB0781","700.93","0.00","1245.03","643.00","0.00","638.86","0.00","40.00","1611.33","176.56","1468.93","4314.59","3075.18","264.54","72.60"
2022,2023,"SWKE0145","SWKB0782","1302.14","0.00","1473.29","2457.31","0.00","1161.33","0.00","90.00","3750.18","0.00","2355.06","28851.81","12285.67","6990.17","3304.06"
2022,2023,"SWKE0343","SWKB0783","1718.87","0.00","2909.92","1354.08","0.00","0.00","0.00","150.00","5145.77","0.00","4845.51","2413.80","4921.06","580.67","94.15"
2022,2023,"SWKE0019","SWKB0784","10.71","0.00","12.05","0.00","0.00","0.00","0.00","0.00","31.04","0.00","3.43","34.57","85.07","64.15","208.51"
2022,2023,"SWKE0299","SWKB0785","441.72","0.00","308.34","18.76","0.00","0.00","2091.86","20.00","679.64","135.44","847.68","3953.86","2935.48","5156.26","898.71"
2022,2023,"SWKE0299","SWKB0786","700.42","0.00","387.01","0.00","0.00","0.00","4212.89","40.00","1364.10","0.00","327.04","3953.86","2935.48","5156.26","898.71"
2022,2023,"SWKE0299","SWKB0787","474.92","0.00","62.43","61.65","0.00","0.00","2409.45","20.00","762.05","114.10","920.00","3953.86","2935.48","5156.26","898.71"
2022,2023,"SWKE0299","SWKB0788","319.94","0.00","67.86","0.00","0.00","0.00","1970.62","20.00","679.64","0.00","145.58","3953.86","2935.48","5156.26","898.71"
2022,2023,"SWKE0299","SWKB0789","580.17","0.00","148.06","0.00","0.00","0.00","3847.31","30.00","1024.28","0.00","236.57","3953.86","2935.48","5156.26","898.71"
2022,2023,"SWKE0299","SWKB0790","148.20","0.00","26.79","5.61","0.00","0.00","1034.94","10.00","339.82","0.00","74.81","3953.86","2935.48","5156.26","898.71"
2022,2023,"SWKE0299","SWKB0791","741.96","0.00","208.02","150.15","0.00","0.00","3677.37","20.00","1033.92","186.06","1534.59","3953.86","2935.48","5156.26","898.71"
2022,2023,"SWKE0329","SWKB0792","772.93","0.00","600.97","70.00","0.00","0.00","0.00","80.00","3150.49","243.97","1722.57","67056.41","57695.83","7120.45","2827.45"
2022,2023,"SWKE0179","SWKB0793","317.04","0.00","285.70","504.78","0.00","0.00","0.00","20.00","855.30","65.40","585.56","383.27","1418.75","557.67","11.73"
2022,2023,"SWKE0179","SWKB0794","394.27","0.00","192.64","699.18","0.00","0.00","0.00","30.00","1189.10","89.85","711.08","383.27","1418.75","557.67","11.73"
2022,2023,"SWKE0179","SWKB0795","160.98","0.00","166.86","252.39","0.00","0.00","0.00","10.00","427.65","33.30","292.77","383.27","1418.75","557.67","11.73"
2022,2023,"SWKE0249","SWKB0796","2952.95","0.00","4022.64","1515.72","0.00","4464.84","8861.99","110.00","4135.68","392.40","4794.24","4089.28","3723.43","831.76","55.99"
2022,2023,"SWKE0136","SWKB0797","907.74","0.00","1067.22","1326.06","0.00","0.00","0.00","60.00","2533.38","0.00","2298.78","7249.43","1747.99","325.43","90.01"
2022,2023,"SWKE0136","SWKB0798","606.44","0.00","822.36","785.92","0.00","0.00","0.00","40.00","1688.92","0.00","1532.52","7249.43","1747.99","325.43","90.01"
2022,2023,"SWKE0295","SWKB0799","1375.20","0.00","5159.13","561.04","0.00","0.00","5186.81","40.00","1360.29","0.00","338.95","10417.58","4709.15","2153.62","37.12"
2022,2023,"SWKE0180","SWKB0800","223.94","0.00","176.66","208.70","0.00","0.00","0.00","20.00","855.30","65.40","609.56","172.46","0.00","151.32","0.00"
2022,2023,"SWKE0181","SWKB0801","664.51","0.00","265.23","320.49","0.00","0.00","0.00","60.00","2265.16","190.77","1305.75","1032.73","1096.45","168.58","0.00"
2022,2023,"SWKE0217","SWKB0802","145.42","0.00","125.64","158.06","0.00","0.00","0.00","10.00","427.65","35.22","393.76","9768.12","4798.38","1490.04","1113.40"
2022,2023,"SWKE0217","SWKB0803","518.66","0.00","0.00","871.42","0.00","0.00","0.00","40.00","1556.10","130.82","1462.52","9768.12","4798.38","1490.04","1113.40"
2022,2023,"SWKE0100","SWKB0804","391.98","0.00","381.27","327.33","0.00","0.00","0.00","30.00","1282.95","37.20","1220.04","3943.26","15133.29","3262.17","2132.32"
2022,2023,"SWKE0324","SWKB0805","0.00","0.00","0.00","0.00","0.00","0.00","0.00","20.00","0.00","0.00","0.00","107.58","13.33","16.92","26.16"
2022,2023,"SWKE0324","SWKB0806","0.00","0.00","0.00","0.00","0.00","0.00","0.00","10.00","0.00","0.00","0.00","107.58","13.33","16.92","26.16"
2022,2023,"SWKE0324","SWKB0807","0.00","0.00","0.00","0.00","0.00","0.00","0.00","10.00","0.00","0.00","0.00","107.58","13.33","16.92","26.16"
2022,2023,"SWKE0324","SWKB0808","0.00","0.00","0.00","0.00","0.00","0.00","0.00","40.00","0.00","0.00","0.00","107.58","13.33","16.92","26.16"
2022,2023,"SWKE0268","SWKB0809","5001.04","0.00","2282.41","4127.33","0.00","3153.50","22407.31","320.00","5261.64","622.04","3143.99","8828.25","3319.91","1881.60","21548.45"
2022,2023,"SWKE0129","SWKB0810","1296.18","0.00","4261.21","2685.01","0.00","0.00","0.00","270.00","2742.66","0.00","1549.48","33233.44","15254.16","6285.16","4205.47"
2022,2023,"SWKE0340","SWKB0811","6910.50","0.00","8042.22","2044.45","0.00","3049.42","34478.93","280.00","8783.96","544.31","5703.98","10799.97","2194.90","856.94","928.95"
2022,2023,"SWKE0303","SWKB0812","756.21","0.00","353.78","1610.28","0.00","0.00","0.00","70.00","2403.24","228.97","1549.17","3913.26","4496.29","2112.97","4221.99"
2022,2023,"SWKE0184","SWKB0813","335.31","0.00","405.39","416.97","0.00","0.00","0.00","30.00","1033.92","0.00","677.67","2129.58","1761.66","499.50","523.26"
2022,2023,"SWKE0184","SWKB0814","721.28","0.00","516.67","700.98","0.00","0.00","0.00","70.00","2412.48","0.00","1671.74","2129.58","1761.66","499.50","523.26"
2022,2023,"SWKE0184","SWKB0815","791.44","0.00","104.56","958.32","0.00","0.00","0.00","80.00","2757.12","0.00","1910.56","2129.58","1761.66","499.50","523.26"
2022,2023,"SWKE0295","SWKB0816","800.20","0.00","238.56","460.20","0.00","0.00","4039.48","40.00","1378.56","0.00","968.52","10417.58","4709.15","2153.62","37.12"
2022,2023,"SWKE0295","SWKB0817","1493.70","0.00","650.88","1169.04","0.00","0.00","7286.04","60.00","2533.38","0.00","1647.72","10417.58","4709.15","2153.62","37.12"
2022,2023,"SWKE0295","SWKB0818","231.80","0.00","237.56","134.54","0.00","0.00","1129.91","10.00","344.64","0.00","242.13","10417.58","4709.15","2153.62","37.12"
2022,2023,"SWKE0295","SWKB0819","229.76","0.00","84.51","115.05","0.00","0.00","1282.13","10.00","344.64","0.00","242.13","10417.58","4709.15","2153.62","37.12"
2022,2023,"SWKE0295","SWKB0820","233.54","0.00","35.36","133.37","0.00","0.00","1194.78","10.00","422.23","0.00","274.62","10417.58","4709.15","2153.62","37.12"
2022,2023,"SWKE0041","SWKB0821","4146.21","0.00","3086.96","1345.29","0.00","0.00","23687.87","110.00","4366.45","104.64","5957.96","66294.63","43369.16","23493.13","6607.17"
2022,2023,"SWKE0041","SWKB0822","811.16","0.00","1965.23","311.69","0.00","0.00","0.00","60.00","2571.66","362.18","1414.27","66294.63","43369.16","23493.13","6607.17"
2022,2023,"SWKE0041","SWKB0823","107.54","0.00","81.82","34.72","0.00","0.00","0.00","10.00","427.65","58.96","230.23","66294.63","43369.16","23493.13","6607.17"
2022,2023,"SWKE0269","SWKB0824","1020.52","0.00","1006.56","427.08","0.00","0.00","5195.00","40.00","1378.56","170.64","953.80","9084.30","2336.64","559.69","311.44"
2022,2023,"SWKE0041","SWKB0825","727.36","0.00","1297.32","167.44","0.00","0.00","0.00","60.00","2577.42","370.60","1339.28","66294.63","43369.16","23493.13","6607.17"
2022,2023,"SWKE0041","SWKB0826","264.58","0.00","551.72","227.86","0.00","0.00","0.00","20.00","844.46","86.00","520.92","66294.63","43369.16","23493.13","6607.17"
2022,2023,"SWKE0122","SWKB0827","113.60","0.00","0.00","0.00","0.00","0.00","0.00","20.00","0.00","0.00","0.00","20294.21","4938.76","614.23","5108.91"
2022,2023,"SWKE0122","SWKB0828","113.60","0.00","0.00","0.00","0.00","0.00","0.00","20.00","0.00","0.00","0.00","20294.21","4938.76","614.23","5108.91"
2022,2023,"SWKE0122","SWKB0829","66.27","0.00","0.00","0.00","0.00","0.00","0.00","10.00","0.00","0.00","0.00","20294.21","4938.76","614.23","5108.91"
2022,2023,"SWKE0122","SWKB0830","84.10","0.00","23.05","0.00","0.00","0.00","0.00","10.00","344.64","0.00","0.00","20294.21","4938.76","614.23","5108.91"
2022,2023,"SWKE0084","SWKB0831","494.76","0.00","228.46","142.14","0.00","0.00","2843.98","20.00","679.64","0.00","819.84","9947.29","6767.48","5024.55","1002.80"
2022,2023,"SWKE0201","SWKB0832","1813.40","0.00","2027.02","810.00","0.00","3628.53","0.00","110.00","4677.05","370.36","3222.50","36636.71","15477.74","7328.70","4457.84"
2022,2023,"SWKE0063","SWKB0833","2475.35","0.00","4333.15","1467.52","0.00","2137.69","0.00","360.00","7062.89","0.00","3068.53","9158.60","10675.16","1325.42","4851.39"
2022,2023,"SWKE0227","SWKB0834","2521.81","0.00","5610.08","3495.04","0.00","0.00","0.00","160.00","5493.12","327.04","4228.32","20224.97","9128.09","4000.84","2920.21"
2022,2023,"SWKE0185","SWKB0835","371.85","0.00","250.38","229.92","0.00","0.00","0.00","30.00","1266.69","0.00","1200.60","838.18","780.50","179.90","0.00"
2022,2023,"SWKE0033","SWKB0836","418.59","0.00","472.17","293.06","0.00","0.00","0.00","30.00","1277.53","0.00","1275.11","8881.31","3400.90","2480.48","1457.53"
2022,2023,"SWKE0033","SWKB0837","261.16","0.00","40.34","170.98","0.00","0.00","0.00","20.00","855.30","204.40","732.90","8881.31","3400.90","2480.48","1457.53"
2022,2023,"SWKE0259","SWKB0838","2331.32","0.00","1002.77","14995.64","0.00","1332.85","0.00","60.00","2478.15","257.15","2041.43","7056.09","10017.05","3543.05","651.89"
2022,2023,"SWKE0186","SWKB0839","152.18","0.00","732.31","0.00","0.00","0.00","0.00","10.00","344.64","0.00","0.00","161.07","131.23","152.57","0.00"
2022,2023,"SWKE0100","SWKB0840","682.90","0.00","1061.60","647.45","0.00","0.00","0.00","50.00","2111.15","66.05","1984.25","3943.26","15133.29","3262.17","2132.32"
2022,2023,"SWKE0187","SWKB0841","3187.54","0.00","2387.42","2729.38","0.00","3816.56","0.00","140.00","5756.04","6553.28","2904.98","2634.80","4617.42","85.28","390.72"
2022,2023,"SWKE0129","SWKB0842","1483.18","0.00","2583.79","3430.16","0.00","1463.16","0.00","80.00","3172.17","0.00","1853.42","33233.44","15254.16","6285.16","4205.47"
2022,2023,"SWKE0092","SWKB0843","910.11","0.00","223.01","73.36","0.00","0.00","5592.68","30.00","1189.10","0.00","837.30","25129.33","3853.35","3984.36","858.81"
2022,2023,"SWKE0092","SWKB0844","1957.93","0.00","109.22","34.23","0.00","0.00","13254.50","70.00","2399.74","0.00","573.75","25129.33","3853.35","3984.36","858.81"
2022,2023,"SWKE0092","SWKB0845","629.84","0.00","305.02","103.56","0.00","0.00","4053.34","20.00","686.64","0.00","173.64","25129.33","3853.35","3984.36","858.81"
2022,2023,"SWKE0092","SWKB0846","563.32","0.00","276.14","61.24","0.00","0.00","3023.58","20.00","844.46","0.00","591.04","25129.33","3853.35","3984.36","858.81"
2022,2023,"SWKE0159","SWKB0847","1252.11","0.00","1069.81","912.24","0.00","1133.90","0.00","290.00","4139.89","93.68","1799.74","6810.30","9513.82","1331.17","444.73"
2022,2023,"SWKE0201","SWKB0848","1143.50","0.00","628.96","470.90","0.00","1757.98","0.00","70.00","2977.29","269.13","3159.56","36636.71","15477.74","7328.70","4457.84"
2022,2023,"SWKE0119","SWKB0849","21.92","0.00","0.00","0.00","0.00","0.00","0.00","10.00","0.00","0.00","0.00","7478.12","216.06","1046.96","743.96"
2022,2023,"SWKE0105","SWKB0908","143.12","0.00","0.00","0.00","0.00","0.00","0.00","20.00","0.00","0.00","0.00","33935.52","17358.14","7283.26","5522.11"
2022,2023,"SWKE0208","SWKB0850","436.86","0.00","272.46","111.75","0.00","0.00","1795.38","30.00","1019.46","0.00","919.44","2403.71","5063.13","2800.57","1360.06"
2022,2023,"SWKE0329","SWKB0851","1132.53","0.00","2628.80","808.97","0.00","0.00","0.00","90.00","3409.78","0.00","2241.03","67056.41","57695.83","7120.45","2827.45"
2022,2023,"SWKE0088","SWKB0852","3072.70","0.00","1691.50","1095.30","0.00","0.00","20845.60","100.00","3389.90","0.00","1546.70","12142.16","2955.56","1191.99","892.70"
2022,2023,"SWKE0055","SWKB0853","877.30","0.00","1470.06","819.40","0.00","0.00","0.00","60.00","2223.02","0.00","1545.40","5144.63","5435.78","597.19","785.89"
2022,2023,"SWKE0109","SWKB0854","1045.86","0.00","1524.39","1132.86","0.00","0.00","0.00","60.00","2549.64","100.05","3542.37","28993.09","13027.12","5731.74","8768.26"
2022,2023,"SWKE0035","SWKB0855","805.36","0.00","1457.95","496.80","0.00","0.00","0.00","50.00","1878.38","331.12","2076.20","1944.04","2931.60","240.91","1428.83"
2022,2023,"SWKE0035","SWKB0856","358.17","0.00","200.04","239.43","0.00","0.00","0.00","30.00","1033.92","0.00","1100.91","1944.04","2931.60","240.91","1428.83"
2022,2023,"SWKE0201","SWKB0857","638.51","0.00","207.00","1307.77","0.00","1153.63","0.00","30.00","1277.53","100.63","1394.43","36636.71","15477.74","7328.70","4457.84"
2022,2023,"SWKE0327","SWKB0858","2627.33","0.00","4291.23","3549.91","0.00","0.00","0.00","210.00","8495.74","645.32","5094.13","10111.12","1951.30","676.95","290.04"
2022,2023,"SWKE0198","SWKB0859","1791.49","0.00","1848.68","1745.80","0.00","5875.78","2694.55","70.00","2412.50","232.77","1646.51","10806.74","4473.97","1968.42","1238.25"
2022,2023,"SWKE0087","SWKB0860","999.52","0.00","1794.68","1468.56","0.00","0.00","0.00","80.00","3222.66","157.50","2011.90","9590.04","5415.19","1480.71","1213.61"
2022,2023,"SWKE0277","SWKB0861","4415.13","0.00","4477.70","2102.82","0.00","0.00","0.00","690.00","23867.38","0.00","13550.35","0.00","274.79","39.83","28.34"
2022,2023,"SWKE0277","SWKB0862","3080.38","0.00","2932.38","662.12","0.00","0.00","0.00","500.00","17196.12","0.00","9948.74","0.00","274.79","39.83","28.34"
2022,2023,"SWKE0254","SWKB0863","453.29","0.00","262.71","154.32","0.00","0.00","3136.28","10.00","343.32","32.70","340.57","28014.15","12841.99","3467.67","2878.73"
2022,2023,"SWKE0011","SWKB0864","2051.98","0.00","1768.32","1048.52","0.00","0.00","0.00","290.00","9813.31","0.00","3137.28","3952.45","5387.09","1141.47","489.61"
2022,2023,"SWKE0120","SWKB0865","715.66","0.00","1351.31","983.54","0.00","0.00","0.00","450.00","2559.16","0.00","1339.92","14622.22","9062.23","5281.87","1329.84"
2022,2023,"SWKE0113","SWKB0866","1568.61","0.00","3217.73","759.84","0.00","0.00","0.00","140.00","5353.63","449.04","3433.95","9091.91","5982.86","2399.88","1941.64"
2022,2023,"SWKE0190","SWKB0867","1068.11","0.00","4349.55","265.55","0.00","0.00","0.00","60.00","2048.25","0.00","1788.13","4183.66","2021.91","396.61","1162.19"
2022,2023,"SWKE0190","SWKB0868","1145.74","0.00","2069.85","530.68","0.00","0.00","0.00","90.00","3176.54","0.00","2616.01","4183.66","2021.91","396.61","1162.19"
2022,2023,"SWKE0190","SWKB0869","727.79","0.00","460.75","236.16","0.00","0.00","0.00","70.00","2398.54","0.00","1711.50","4183.66","2021.91","396.61","1162.19"
2022,2023,"SWKE0122","SWKB0870","66.26","0.00","0.00","0.00","0.00","0.00","0.00","10.00","0.00","0.00","0.00","20294.21","4938.76","614.23","5108.91"
2022,2023,"SWKE0198","SWKB0871","1127.53","0.00","1116.90","479.55","0.00","2302.14","2527.26","60.00","2046.93","137.70","1549.56","10806.74","4473.97","1968.42","1238.25"
2022,2023,"SWKE0120","SWKB0872","569.41","0.00","477.72","1270.55","0.00","0.00","0.00","430.00","1950.92","0.00","1329.31","14622.22","9062.23","5281.87","1329.84"
2022,2023,"SWKE0310","SWKB0873","383.54","0.00","111.91","307.55","0.00","0.00","0.00","40.00","1371.10","119.44","1235.33","2706.91","88.40","328.58","949.71"
2022,2023,"SWKE0248","SWKB0874","1129.55","0.00","3223.18","57.33","0.00","0.00","0.00","100.00","3514.03","0.00","2555.48","5528.05","4264.51","2492.04","260.49"
2022,2023,"SWKE0177","SWKB0875","1197.81","0.00","490.04","805.42","0.00","0.00","0.00","110.00","3776.82","177.44","2861.77","13790.80","1405.18","2090.00","3877.80"
2022,2023,"SWKE0259","SWKB0876","1940.53","0.00","3334.49","3199.15","0.00","2935.47","0.00","100.00","4188.07","381.04","3296.78","7056.09","10017.05","3543.05","651.89"
2022,2023,"SWKE0113","SWKB0877","434.16","0.00","1315.34","119.67","0.00","893.81","0.00","20.00","849.88","65.41","663.33","9091.91","5982.86","2399.88","1941.64"
2022,2023,"SWKE0113","SWKB0878","539.00","0.00","947.41","174.93","0.00","1297.29","0.00","30.00","1272.11","88.77","974.92","9091.91","5982.86","2399.88","1941.64"
2022,2023,"SWKE0290","SWKB0879","1880.95","0.00","3828.50","1279.50","0.00","2327.17","0.00","120.00","5038.97","396.46","2973.03","6743.02","4905.29","700.05","382.49"
2022,2023,"SWKE0166","SWKB0880","1576.70","0.00","2390.90","616.20","0.00","1181.00","0.00","100.00","4222.30","0.00","3679.50","9495.18","2180.27","503.11","261.21"
2022,2023,"SWKE0177","SWKB0881","2287.67","0.00","3031.44","3797.07","0.00","3642.40","0.00","330.00","4851.21","287.46","3250.50","13790.80","1405.18","2090.00","3877.80"
2022,2023,"SWKE0192","SWKB0882","173.95","0.00","31.37","0.00","0.00","0.00","1145.86","10.00","344.64","0.00","0.00","4042.15","1352.88","1512.56","1799.51"
2022,2023,"SWKE0041","SWKB0883","768.73","0.00","131.54","284.74","0.00","0.00","5351.24","30.00","1025.63","0.00","202.63","66294.63","43369.16","23493.13","6607.17"
2022,2023,"SWKE0041","SWKB0884","860.47","0.00","378.86","294.91","0.00","0.00","6015.38","30.00","1025.63","0.00","198.25","66294.63","43369.16","23493.13","6607.17"
2022,2023,"SWKE0201","SWKB0885","2524.31","0.00","3483.94","363.86","0.00","3105.30","0.00","150.00","6393.07","564.44","6565.45","36636.71","15477.74","7328.70","4457.84"
2022,2023,"SWKE0191","SWKB0886","5096.38","0.00","5952.08","5164.24","0.00","3241.50","0.00","380.00","15688.96","0.00","6355.68","5405.74","6112.00","1809.36","1235.12"
2022,2023,"SWKE0114","SWKB0887","2688.95","0.00","1481.59","1580.30","0.00","1228.10","0.00","90.00","3082.17","14439.26","3094.72","3773.94","4132.29","626.66","1842.66"
2022,2023,"SWKE0113","SWKB0888","1975.12","0.00","5210.52","1129.76","0.00","1979.14","0.00","40.00","1824.33","7391.39","1257.78","9091.91","5982.86","2399.88","1941.64"
2022,2023,"SWKE0113","SWKB0889","2543.24","0.00","976.01","1712.93","0.00","5244.14","0.00","70.00","2977.29","10969.05","2016.39","9091.91","5982.86","2399.88","1941.64"
2022,2023,"SWKE0129","SWKB0890","1165.59","0.00","986.22","1353.41","0.00","2389.39","0.00","70.00","2729.80","209.31","2124.51","33233.44","15254.16","6285.16","4205.47"
2022,2023,"SWKE0193","SWKB0891","1207.71","0.00","1813.14","1569.78","0.00","1153.17","0.00","80.00","3101.76","439.74","2606.76","1054.80","0.00","337.77","0.00"
2022,2023,"SWKE0347","SWKB0892","131.18","0.00","44.17","160.73","0.00","0.00","0.00","10.00","344.64","31.65","665.45","75.52","61.32","6.51","0.00"
2022,2023,"SWKE0347","SWKB0893","159.21","0.00","142.03","113.12","0.00","0.00","0.00","10.00","422.23","37.98","798.55","75.52","61.32","6.51","0.00"
2022,2023,"SWKE0122","SWKB0894","113.60","0.00","0.00","0.00","0.00","0.00","0.00","20.00","0.00","0.00","0.00","20294.21","4938.76","614.23","5108.91"
2022,2023,"SWKE0122","SWKB0895","47.34","0.00","0.00","0.00","0.00","0.00","0.00","10.00","0.00","0.00","0.00","20294.21","4938.76","614.23","5108.91"
2022,2023,"SWKE0329","SWKB0896","621.98","0.00","1546.17","0.00","0.00","0.00","0.00","50.00","1961.39","111.78","1376.63","67056.41","57695.83","7120.45","2827.45"
2022,2023,"SWKE0194","SWKB0897","111.60","0.00","567.74","0.00","0.00","0.00","0.00","10.00","344.64","0.00","18.75","143.72","0.00","41.11","0.00"
2022,2023,"SWKE0195","SWKB0898","0.00","0.00","11654.49","6123.69","0.00","3835.23","0.00","210.00","8827.18","870.50","7702.54","0.00","4267.98","2161.46","0.00"
2022,2023,"SWKE0196","SWKB0899","303.22","0.00","600.66","123.76","0.00","0.00","0.00","10.00","427.65","1054.59","390.85","299.36","91.27","35.66","8.40"
2022,2023,"SWKE0105","SWKB0900","71.55","0.00","0.00","0.00","0.00","0.00","0.00","10.00","0.00","0.00","0.00","33935.52","17358.14","7283.26","5522.11"
2022,2023,"SWKE0105","SWKB0901","214.68","0.00","0.00","0.00","0.00","0.00","0.00","30.00","0.00","0.00","0.00","33935.52","17358.14","7283.26","5522.11"
2022,2023,"SWKE0105","SWKB0902","204.43","0.00","0.00","0.00","0.00","0.00","0.00","30.00","0.00","0.00","0.00","33935.52","17358.14","7283.26","5522.11"
2022,2023,"SWKE0105","SWKB0903","71.56","0.00","0.00","0.00","0.00","0.00","0.00","10.00","0.00","0.00","0.00","33935.52","17358.14","7283.26","5522.11"
2022,2023,"SWKE0105","SWKB0904","286.28","0.00","0.00","0.00","0.00","0.00","0.00","40.00","0.00","0.00","0.00","33935.52","17358.14","7283.26","5522.11"
2022,2023,"SWKE0105","SWKB0905","143.12","0.00","0.00","0.00","0.00","0.00","0.00","20.00","0.00","0.00","0.00","33935.52","17358.14","7283.26","5522.11"
2022,2023,"SWKE0105","SWKB0906","71.56","0.00","0.00","0.00","0.00","0.00","0.00","10.00","0.00","0.00","0.00","33935.52","17358.14","7283.26","5522.11"
2022,2023,"SWKE0105","SWKB0909","214.68","0.00","0.00","0.00","0.00","0.00","0.00","20.00","0.00","0.00","0.00","33935.52","17358.14","7283.26","5522.11"
2022,2023,"SWKE0105","SWKB0910","143.12","0.00","0.00","0.00","0.00","0.00","0.00","10.00","0.00","0.00","0.00","33935.52","17358.14","7283.26","5522.11"
2022,2023,"SWKE0105","SWKB0911","143.12","0.00","0.00","0.00","0.00","0.00","0.00","20.00","0.00","0.00","0.00","33935.52","17358.14","7283.26","5522.11"
2022,2023,"SWKE0105","SWKB0912","214.68","0.00","0.00","0.00","0.00","0.00","0.00","30.00","0.00","0.00","0.00","33935.52","17358.14","7283.26","5522.11"
2022,2023,"SWKE0105","SWKB0913","273.09","0.00","1602.05","253.51","0.00","0.00","0.00","10.00","344.64","19.63","0.00","33935.52","17358.14","7283.26","5522.11"
2022,2023,"SWKE0105","SWKB0914","664.83","0.00","2717.19","932.70","0.00","0.00","0.00","30.00","1033.92","0.00","431.10","33935.52","17358.14","7283.26","5522.11"
2022,2023,"SWKE0340","SWKB0915","777.93","0.00","1001.82","269.01","0.00","0.00","4097.76","30.00","1033.92","72.00","684.42","10799.97","2194.90","856.94","928.95"
2022,2023,"SWKE0197","SWKB0916","794.88","0.00","2089.80","1106.40","0.00","0.00","0.00","60.00","2059.92","0.00","1327.86","1077.78","145.98","140.76","0.00"
2022,2023,"SWKE0198","SWKB0917","460.63","0.00","1306.96","140.75","0.00","0.00","0.00","40.00","1694.34","0.00","749.46","10806.74","4473.97","1968.42","1238.25"
2022,2023,"SWKE0198","SWKB0918","255.00","0.00","865.52","73.19","0.00","0.00","0.00","20.00","849.88","0.00","389.72","10806.74","4473.97","1968.42","1238.25"
2022,2023,"SWKE0198","SWKB0919","206.98","0.00","454.82","67.56","0.00","0.00","0.00","20.00","844.46","0.00","359.74","10806.74","4473.97","1968.42","1238.25"
2022,2023,"SWKE0198","SWKB0920","169.44","0.00","21.34","125.82","0.00","0.00","0.00","20.00","844.46","0.00","359.74","10806.74","4473.97","1968.42","1238.25"
2022,2023,"SWKE0198","SWKB0921","85.81","0.00","35.02","46.79","0.00","0.00","0.00","10.00","422.23","0.00","182.54","10806.74","4473.97","1968.42","1238.25"
2022,2023,"SWKE0100","SWKB0922","1320.25","0.00","1002.58","716.09","0.00","1867.13","0.00","120.00","5006.03","0.00","2246.52","3943.26","15133.29","3262.17","2132.32"
2022,2023,"SWKE0084","SWKB0923","4792.18","0.00","5392.00","3711.20","0.00","4029.08","22573.32","330.00","5600.86","449.74","3830.64","9947.29","6767.48","5024.55","1002.80"
2022,2023,"SWKE0111","SWKB0924","0.00","0.00","0.00","89.74","0.00","0.00","0.00","20.00","766.87","39.25","564.80","0.00","6114.08","2844.13","77.17"
2022,2023,"SWKE0111","SWKB0925","0.00","0.00","989.63","416.67","0.00","0.00","11576.99","50.00","2450.97","75.48","2050.09","0.00","6114.08","2844.13","77.17"
2022,2023,"SWKE0274","SWKB0926","902.70","0.00","0.00","649.44","0.00","0.00","5681.49","30.00","1033.92","51.00","1100.58","4758.09","2896.30","1515.54","462.79"
2022,2023,"SWKE0274","SWKB0927","995.58","0.00","328.71","697.53","0.00","0.00","6241.80","30.00","1033.92","42.51","1100.58","4758.09","2896.30","1515.54","462.79"
2022,2023,"SWKE0274","SWKB0928","561.16","0.00","347.72","364.04","0.00","0.00","3136.34","20.00","689.28","0.00","733.72","4758.09","2896.30","1515.54","462.79"
2022,2023,"SWKE0274","SWKB0929","282.61","0.00","49.41","179.30","0.00","0.00","1608.84","10.00","344.64","106.79","366.86","4758.09","2896.30","1515.54","462.79"
2022,2023,"SWKE0274","SWKB0930","1061.79","0.00","637.53","585.84","0.00","0.00","6749.37","30.00","1033.92","0.00","1100.58","4758.09","2896.30","1515.54","462.79"
2022,2023,"SWKE0274","SWKB0931","277.55","0.00","0.00","0.00","0.00","0.00","2121.72","10.00","343.32","0.00","72.25","4758.09","2896.30","1515.54","462.79"
2022,2023,"SWKE0268","SWKB0932","1573.36","0.00","532.82","796.46","0.00","0.00","8533.59","40.00","1475.92","363.79","826.15","8828.25","3319.91","1881.60","21548.45"
2022,2023,"SWKE0198","SWKB0933","640.86","0.00","57.24","38.73","0.00","0.00","1786.94","50.00","1700.54","416.89","1702.61","10806.74","4473.97","1968.42","1238.25"
2022,2023,"SWKE0198","SWKB0934","410.42","0.00","36.42","0.00","0.00","0.00","1256.04","30.00","1029.96","119.91","1061.28","10806.74","4473.97","1968.42","1238.25"
2022,2023,"SWKE0199","SWKB0935","95.32","0.00","35.65","0.00","0.00","0.00","0.00","10.00","339.82","0.00","0.00","0.00","577.75","0.00","0.00"
2022,2023,"SWKE0033","SWKB0936","447.00","0.00","104.78","408.24","0.00","0.00","0.00","40.00","1367.26","126.10","1508.68","8881.31","3400.90","2480.48","1457.53"
2022,2023,"SWKE0201","SWKB0937","887.28","0.00","381.30","119.34","0.00","1689.15","0.00","60.00","2549.64","266.58","2025.99","36636.71","15477.74","7328.70","4457.84"
2022,2023,"SWKE0129","SWKB0938","2533.71","0.00","572.52","1008.28","0.00","0.00","0.00","130.00","4969.14","11297.91","3250.52","33233.44","15254.16","6285.16","4205.47"
2022,2023,"SWKE0202","SWKB0939","1273.18","0.00","1945.17","323.09","0.00","0.00","0.00","130.00","4563.65","0.00","3198.13","2410.72","1593.67","496.08","1586.91"
2022,2023,"SWKE0202","SWKB0940","2074.67","0.00","8347.98","373.96","0.00","0.00","0.00","160.00","5694.46","0.00","2944.53","2410.72","1593.67","496.08","1586.91"
2022,2023,"SWKE0203","SWKB0941","191.59","0.00","542.12","216.00","0.00","0.00","0.00","30.00","1111.51","0.00","0.00","0.00","0.00","46.27","0.00"
2022,2023,"SWKE0041","SWKB0942","3755.89","0.00","2245.29","3294.88","0.00","0.00","20460.32","120.00","4105.27","196.24","4628.82","66294.63","43369.16","23493.13","6607.17"
2022,2023,"SWKE0011","SWKB0943","625.31","0.00","849.01","303.51","0.00","986.90","0.00","50.00","2050.76","0.00","1021.21","3952.45","5387.09","1141.47","489.61"
2022,2023,"SWKE0045","SWKB0944","1408.16","0.00","1592.32","746.08","0.00","0.00","7137.76","40.00","1378.56","0.00","1903.92","21208.02","7811.54","2210.07","2040.28"
2022,2023,"SWKE0045","SWKB0945","2844.82","0.00","708.81","1042.58","0.00","0.00","16185.87","90.00","3495.13","0.00","3642.84","21208.02","7811.54","2210.07","2040.28"
2022,2023,"SWKE0017","SWKB0946","434.80","0.00","272.00","393.20","0.00","0.00","0.00","40.00","1355.96","130.80","932.44","11038.97","3490.54","1723.70","13544.02"
2022,2023,"SWKE0128","SWKB0947","104.23","0.00","192.93","267.58","0.00","0.00","0.00","10.00","339.82","0.00","125.51","2797.23","3516.92","1028.32","1469.94"
2022,2023,"SWKE0084","SWKB0948","1118.39","0.00","1912.49","1000.15","0.00","1657.36","0.00","70.00","2585.20","0.00","2860.89","9947.29","6767.48","5024.55","1002.80"
2022,2023,"SWKE0084","SWKB0949","5321.86","0.00","5937.45","4479.61","0.00","2898.47","25375.63","530.00","6189.45","505.95","5205.00","9947.29","6767.48","5024.55","1002.80"
2022,2023,"SWKE0204","SWKB0950","1209.60","0.00","1907.46","1146.87","0.00","0.00","0.00","90.00","3800.07","0.00","4039.02","1737.37","0.00","0.00","0.00"
2022,2023,"SWKE0129","SWKB0951","1000.38","0.00","1168.13","643.39","0.00","987.28","0.00","80.00","3321.93","0.00","1507.28","33233.44","15254.16","6285.16","4205.47"
2022,2023,"SWKE0082","SWKB0952","1600.12","0.00","5237.48","1556.92","0.00","1358.12","0.00","100.00","3412.87","333.37","1288.35","13658.39","5272.73","3668.66","2674.92"
2022,2023,"SWKE0232","SWKB0953","944.20","0.00","1484.82","321.75","0.00","0.00","0.00","90.00","3733.32","0.00","2060.94","4029.53","2610.05","401.60","21.39"
2022,2023,"SWKE0255","SWKB0954","1158.13","0.00","908.23","220.94","0.00","0.00","0.00","90.00","3667.51","0.00","3633.62","8620.80","4451.99","542.09","887.86"
2022,2023,"SWKE0286","SWKB0955","1970.44","0.00","3434.34","898.62","0.00","2144.26","0.00","510.00","5178.63","420.84","5118.10","7392.35","3663.39","3063.13","598.47"
2022,2023,"SWKE0129","SWKB0956","2452.36","0.00","3206.17","2751.22","0.00","2122.63","0.00","220.00","7910.55","0.00","3255.55","33233.44","15254.16","6285.16","4205.47"
2022,2023,"SWKE0269","SWKB0957","284.30","0.00","247.70","128.04","0.00","0.00","1514.09","10.00","344.64","0.00","340.07","9084.30","2336.64","559.69","311.44"
2022,2023,"SWKE0269","SWKB0958","525.84","0.00","452.80","404.20","0.00","0.00","0.00","40.00","1688.92","130.84","1293.28","9084.30","2336.64","559.69","311.44"
2022,2023,"SWKE0269","SWKB0959","1078.95","0.00","3138.10","506.80","0.00","0.00","2481.80","50.00","1723.20","0.00","1597.70","9084.30","2336.64","559.69","311.44"
2022,2023,"SWKE0129","SWKB0960","266.68","0.00","440.60","174.90","0.00","0.00","0.00","20.00","686.64","0.00","712.54","33233.44","15254.16","6285.16","4205.47"
2022,2023,"SWKE0100","SWKB0961","938.24","0.00","996.91","575.35","0.00","1311.69","0.00","70.00","2490.07","77.25","2781.22","3943.26","15133.29","3262.17","2132.32"
2022,2023,"SWKE0206","SWKB0962","3315.17","0.00","4244.90","1538.58","0.00","3705.73","0.00","250.00","9193.84","753.38","8177.46","3822.84","3331.97","89.34","177.68"
2022,2023,"SWKE0006","SWKB0963","1917.23","0.00","713.46","1538.16","0.00","1622.90","0.00","160.00","6600.50","532.98","4681.68","4390.38","2677.50","532.93","1655.37"
2022,2023,"SWKE0021","SWKB0964","3203.75","0.00","1547.72","1287.81","0.00","0.00","19884.07","90.00","3684.03","0.00","3270.68","11477.97","6872.37","2775.59","5106.47"
2022,2023,"SWKE0021","SWKB0965","2411.38","0.00","2131.48","1134.49","0.00","0.00","14489.83","70.00","2570.84","0.00","2129.79","11477.97","6872.37","2775.59","5106.47"
2022,2023,"SWKE0021","SWKB0966","1513.56","0.00","1054.90","421.07","0.00","0.00","9111.23","50.00","1721.83","0.00","1763.15","11477.97","6872.37","2775.59","5106.47"
2022,2023,"SWKE0021","SWKB0967","944.99","0.00","622.31","573.29","0.00","0.00","5674.86","30.00","1034.59","0.00","895.09","11477.97","6872.37","2775.59","5106.47"
2022,2023,"SWKE0343","SWKB0968","590.79","0.00","839.46","830.85","0.00","0.00","0.00","50.00","1725.86","0.00","1468.33","2413.80","4921.06","580.67","94.15"
2022,2023,"SWKE0343","SWKB0969","934.81","0.00","1400.88","851.25","0.00","0.00","0.00","90.00","3068.53","0.00","2391.71","2413.80","4921.06","580.67","94.15"
2022,2023,"SWKE0207","SWKB0970","1481.19","0.00","1349.46","904.65","0.00","2249.37","0.00","120.00","4132.39","0.00","4547.05","1525.27","0.00","103.66","0.00"
2022,2023,"SWKE0041","SWKB0971","7798.76","0.00","25137.02","5065.72","0.00","0.00","32544.70","180.00","6136.46","73.70","5019.32","66294.63","43369.16","23493.13","6607.17"
2022,2023,"SWKE0041","SWKB0972","162.84","0.00","7.22","107.47","0.00","0.00","1035.54","10.00","339.82","0.00","0.00","66294.63","43369.16","23493.13","6607.17"
2022,2023,"SWKE0252","SWKB0973","11492.94","0.00","7433.47","10104.92","0.00","4648.86","53321.87","390.00","14267.60","1380.27","14597.84","27945.14","12050.02","8416.38","2690.83"
2022,2023,"SWKE0063","SWKB0974","2511.87","0.00","4531.16","1369.85","0.00","2248.17","0.00","200.00","6809.88","0.00","4012.63","9158.60","10675.16","1325.42","4851.39"
2022,2023,"SWKE0120","SWKB0975","1715.47","0.00","2179.08","2564.83","0.00","0.00","0.00","930.00","5893.53","0.00","4452.13","14622.22","9062.23","5281.87","1329.84"
2022,2023,"SWKE0209","SWKB0976","1057.59","0.00","492.66","976.32","0.00","0.00","0.00","80.00","3800.07","0.00","4039.02","1202.85","0.00","65.34","0.00"
2022,2023,"SWKE0329","SWKB0977","779.89","0.00","719.52","346.98","0.00","371.46","0.00","60.00","2533.38","86.60","2221.80","67056.41","57695.83","7120.45","2827.45"
2022,2023,"SWKE0030","SWKB0978","12055.02","0.00","8632.80","4428.17","0.00","4917.33","52923.38","280.00","9676.82","15500.14","13271.91","13046.37","12907.80","2492.06","3207.96"
2022,2023,"SWKE0211","SWKB0979","0.00","0.00","2126.31","2654.51","0.00","0.00","0.00","140.00","5927.48","15394.37","5801.72","0.00","472.27","103.67","53.49"
2022,2023,"SWKE0145","SWKB0980","1315.99","0.00","2775.86","1280.70","0.00","0.00","0.00","120.00","4844.83","0.00","2026.01","28851.81","12285.67","6990.17","3304.06"
2022,2023,"SWKE0204","SWKB0981","557.92","0.00","806.08","840.72","0.00","0.00","0.00","30.00","1688.92","0.00","1708.92","1737.37","0.00","0.00","0.00"
2022,2023,"SWKE0198","SWKB0982","2903.79","0.00","5511.24","1512.70","0.00","3227.64","7971.09","130.00","4806.48","477.26","2728.88","10806.74","4473.97","1968.42","1238.25"
2022,2023,"SWKE0100","SWKB0983","585.12","0.00","1396.84","285.56","0.00","0.00","0.00","40.00","1688.92","45.76","1667.40","3943.26","15133.29","3262.17","2132.32"
2022,2023,"SWKE0212","SWKB0984","291.06","0.00","486.78","603.88","0.00","0.00","0.00","20.00","689.28","62.30","846.80","179.60","0.00","41.92","0.00"
2022,2023,"SWKE0213","SWKB0985","1251.62","0.00","4495.89","66.24","0.00","0.00","0.00","100.00","3764.36","0.00","243.98","1466.83","1881.47","123.23","474.16"
2022,2023,"SWKE0214","SWKB0986","308.62","0.00","794.84","154.08","0.00","0.00","0.00","20.00","844.46","65.42","202.60","373.66","641.10","10.06","0.00"
2022,2023,"SWKE0217","SWKB0987","687.77","0.00","3872.23","666.00","0.00","0.00","0.00","20.00","861.06","76.96","729.10","9768.12","4798.38","1490.04","1113.40"
2022,2023,"SWKE0217","SWKB0988","491.48","0.00","1054.89","612.88","0.00","0.00","0.00","30.00","1277.53","100.63","972.28","9768.12","4798.38","1490.04","1113.40"
2022,2023,"SWKE0217","SWKB0989","197.62","0.00","707.08","149.98","0.00","0.00","0.00","10.00","427.65","37.37","340.30","9768.12","4798.38","1490.04","1113.40"
2022,2023,"SWKE0217","SWKB0990","140.79","0.00","354.11","216.34","0.00","0.00","0.00","10.00","344.64","25.66","243.03","9768.12","4798.38","1490.04","1113.40"
2022,2023,"SWKE0205","SWKB0991","1828.25","0.00","3292.70","2074.05","0.00","2316.01","0.00","90.00","3756.62","0.00","3162.10","5394.51","4703.63","599.78","95.62"
2022,2023,"SWKE0198","SWKB0992","555.57","0.00","71.79","20.94","0.00","2030.64","1095.42","30.00","1033.92","98.10","775.98","10806.74","4473.97","1968.42","1238.25"
2022,2023,"SWKE0084","SWKB0993","1892.19","0.00","1906.38","1326.64","0.00","1546.29","5544.91","120.00","4066.16","0.00","2692.11","9947.29","6767.48","5024.55","1002.80"
2022,2023,"SWKE0252","SWKB0994","19962.48","0.00","9185.94","11314.37","0.00","8066.93","92070.17","1240.00","24349.08","15054.57","24273.01","27945.14","12050.02","8416.38","2690.83"
2022,2023,"SWKE0329","SWKB0995","599.44","0.00","1113.80","434.72","0.00","0.00","0.00","40.00","1688.92","0.00","1744.28","67056.41","57695.83","7120.45","2827.45"
2022,2023,"SWKE0329","SWKB0996","522.24","0.00","233.96","376.04","0.00","0.00","0.00","40.00","1688.92","130.80","1779.64","67056.41","57695.83","7120.45","2827.45"
2022,2023,"SWKE0156","SWKB0997","1715.25","0.00","2013.55","1822.30","0.00","0.00","0.00","120.00","4841.96","285.96","4280.02","18101.96","6570.48","4272.51","2078.74"
2022,2023,"SWKE0288","SWKB0998","2992.17","0.00","1282.76","18118.57","0.00","2743.70","0.00","80.00","3416.12","0.00","2862.12","36388.87","15134.54","3958.58","5509.76"
2022,2023,"SWKE0288","SWKB0999","6076.54","0.00","2633.38","36417.99","0.00","1978.31","0.00","210.00","8787.87","0.00","7187.80","36388.87","15134.54","3958.58","5509.76"
2022,2023,"SWKE0219","SWKB1000","474.76","0.00","341.10","26.45","0.00","0.00","0.00","60.00","2063.02","0.00","386.34","721.28","1067.43","142.10","0.00"
2022,2023,"SWKE0041","SWKB1001","1702.76","0.00","542.19","949.70","0.00","0.00","0.00","170.00","5850.33","504.98","4961.57","66294.63","43369.16","23493.13","6607.17"
2022,2023,"SWKE0041","SWKB1002","1887.88","0.00","5843.58","4611.98","0.00","0.00","0.00","320.00","5510.67","0.00","77.08","66294.63","43369.16","23493.13","6607.17"
2022,2023,"SWKE0041","SWKB1003","2321.95","0.00","5112.94","3768.02","0.00","0.00","0.00","170.00","6282.85","0.00","3801.93","66294.63","43369.16","23493.13","6607.17"
2022,2023,"SWKE0352","SWKB1004","1542.39","0.00","3013.23","1876.50","0.00","0.00","0.00","100.00","4271.08","0.00","3716.14","7891.72","6970.78","3122.20","1356.29"
2022,2023,"SWKE0100","SWKB1005","528.00","0.00","43.20","584.40","0.00","0.00","0.00","50.00","2111.15","0.00","1582.75","3943.26","15133.29","3262.17","2132.32"
2022,2023,"SWKE0100","SWKB1006","328.98","0.00","948.34","251.36","0.00","0.00","0.00","20.00","855.30","119.92","667.60","3943.26","15133.29","3262.17","2132.32"
2022,2023,"SWKE0100","SWKB1007","503.44","0.00","468.32","489.32","0.00","0.00","0.00","40.00","1710.60","121.36","1350.16","3943.26","15133.29","3262.17","2132.32"
2022,2023,"SWKE0100","SWKB1008","775.22","0.00","312.10","1570.73","0.00","0.00","0.00","60.00","2544.56","145.23","1965.42","3943.26","15133.29","3262.17","2132.32"
2022,2023,"SWKE0291","SWKB1009","494.08","0.00","113.26","0.00","0.00","0.00","3145.78","20.00","686.64","0.00","215.22","58565.61","9635.91","7060.54","879.53"
2022,2023,"SWKE0291","SWKB1010","515.48","0.00","631.75","0.00","0.00","0.00","2982.24","20.00","687.96","0.00","184.47","58565.61","9635.91","7060.54","879.53"
2022,2023,"SWKE0291","SWKB1011","100.31","0.00","162.27","0.00","0.00","0.00","0.00","10.00","343.32","0.00","107.61","58565.61","9635.91","7060.54","879.53"
2022,2023,"SWKE0291","SWKB1012","390.83","0.00","417.08","0.00","0.00","0.00","2102.92","20.00","684.46","0.00","202.59","58565.61","9635.91","7060.54","879.53"
2022,2023,"SWKE0291","SWKB1013","239.92","0.00","56.63","0.00","0.00","0.00","1501.76","10.00","343.32","0.00","107.61","58565.61","9635.91","7060.54","879.53"
2022,2023,"SWKE0291","SWKB1014","489.96","0.00","113.26","0.00","0.00","0.00","3104.56","20.00","686.64","0.00","215.22","58565.61","9635.91","7060.54","879.53"
2022,2023,"SWKE0291","SWKB1015","260.52","0.00","165.46","0.00","0.00","0.00","1598.91","10.00","343.32","0.00","107.61","58565.61","9635.91","7060.54","879.53"
2022,2023,"SWKE0291","SWKB1016","261.95","0.00","77.87","0.00","0.00","0.00","1700.79","10.00","343.32","0.00","107.61","58565.61","9635.91","7060.54","879.53"
2022,2023,"SWKE0291","SWKB1017","928.42","0.00","305.39","0.00","0.00","0.00","5672.27","40.00","1458.93","0.00","399.69","58565.61","9635.91","7060.54","879.53"
2022,2023,"SWKE0291","SWKB1018","13554.93","0.00","18990.44","4506.80","0.00","3417.87","69771.08","430.00","15603.08","0.00","6328.84","58565.61","9635.91","7060.54","879.53"
2022,2023,"SWKE0291","SWKB1019","758.35","0.00","971.42","27.96","0.00","0.00","3869.20","230.00","1364.10","0.00","404.13","58565.61","9635.91","7060.54","879.53"
2022,2023,"SWKE0324","SWKB1637","0.00","0.00","0.00","0.00","0.00","0.00","0.00","10.00","0.00","0.00","0.00","107.58","13.33","16.92","26.16"
2022,2023,"SWKE0291","SWKB1020","278.95","0.00","301.97","0.00","0.00","0.00","1562.34","10.00","427.65","0.00","107.61","58565.61","9635.91","7060.54","879.53"
2022,2023,"SWKE0291","SWKB1021","661.62","0.00","153.71","0.00","0.00","0.00","4080.82","20.00","1031.28","0.00","292.08","58565.61","9635.91","7060.54","879.53"
2022,2023,"SWKE0291","SWKB1022","253.42","0.00","72.84","0.00","0.00","0.00","1620.47","10.00","343.32","0.00","107.61","58565.61","9635.91","7060.54","879.53"
2022,2023,"SWKE0253","SWKB1023","1685.82","0.00","955.26","765.66","0.00","0.00","8294.10","250.00","2067.84","0.00","2632.14","22883.13","4446.78","1017.29","7492.98"
2022,2023,"SWKE0221","SWKB1024","400.98","0.00","1112.31","0.00","0.00","0.00","0.00","20.00","1029.96","0.00","0.00","1173.30","670.08","24.09","0.00"
2022,2023,"SWKE0222","SWKB1025","372.40","0.00","483.76","390.24","0.00","0.00","0.00","20.00","844.46","194.24","524.54","1336.13","943.69","186.34","0.00"
2022,2023,"SWKE0275","SWKB1026","1351.13","0.00","976.54","669.23","0.00","1546.93","6872.21","50.00","1878.38","160.04","906.61","1037.38","1282.91","295.97","242.45"
2022,2023,"SWKE0342","SWKB1027","0.00","0.00","6993.28","11795.60","0.00","5987.04","0.00","300.00","12890.64","310.00","14011.28","0.00","0.00","388.56","955.60"
2022,2023,"SWKE0201","SWKB1028","210.62","0.00","64.78","189.16","0.00","0.00","0.00","20.00","689.28","0.00","690.96","36636.71","15477.74","7328.70","4457.84"
2022,2023,"SWKE0217","SWKB1029","628.30","0.00","2301.12","490.44","0.00","0.00","0.00","40.00","1355.96","115.44","944.16","9768.12","4798.38","1490.04","1113.40"
2022,2023,"SWKE0217","SWKB1030","498.45","0.00","2628.71","235.15","0.00","0.00","0.00","20.00","691.27","184.61","572.29","9768.12","4798.38","1490.04","1113.40"
2022,2023,"SWKE0217","SWKB1031","714.53","0.00","2713.47","587.27","0.00","0.00","0.00","50.00","1721.23","0.00","509.24","9768.12","4798.38","1490.04","1113.40"
2022,2023,"SWKE0145","SWKB1032","1105.52","0.00","1854.08","1178.78","0.00","0.00","0.00","100.00","4243.98","0.00","1765.86","28851.81","12285.67","6990.17","3304.06"
2022,2023,"SWKE0223","SWKB1033","1061.60","0.00","683.30","382.97","0.00","0.00","0.00","70.00","2544.10","158.12","2818.04","3574.77","959.19","959.65","79.23"
2022,2023,"SWKE0223","SWKB1034","431.65","0.00","285.51","140.40","0.00","0.00","0.00","30.00","1100.21","174.42","1072.62","3574.77","959.19","959.65","79.23"
2022,2023,"SWKE0224","SWKB1035","588.44","0.00","1650.72","520.77","0.00","0.00","0.00","30.00","1108.87","0.00","1077.80","8921.77","3712.07","539.74","129.50"
2022,2023,"SWKE0224","SWKB1036","543.53","0.00","98.54","415.92","0.00","0.00","0.00","30.00","1114.82","792.54","1401.13","8921.77","3712.07","539.74","129.50"
2022,2023,"SWKE0224","SWKB1037","291.36","0.00","0.00","226.58","0.00","0.00","0.00","20.00","686.64","0.00","812.42","8921.77","3712.07","539.74","129.50"
2022,2023,"SWKE0224","SWKB1038","660.08","0.00","0.00","520.80","0.00","0.00","0.00","30.00","1456.82","80.81","2166.45","8921.77","3712.07","539.74","129.50"
2022,2023,"SWKE0041","SWKB1039","606.74","0.00","514.34","59.88","0.00","0.00","3706.42","20.00","677.98","0.00","693.72","66294.63","43369.16","23493.13","6607.17"
2022,2023,"SWKE0041","SWKB1040","1827.66","0.00","2272.50","910.26","0.00","0.00","10256.95","60.00","2059.92","0.00","1324.68","66294.63","43369.16","23493.13","6607.17"
2022,2023,"SWKE0225","SWKB1041","1882.64","0.00","2044.42","1361.27","0.00","0.00","12073.57","60.00","2306.03","0.00","209.09","671.89","1124.25","296.95","60.88"
2022,2023,"SWKE0225","SWKB1042","1520.02","0.00","1720.04","999.05","0.00","0.00","9631.39","50.00","1961.39","0.00","178.32","671.89","1124.25","296.95","60.88"
2022,2023,"SWKE0225","SWKB1043","459.81","0.00","271.87","550.05","0.00","0.00","2528.07","20.00","849.88","0.00","79.94","671.89","1124.25","296.95","60.88"
2022,2023,"SWKE0225","SWKB1044","559.72","0.00","176.74","522.50","0.00","0.00","3758.21","20.00","772.29","0.00","73.79","671.89","1124.25","296.95","60.88"
2022,2023,"SWKE0116","SWKB1045","280.55","0.00","70.57","14.85","0.00","0.00","2188.85","10.00","344.64","0.00","0.00","659.70","705.33","268.74","45.54"
2022,2023,"SWKE0268","SWKB1046","709.92","0.00","541.56","853.76","0.00","0.00","0.00","40.00","1373.28","130.82","879.60","8828.25","3319.91","1881.60","21548.45"
2022,2023,"SWKE0088","SWKB1047","535.08","0.00","466.92","136.44","0.00","0.00","3230.86","20.00","689.28","127.18","340.44","12142.16","2955.56","1191.99","892.70"
2022,2023,"SWKE0088","SWKB1048","2634.22","0.00","1793.31","578.99","0.00","0.00","17336.85","90.00","3308.61","139.60","1302.99","12142.16","2955.56","1191.99","892.70"
2022,2023,"SWKE0088","SWKB1049","2415.15","0.00","714.96","839.07","0.00","0.00","17420.13","80.00","3050.91","0.00","184.86","12142.16","2955.56","1191.99","892.70"
2022,2023,"SWKE0226","SWKB1050","902.20","0.00","1475.76","156.89","0.00","418.66","0.00","50.00","2033.56","177.00","1602.54","1461.26","1605.44","91.01","0.00"
2022,2023,"SWKE0017","SWKB1051","2097.52","0.00","4214.12","1240.79","0.00","0.00","0.00","170.00","5806.13","0.00","3817.47","11038.97","3490.54","1723.70","13544.02"
2022,2023,"SWKE0056","SWKB1052","1046.67","0.00","453.68","763.14","0.00","0.00","0.00","110.00","3785.78","0.00","1576.27","11236.68","2379.71","2129.49","2380.20"
2022,2023,"SWKE0263","SWKB1053","314.74","0.00","424.54","139.00","0.00","0.00","0.00","20.00","844.46","125.26","701.92","15356.34","6185.99","5900.07","2608.91"
2022,2023,"SWKE0307","SWKB1054","2717.15","0.00","4493.04","2312.37","0.00","2938.98","0.00","170.00","7198.56","555.39","4826.49","10327.23","10931.39","1722.40","2244.32"
2022,2023,"SWKE0307","SWKB1055","576.19","0.00","393.78","635.53","0.00","0.00","0.00","50.00","1910.02","0.00","978.34","10327.23","10931.39","1722.40","2244.32"
2022,2023,"SWKE0307","SWKB1056","570.76","0.00","3903.04","262.92","0.00","0.00","0.00","20.00","679.64","0.00","483.70","10327.23","10931.39","1722.40","2244.32"
2022,2023,"SWKE0252","SWKB1057","17620.65","0.00","9723.72","8263.16","0.00","4855.49","82499.79","570.00","19658.77","15429.12","22246.92","27945.14","12050.02","8416.38","2690.83"
2022,2023,"SWKE0228","SWKB1058","1842.65","0.00","3574.77","2394.14","0.00","3183.59","0.00","300.00","4256.58","348.81","2635.20","3444.86","0.00","258.30","196.70"
2022,2023,"SWKE0020","SWKB1059","807.45","0.00","3736.80","1714.77","0.00","0.00","0.00","30.00","1029.96","0.00","223.17","800.52","530.10","167.88","1240.92"
2022,2023,"SWKE0297","SWKB1060","2402.87","0.00","1078.51","1944.18","0.00","917.53","13253.05","100.00","2627.40","253.45","2099.96","5805.44","4462.90","1573.29","537.57"
2022,2023,"SWKE0229","SWKB1061","70.90","0.00","277.32","0.00","0.00","0.00","0.00","10.00","422.23","0.00","0.00","0.00","0.00","9.49","0.00"
2022,2023,"SWKE0084","SWKB1062","640.60","0.00","1052.18","1016.18","0.00","718.78","0.00","230.00","1533.74","48.98","1393.78","9947.29","6767.48","5024.55","1002.80"
2022,2023,"SWKE0201","SWKB1063","1459.82","0.00","1186.77","100.17","0.00","2488.69","0.00","100.00","4040.61","346.25","3320.46","36636.71","15477.74","7328.70","4457.84"
2022,2023,"SWKE0253","SWKB1064","8528.68","0.00","3687.20","2186.98","0.00","0.00","44357.11","300.00","11192.69","3481.12","8880.16","22883.13","4446.78","1017.29","7492.98"
2022,2023,"SWKE0316","SWKB1065","108.57","0.00","68.76","150.97","0.00","0.00","0.00","10.00","338.99","0.00","309.05","29606.81","8008.07","3575.40","1671.91"
2022,2023,"SWKE0048","SWKB1066","0.00","0.00","243.33","942.18","0.00","1344.06","0.00","90.00","3179.35","723.65","3355.33","0.00","3803.49","4526.42","13547.48"
2022,2023,"SWKE0200","SWKB1067","483.65","0.00","385.56","146.04","0.00","0.00","0.00","40.00","1715.74","0.00","677.37","2990.18","2930.44","628.00","279.44"
2022,2023,"SWKE0288","SWKB1068","4744.23","0.00","1135.24","30288.52","0.00","1940.52","0.00","150.00","6331.23","0.00","5131.57","36388.87","15134.54","3958.58","5509.76"
2022,2023,"SWKE0288","SWKB1069","3536.98","0.00","895.57","21622.16","0.00","2991.37","0.00","100.00","4482.18","0.00","3604.48","36388.87","15134.54","3958.58","5509.76"
2022,2023,"SWKE0082","SWKB1070","3055.56","0.00","8555.64","2281.81","0.00","0.00","0.00","240.00","8231.32","0.00","4073.64","13658.39","5272.73","3668.66","2674.92"
2022,2023,"SWKE0129","SWKB1071","2193.94","0.00","4322.42","2411.48","0.00","2935.96","0.00","140.00","5788.56","0.00","2381.42","33233.44","15254.16","6285.16","4205.47"
2022,2023,"SWKE0111","SWKB1072","0.00","0.00","18867.76","924.49","0.00","0.00","26849.92","110.00","3817.52","0.00","4578.16","0.00","6114.08","2844.13","77.17"
2022,2023,"SWKE0111","SWKB1073","0.00","0.00","16484.30","1595.70","0.00","0.00","17201.70","100.00","3446.40","327.00","3105.70","0.00","6114.08","2844.13","77.17"
2022,2023,"SWKE0111","SWKB1074","0.00","0.00","17188.05","1042.95","0.00","0.00","20138.46","70.00","2780.29","0.00","3558.51","0.00","6114.08","2844.13","77.17"
2022,2023,"SWKE0111","SWKB1075","0.00","0.00","22853.59","1553.01","0.00","0.00","26577.00","110.00","4126.44","0.00","4407.80","0.00","6114.08","2844.13","77.17"
2022,2023,"SWKE0111","SWKB1076","0.00","0.00","15344.29","668.90","0.00","0.00","19458.02","80.00","3092.52","0.00","3483.77","0.00","6114.08","2844.13","77.17"
2022,2023,"SWKE0231","SWKB1077","1206.15","0.00","1000.44","1488.91","0.00","1440.11","0.00","70.00","2729.46","189.16","1755.72","1353.89","1741.53","337.43","24.98"
2022,2023,"SWKE0129","SWKB1078","3868.64","0.00","3731.36","2695.20","0.00","2066.88","13551.36","160.00","6755.68","759.84","4654.40","33233.44","15254.16","6285.16","4205.47"
2022,2023,"SWKE0109","SWKB1079","422.74","0.00","1039.52","624.32","0.00","0.00","0.00","20.00","855.30","66.60","1063.82","28993.09","13027.12","5731.74","8768.26"
2022,2023,"SWKE0109","SWKB1080","1350.04","0.00","1824.68","2332.93","0.00","0.00","0.00","70.00","3010.83","230.64","3955.47","28993.09","13027.12","5731.74","8768.26"
2022,2023,"SWKE0109","SWKB1081","726.21","0.00","1125.28","1298.58","0.00","0.00","0.00","40.00","1628.53","127.53","2009.16","28993.09","13027.12","5731.74","8768.26"
2022,2023,"SWKE0303","SWKB1082","1749.47","0.00","2490.50","1134.92","0.00","1426.13","0.00","160.00","5762.83","0.00","3731.67","3913.26","4496.29","2112.97","4221.99"
2022,2023,"SWKE0232","SWKB1083","2448.81","0.00","2280.64","679.64","0.00","0.00","0.00","250.00","10300.27","0.00","6006.33","4029.53","2610.05","401.60","21.39"
2022,2023,"SWKE0345","SWKB1084","0.00","0.00","1747.15","472.59","0.00","0.00","0.00","60.00","2805.85","0.00","1569.60","0.00","4652.46","495.01","532.60"
2022,2023,"SWKE0233","SWKB1085","1000.86","0.00","3654.50","444.64","0.00","0.00","0.00","80.00","3057.84","107.86","584.94","362.18","1592.14","204.40","0.00"
2022,2023,"SWKE0220","SWKB1086","1318.02","0.00","3350.21","666.82","0.00","0.00","0.00","90.00","3838.69","0.00","1958.48","9538.91","11292.23","2533.64","3053.70"
2022,2023,"SWKE0109","SWKB1087","146.98","0.00","124.12","170.69","0.00","241.07","0.00","10.00","344.64","28.86","354.08","28993.09","13027.12","5731.74","8768.26"
2022,2023,"SWKE0109","SWKB1088","1313.10","0.00","2739.34","1367.34","0.00","1439.27","0.00","60.00","2571.66","193.98","3045.14","28993.09","13027.12","5731.74","8768.26"
2022,2023,"SWKE0109","SWKB1089","1026.04","0.00","873.04","879.92","0.00","3993.80","0.00","40.00","1688.92","134.56","1699.72","28993.09","13027.12","5731.74","8768.26"
2022,2023,"SWKE0112","SWKB1090","112.83","0.00","198.51","109.15","0.00","0.00","0.00","10.00","339.82","0.00","298.16","37372.02","29578.18","5048.69","2283.47"
2022,2023,"SWKE0156","SWKB1091","1428.67","0.00","1396.29","1252.23","0.00","0.00","0.00","100.00","4091.92","382.22","3762.98","18101.96","6570.48","4272.51","2078.74"
2022,2023,"SWKE0301","SWKB1092","1538.22","0.00","2324.80","225.98","0.00","0.00","8041.75","50.00","1712.87","0.00","1605.04","12966.55","3369.10","918.19","635.55"
2022,2023,"SWKE0220","SWKB1093","1272.04","0.00","2117.67","612.83","0.00","0.00","0.00","90.00","3749.58","0.00","3039.78","9538.91","11292.23","2533.64","3053.70"
2022,2023,"SWKE0210","SWKB1094","1014.16","0.00","705.16","191.72","0.00","0.00","5969.20","40.00","1378.56","0.00","1109.64","18399.95","6510.11","3421.44","2839.76"
2022,2023,"SWKE0210","SWKB1095","3143.67","0.00","2002.77","340.30","0.00","0.00","18734.02","130.00","4790.68","0.00","2853.32","18399.95","6510.11","3421.44","2839.76"
2022,2023,"SWKE0210","SWKB1096","1062.48","0.00","1156.20","210.80","0.00","0.00","6012.96","40.00","1378.56","0.00","1079.28","18399.95","6510.11","3421.44","2839.76"
2022,2023,"SWKE0294","SWKB1097","947.36","0.00","870.80","427.76","0.00","2053.04","0.00","80.00","2711.92","261.60","1026.64","12977.53","8001.88","1704.80","639.15"
2022,2023,"SWKE0329","SWKB1098","222.96","0.00","547.84","211.26","0.00","0.00","0.00","20.00","689.28","0.00","359.10","67056.41","57695.83","7120.45","2827.45"
2022,2023,"SWKE0329","SWKB1099","781.94","0.00","612.83","722.83","0.00","0.00","0.00","80.00","2906.65","193.39","1568.83","67056.41","57695.83","7120.45","2827.45"
2022,2023,"SWKE0002","SWKB1100","264.21","0.00","162.71","7.89","0.00","0.00","996.51","10.00","339.82","0.00","922.66","3727.56","1029.04","898.67","507.13"
2022,2023,"SWKE0002","SWKB1101","278.04","0.00","113.27","0.00","0.00","0.00","1852.34","10.00","343.32","0.00","99.60","3727.56","1029.04","898.67","507.13"
2022,2023,"SWKE0002","SWKB1102","1672.71","0.00","896.09","579.60","0.00","0.00","9618.08","60.00","2129.42","0.00","1803.84","3727.56","1029.04","898.67","507.13"
2022,2023,"SWKE0224","SWKB1103","150.32","0.00","0.00","257.20","0.00","0.00","0.00","10.00","344.64","15.18","461.89","8921.77","3712.07","539.74","129.50"
2022,2023,"SWKE0224","SWKB1104","829.76","0.00","1560.38","945.44","0.00","0.00","0.00","40.00","1531.10","114.48","1939.94","8921.77","3712.07","539.74","129.50"
2022,2023,"SWKE0224","SWKB1105","552.72","0.00","452.85","695.46","0.00","0.00","0.00","30.00","1029.96","0.00","1566.87","8921.77","3712.07","539.74","129.50"
2022,2023,"SWKE0120","SWKB1106","1912.61","0.00","4361.21","3154.48","0.00","0.00","0.00","720.00","5220.93","0.00","4415.95","14622.22","9062.23","5281.87","1329.84"
2022,2023,"SWKE0234","SWKB1107","852.45","0.00","0.00","612.00","0.00","0.00","0.00","60.00","2144.78","130.80","2451.43","4678.18","5294.17","1574.49","0.00"
2022,2023,"SWKE0234","SWKB1108","502.88","0.00","839.88","420.74","0.00","0.00","0.00","30.00","1031.28","59.45","1164.43","4678.18","5294.17","1574.49","0.00"
2022,2023,"SWKE0234","SWKB1109","767.68","0.00","399.92","463.92","0.00","0.00","0.00","40.00","1879.05","142.70","2083.71","4678.18","5294.17","1574.49","0.00"
2022,2023,"SWKE0234","SWKB1110","426.88","0.00","1325.74","119.64","0.00","0.00","0.00","20.00","691.27","0.00","937.67","4678.18","5294.17","1574.49","0.00"
2022,2023,"SWKE0234","SWKB1111","964.98","0.00","2186.16","439.19","0.00","0.00","0.00","60.00","2297.97","199.13","1580.72","4678.18","5294.17","1574.49","0.00"
2022,2023,"SWKE0201","SWKB1112","989.17","0.00","1105.09","318.50","0.00","1341.23","0.00","70.00","2805.85","167.38","2218.51","36636.71","15477.74","7328.70","4457.84"
2022,2023,"SWKE0292","SWKB1113","102.62","0.00","134.99","50.99","0.00","0.00","0.00","10.00","344.64","0.00","377.86","224.55","0.00","10.96","0.00"
2022,2023,"SWKE0112","SWKB1114","781.24","0.00","374.90","733.83","0.00","1139.14","0.00","50.00","1906.66","120.70","2206.13","37372.02","29578.18","5048.69","2283.47"
2022,2023,"SWKE0235","SWKB1115","147.63","0.00","63.47","218.31","0.00","214.88","0.00","10.00","422.23","69.11","324.52","3145.72","0.00","538.65","0.00"
2022,2023,"SWKE0235","SWKB1116","1013.84","0.00","1464.12","1363.02","0.00","448.88","0.00","70.00","2641.29","728.55","2291.79","3145.72","0.00","538.65","0.00"
2022,2023,"SWKE0235","SWKB1117","526.27","0.00","1014.34","1535.23","0.00","0.00","0.00","30.00","1108.87","101.92","956.57","3145.72","0.00","538.65","0.00"
2022,2023,"SWKE0235","SWKB1118","710.73","0.00","1641.47","585.32","0.00","0.00","0.00","50.00","1874.42","527.06","1578.34","3145.72","0.00","538.65","0.00"
2022,2023,"SWKE0201","SWKB1119","965.61","0.00","1374.24","354.48","0.00","833.12","0.00","70.00","2884.04","69.26","2239.31","36636.71","15477.74","7328.70","4457.84"
2022,2023,"SWKE0145","SWKB1120","1283.22","0.00","1243.16","2281.50","0.00","2077.24","0.00","80.00","3410.36","266.28","1855.44","28851.81","12285.67","6990.17","3304.06"
2022,2023,"SWKE0301","SWKB1121","9540.43","0.00","21991.47","2517.53","0.00","1934.73","44153.72","260.00","9293.92","0.00","7419.28","12966.55","3369.10","918.19","635.55"
2022,2023,"SWKE0236","SWKB1122","763.96","0.00","630.47","334.31","0.00","0.00","0.00","90.00","3169.74","0.00","1475.29","5011.67","1807.86","817.12","328.91"
2022,2023,"SWKE0236","SWKB1123","492.13","0.00","291.14","235.17","0.00","0.00","0.00","40.00","1896.78","0.00","1081.24","5011.67","1807.86","817.12","328.91"
2022,2023,"SWKE0236","SWKB1124","319.11","0.00","63.90","151.74","0.00","0.00","0.00","20.00","1198.62","0.00","972.60","5011.67","1807.86","817.12","328.91"
2022,2023,"SWKE0236","SWKB1125","639.70","0.00","1451.40","247.86","0.00","0.00","0.00","60.00","2130.17","0.00","1073.88","5011.67","1807.86","817.12","328.91"
2022,2023,"SWKE0236","SWKB1126","464.60","0.00","0.00","203.39","0.00","0.00","0.00","50.00","1965.49","0.00","1251.70","5011.67","1807.86","817.12","328.91"
2022,2023,"SWKE0236","SWKB1127","460.70","0.00","905.84","165.26","0.00","0.00","0.00","40.00","1531.10","0.00","1009.06","5011.67","1807.86","817.12","328.91"
2022,2023,"SWKE0129","SWKB1128","1246.28","0.00","123.79","1675.46","0.00","3408.29","0.00","70.00","2740.04","222.95","2335.85","33233.44","15254.16","6285.16","4205.47"
2022,2023,"SWKE0237","SWKB1129","252.01","0.00","0.00","27.77","0.00","0.00","1908.67","20.00","344.64","0.00","0.00","277.68","232.77","167.46","39.27"
2022,2023,"SWKE0237","SWKB1130","500.52","0.00","643.50","292.56","0.00","0.00","2901.68","20.00","689.28","0.00","0.00","277.68","232.77","167.46","39.27"
2022,2023,"SWKE0021","SWKB1131","2691.19","0.00","8614.13","1589.72","0.00","566.14","9814.28","70.00","2642.61","0.00","2444.40","11477.97","6872.37","2775.59","5106.47"
2022,2023,"SWKE0021","SWKB1132","1487.48","0.00","793.77","847.47","0.00","0.00","8217.75","60.00","1882.24","0.00","2057.68","11477.97","6872.37","2775.59","5106.47"
2022,2023,"SWKE0021","SWKB1133","1016.77","0.00","3847.04","946.59","0.00","558.26","2909.70","20.00","765.55","0.00","756.60","11477.97","6872.37","2775.59","5106.47"
2022,2023,"SWKE0021","SWKB1134","1002.28","0.00","517.88","985.60","0.00","0.00","5571.46","30.00","1034.59","0.00","1263.40","11477.97","6872.37","2775.59","5106.47"
2022,2023,"SWKE0021","SWKB1135","2065.85","0.00","1395.16","1947.56","0.00","0.00","11402.10","70.00","2423.08","0.00","1984.21","11477.97","6872.37","2775.59","5106.47"
2022,2023,"SWKE0297","SWKB1136","2391.44","0.00","2588.40","891.36","0.00","1692.56","12549.36","80.00","2757.12","261.60","1578.80","5805.44","4462.90","1573.29","537.57"
2022,2023,"SWKE0100","SWKB1137","808.87","0.00","584.93","121.67","0.00","1071.48","0.00","70.00","2756.38","0.00","2116.73","3943.26","15133.29","3262.17","2132.32"
2022,2023,"SWKE0084","SWKB1138","1367.70","0.00","2557.42","1337.06","0.00","0.00","0.00","100.00","3837.66","368.53","3883.26","9947.29","6767.48","5024.55","1002.80"
2022,2023,"SWKE0041","SWKB1139","4186.61","0.00","4443.25","2257.44","0.00","1472.90","23275.48","130.00","4462.29","409.84","2907.32","66294.63","43369.16","23493.13","6607.17"
2022,2023,"SWKE0079","SWKB1140","649.91","0.00","1560.59","257.50","0.00","0.00","0.00","60.00","2129.72","0.00","1120.97","17553.15","7775.92","656.97","120.30"
2022,2023,"SWKE0274","SWKB1141","2427.66","0.00","1250.10","1830.78","0.00","0.00","13687.22","80.00","2912.30","0.00","3167.06","4758.09","2896.30","1515.54","462.79"
2022,2023,"SWKE0274","SWKB1142","687.86","0.00","841.36","330.70","0.00","0.00","3890.12","20.00","689.28","0.00","786.76","4758.09","2896.30","1515.54","462.79"
2022,2023,"SWKE0274","SWKB1143","291.48","0.00","264.21","187.71","0.00","0.00","1554.60","10.00","344.64","0.00","393.38","4758.09","2896.30","1515.54","462.79"
2022,2023,"SWKE0274","SWKB1144","874.32","0.00","589.29","502.32","0.00","0.00","4926.84","30.00","1033.92","0.00","1180.14","4758.09","2896.30","1515.54","462.79"
2022,2023,"SWKE0274","SWKB1145","925.59","0.00","87.45","678.33","0.00","0.00","5765.46","30.00","1033.92","0.00","1180.14","4758.09","2896.30","1515.54","462.79"
2022,2023,"SWKE0274","SWKB1146","1657.39","0.00","3007.25","1663.93","0.00","0.00","7699.16","40.00","1611.33","0.00","1809.48","4758.09","2896.30","1515.54","462.79"
2022,2023,"SWKE0274","SWKB1147","396.59","0.00","194.06","0.00","0.00","0.00","3118.04","10.00","343.32","0.00","72.25","4758.09","2896.30","1515.54","462.79"
2022,2023,"SWKE0239","SWKB1148","663.17","0.00","1633.11","151.00","0.00","0.00","0.00","70.00","2404.56","0.00","0.00","3103.27","1702.83","0.00","27.81"
2022,2023,"SWKE0239","SWKB1149","68.92","0.00","43.97","40.69","0.00","0.00","0.00","10.00","344.64","0.00","0.00","3103.27","1702.83","0.00","27.81"
2022,2023,"SWKE0239","SWKB1150","435.68","0.00","1610.59","88.14","0.00","0.00","0.00","40.00","1306.64","0.00","0.00","3103.27","1702.83","0.00","27.81"
2022,2023,"SWKE0240","SWKB1151","439.38","0.00","176.53","270.06","0.00","0.00","0.00","30.00","1116.93","43.90","1157.16","0.00","1629.21","0.00","0.00"
2022,2023,"SWKE0241","SWKB1152","544.32","0.00","514.89","228.30","0.00","666.53","0.00","50.00","1878.38","220.74","1649.60","188.56","38.76","0.00","57.61"
2022,2023,"SWKE0303","SWKB1153","2539.08","0.00","3962.52","3359.37","0.00","1407.21","0.00","180.00","6149.45","480.76","6591.05","3913.26","4496.29","2112.97","4221.99"
2022,2023,"SWKE0109","SWKB1154","628.16","0.00","641.86","700.64","0.00","0.00","0.00","40.00","1622.17","128.28","2157.03","28993.09","13027.12","5731.74","8768.26"
2022,2023,"SWKE0109","SWKB1155","668.68","0.00","378.86","670.18","0.00","0.00","0.00","40.00","1722.12","133.06","2544.52","28993.09","13027.12","5731.74","8768.26"
2022,2023,"SWKE0109","SWKB1156","369.42","0.00","503.27","344.22","0.00","0.00","0.00","20.00","861.06","72.37","1294.26","28993.09","13027.12","5731.74","8768.26"
2022,2023,"SWKE0109","SWKB1157","823.85","0.00","1286.62","791.26","0.00","0.00","0.00","40.00","2044.40","162.20","2674.66","28993.09","13027.12","5731.74","8768.26"
2022,2023,"SWKE0050","SWKB1158","1388.74","0.00","2537.50","1406.26","0.00","1394.06","0.00","100.00","4254.82","0.00","2023.16","2347.82","1077.61","291.83","0.00"
2022,2023,"SWKE0227","SWKB1159","741.88","0.00","204.46","840.59","0.00","0.00","0.00","60.00","2450.97","0.00","2082.27","20224.97","9128.09","4000.84","2920.21"
2022,2023,"SWKE0092","SWKB1160","3485.70","0.00","1167.50","60.70","0.00","0.00","24372.20","100.00","3433.20","0.00","942.10","25129.33","3853.35","3984.36","858.81"
2022,2023,"SWKE0092","SWKB1161","384.13","0.00","761.10","311.91","0.00","0.00","1535.83","10.00","422.23","32.71","359.10","25129.33","3853.35","3984.36","858.81"
2022,2023,"SWKE0092","SWKB1162","336.58","0.00","321.01","78.52","0.00","0.00","2140.12","10.00","338.99","0.00","68.75","25129.33","3853.35","3984.36","858.81"
2022,2023,"SWKE0092","SWKB1163","1570.16","0.00","369.87","12.11","0.00","0.00","11035.34","50.00","1713.10","0.00","339.61","25129.33","3853.35","3984.36","858.81"
2022,2023,"SWKE0092","SWKB1164","667.66","0.00","262.44","236.67","0.00","0.00","3925.36","20.00","766.87","0.00","718.19","25129.33","3853.35","3984.36","858.81"
2022,2023,"SWKE0041","SWKB1165","5603.87","0.00","5144.12","3095.95","0.00","2117.60","30873.19","160.00","5469.93","1215.07","4693.30","66294.63","43369.16","23493.13","6607.17"
2022,2023,"SWKE0267","SWKB1166","348.39","0.00","1211.90","0.00","0.00","0.00","1152.25","20.00","689.28","0.00","0.00","2415.03","464.80","246.56","316.96"
2022,2023,"SWKE0084","SWKB1167","231.30","0.00","70.45","252.66","0.00","0.00","1399.32","10.00","344.64","73.58","26.39","9947.29","6767.48","5024.55","1002.80"
2022,2023,"SWKE0033","SWKB1168","651.96","0.00","687.15","569.55","0.00","0.00","0.00","50.00","1861.43","161.95","1937.45","8881.31","3400.90","2480.48","1457.53"
2022,2023,"SWKE0242","SWKB1169","572.88","0.00","1906.36","226.50","0.00","0.00","0.00","40.00","1531.10","0.00","291.16","985.95","2817.43","221.61","0.00"
2022,2023,"SWKE0243","SWKB1170","687.21","0.00","363.21","371.94","0.00","0.00","0.00","60.00","2296.65","0.00","484.98","484.98","2592.27","146.49","131.55"
2022,2023,"SWKE0242","SWKB1171","732.94","0.00","2390.04","266.41","0.00","0.00","0.00","50.00","1874.42","0.00","547.24","985.95","2817.43","221.61","0.00"
2022,2023,"SWKE0035","SWKB1172","1064.35","0.00","217.83","675.06","0.00","0.00","0.00","80.00","3334.53","691.32","2805.78","1944.04","2931.60","240.91","1428.83"
2022,2023,"SWKE0352","SWKB1173","159.81","0.00","243.29","122.13","0.00","0.00","0.00","10.00","427.65","0.00","546.65","7891.72","6970.78","3122.20","1356.29"
2022,2023,"SWKE0323","SWKB1174","0.00","0.00","0.00","0.00","0.00","0.00","0.00","20.00","0.00","0.00","0.00","0.00","449.17","23.33","22.26"
2022,2023,"SWKE0323","SWKB1175","0.00","0.00","0.00","0.00","0.00","0.00","0.00","20.00","0.00","0.00","0.00","0.00","449.17","23.33","22.26"
2022,2023,"SWKE0323","SWKB1176","0.00","0.00","0.00","0.00","0.00","0.00","0.00","30.00","0.00","0.00","0.00","0.00","449.17","23.33","22.26"
2022,2023,"SWKE0323","SWKB1177","0.00","0.00","0.00","0.00","0.00","0.00","0.00","20.00","0.00","0.00","0.00","0.00","449.17","23.33","22.26"
2022,2023,"SWKE0323","SWKB1178","6.90","0.00","0.00","0.00","0.00","0.00","0.00","20.00","0.00","0.00","0.00","0.00","449.17","23.33","22.26"
2022,2023,"SWKE0041","SWKB1179","2883.40","0.00","2293.30","1426.78","0.00","1647.48","14776.54","100.00","3441.58","425.23","3129.04","66294.63","43369.16","23493.13","6607.17"
2022,2023,"SWKE0244","SWKB1180","160.28","0.00","460.20","43.18","0.00","0.00","0.00","10.00","422.23","32.71","245.56","1454.95","1471.74","0.00","65.11"
2022,2023,"SWKE0244","SWKB1181","224.16","0.00","42.80","0.00","0.00","0.00","0.00","20.00","844.46","65.42","491.12","1454.95","1471.74","0.00","65.11"
2022,2023,"SWKE0244","SWKB1182","443.76","0.00","800.64","0.00","0.00","0.00","0.00","30.00","1282.95","98.13","859.53","1454.95","1471.74","0.00","65.11"
2022,2023,"SWKE0244","SWKB1183","120.03","0.00","57.68","43.18","0.00","0.00","0.00","10.00","422.23","32.71","245.56","1454.95","1471.74","0.00","65.11"
2022,2023,"SWKE0208","SWKB1184","786.34","0.00","1121.84","314.81","0.00","0.00","0.00","80.00","2751.19","189.33","2298.57","2403.71","5063.13","2800.57","1360.06"
2022,2023,"SWKE0245","SWKB1185","113.78","0.00","34.41","73.50","0.00","0.00","0.00","10.00","343.32","0.00","401.37","0.00","253.65","31.52","0.00"
2022,2023,"SWKE0185","SWKB1186","214.88","0.00","65.36","217.10","0.00","0.00","0.00","20.00","844.46","0.00","508.04","838.18","780.50","179.90","0.00"
2022,2023,"SWKE0185","SWKB1187","261.74","0.00","482.84","159.10","0.00","0.00","0.00","20.00","844.46","109.00","508.04","838.18","780.50","179.90","0.00"
2022,2023,"SWKE0246","SWKB1188","631.12","0.00","380.24","361.88","0.00","0.00","0.00","40.00","1710.60","0.00","1939.96","933.96","780.48","203.88","0.00"
2022,2023,"SWKE0247","SWKB1189","518.06","0.00","106.58","981.29","0.00","0.00","0.00","40.00","1536.52","0.00","1285.35","18071.71","3899.56","865.69","2916.64"
2022,2023,"SWKE0247","SWKB1190","755.15","0.00","304.57","690.38","0.00","0.00","0.00","70.00","2461.33","0.00","2165.34","18071.71","3899.56","865.69","2916.64"
2022,2023,"SWKE0247","SWKB1191","757.98","0.00","197.41","652.59","0.00","0.00","0.00","80.00","2839.02","0.00","1956.39","18071.71","3899.56","865.69","2916.64"
2022,2023,"SWKE0247","SWKB1192","465.51","0.00","702.21","466.38","0.00","0.00","0.00","30.00","1289.05","0.00","1161.91","18071.71","3899.56","865.69","2916.64"
2022,2023,"SWKE0247","SWKB1193","221.39","0.00","111.16","320.34","0.00","0.00","0.00","20.00","683.63","0.00","580.95","18071.71","3899.56","865.69","2916.64"
2022,2023,"SWKE0247","SWKB1194","446.40","0.00","1033.24","522.60","0.00","0.00","0.00","30.00","1110.19","0.00","950.64","18071.71","3899.56","865.69","2916.64"
2022,2023,"SWKE0247","SWKB1195","342.42","0.00","635.89","214.14","0.00","0.00","0.00","30.00","954.66","0.00","819.26","18071.71","3899.56","865.69","2916.64"
2022,2023,"SWKE0247","SWKB1196","124.06","0.00","149.45","163.29","0.00","0.00","0.00","10.00","338.99","0.00","306.43","18071.71","3899.56","865.69","2916.64"
2022,2023,"SWKE0247","SWKB1197","786.02","0.00","85.29","995.93","0.00","0.00","0.00","70.00","2464.83","0.00","2243.05","18071.71","3899.56","865.69","2916.64"
2022,2023,"SWKE0247","SWKB1198","531.55","0.00","887.17","414.06","0.00","0.00","0.00","40.00","1555.18","0.00","1336.03","18071.71","3899.56","865.69","2916.64"
2022,2023,"SWKE0247","SWKB1199","292.14","0.00","485.96","198.01","0.00","0.00","0.00","20.00","691.27","0.00","840.05","18071.71","3899.56","865.69","2916.64"
2022,2023,"SWKE0247","SWKB1200","357.13","0.00","213.52","402.17","0.00","0.00","0.00","30.00","1025.63","0.00","988.57","18071.71","3899.56","865.69","2916.64"
2022,2023,"SWKE0247","SWKB1201","171.72","0.00","121.39","571.09","0.00","0.00","0.00","10.00","422.23","0.00","320.11","18071.71","3899.56","865.69","2916.64"
2022,2023,"SWKE0247","SWKB1202","335.55","0.00","16.61","702.91","0.00","0.00","0.00","30.00","1043.55","0.00","839.33","18071.71","3899.56","865.69","2916.64"
2022,2023,"SWKE0247","SWKB1203","138.12","0.00","64.98","43.81","0.00","0.00","0.00","10.00","542.38","0.00","401.97","18071.71","3899.56","865.69","2916.64"
2022,2023,"SWKE0247","SWKB1204","691.90","0.00","2610.64","770.32","0.00","0.00","0.00","40.00","1314.58","0.00","1187.92","18071.71","3899.56","865.69","2916.64"
2022,2023,"SWKE0247","SWKB1205","119.53","0.00","39.12","223.33","0.00","0.00","0.00","10.00","338.99","0.00","311.41","18071.71","3899.56","865.69","2916.64"
2022,2023,"SWKE0247","SWKB1206","725.01","0.00","1454.11","598.10","0.00","0.00","0.00","60.00","1856.99","0.00","1787.63","18071.71","3899.56","865.69","2916.64"
2022,2023,"SWKE0247","SWKB1207","388.42","0.00","964.25","217.89","0.00","0.00","0.00","30.00","1111.51","0.00","837.38","18071.71","3899.56","865.69","2916.64"
2022,2023,"SWKE0247","SWKB1208","269.46","0.00","622.01","269.25","0.00","0.00","0.00","20.00","620.00","0.00","618.41","18071.71","3899.56","865.69","2916.64"
2022,2023,"SWKE0247","SWKB1209","207.47","0.00","774.81","285.78","0.00","0.00","0.00","10.00","343.32","0.00","341.29","18071.71","3899.56","865.69","2916.64"
2022,2023,"SWKE0247","SWKB1210","748.41","0.00","460.05","815.27","0.00","0.00","0.00","70.00","2211.26","0.00","2161.62","18071.71","3899.56","865.69","2916.64"
2022,2023,"SWKE0247","SWKB1211","526.64","0.00","1001.24","387.36","0.00","0.00","0.00","40.00","1605.68","0.00","1142.48","18071.71","3899.56","865.69","2916.64"
2022,2023,"SWKE0247","SWKB1212","466.29","0.00","456.96","448.14","0.00","0.00","0.00","50.00","1636.92","0.00","1123.45","18071.71","3899.56","865.69","2916.64"
2022,2023,"SWKE0247","SWKB1213","459.22","0.00","314.76","357.64","0.00","0.00","0.00","40.00","1522.44","0.00","1267.56","18071.71","3899.56","865.69","2916.64"
2022,2023,"SWKE0247","SWKB1214","560.52","0.00","604.09","399.43","0.00","0.00","0.00","50.00","1804.77","0.00","1478.76","18071.71","3899.56","865.69","2916.64"
2022,2023,"SWKE0022","SWKB1215","849.28","0.00","1482.24","378.80","0.00","0.00","0.00","80.00","2757.12","0.00","2194.00","1943.04","2061.38","782.42","759.23"
2022,2023,"SWKE0307","SWKB1216","1192.82","0.00","1937.21","762.63","0.00","1182.51","0.00","80.00","2747.69","82.94","2661.75","10327.23","10931.39","1722.40","2244.32"
2022,2023,"SWKE0030","SWKB1217","5276.70","0.00","12435.73","1809.99","0.00","4105.40","19936.75","130.00","4619.29","479.88","4153.67","13046.37","12907.80","2492.06","3207.96"
2022,2023,"SWKE0250","SWKB1218","99.28","0.00","97.92","106.85","0.00","0.00","0.00","10.00","422.23","49.05","155.18","125.72","0.00","35.80","0.00"
2022,2023,"SWKE0251","SWKB1219","1299.10","0.00","1469.45","6909.20","0.00","0.00","0.00","50.00","1694.95","0.00","1114.10","1908.78","583.88","272.18","0.00"
2022,2023,"SWKE0288","SWKB1220","1006.39","0.00","759.75","1020.27","0.00","1397.62","0.00","80.00","2746.56","0.00","2681.44","36388.87","15134.54","3958.58","5509.76"
2022,2023,"SWKE0048","SWKB1221","0.00","0.00","768.44","4270.38","0.00","2705.98","0.00","80.00","3384.33","397.21","3666.55","0.00","3803.49","4526.42","13547.48"
2022,2023,"SWKE0119","SWKB1222","1114.53","0.00","0.00","146.46","0.00","0.00","8319.27","30.00","1033.92","0.00","1175.94","7478.12","216.06","1046.96","743.96"
2022,2023,"SWKE0119","SWKB1223","349.25","0.00","351.17","104.29","0.00","0.00","2142.67","10.00","344.64","0.00","393.20","7478.12","216.06","1046.96","743.96"
2022,2023,"SWKE0152","SWKB1224","4350.18","0.00","11634.07","3459.42","0.00","0.00","0.00","310.00","11337.79","0.00","9972.90","9686.42","5542.07","3827.76","825.96"
2022,2023,"SWKE0056","SWKB1225","200.10","0.00","158.22","197.12","0.00","0.00","0.00","20.00","686.64","0.00","269.96","11236.68","2379.71","2129.49","2380.20"
2022,2023,"SWKE0048","SWKB1226","0.00","0.00","1360.85","1657.33","0.00","2358.07","0.00","160.00","6961.40","22321.10","7422.71","0.00","3803.49","4526.42","13547.48"
2022,2023,"SWKE0112","SWKB1227","1725.96","0.00","534.53","958.88","0.00","0.00","0.00","400.00","6634.78","0.00","4998.32","37372.02","29578.18","5048.69","2283.47"
2022,2023,"SWKE0122","SWKB1228","113.60","0.00","0.00","0.00","0.00","0.00","0.00","20.00","0.00","0.00","0.00","20294.21","4938.76","614.23","5108.91"
2022,2023,"SWKE0316","SWKB1229","724.14","0.00","759.69","401.14","0.00","0.00","0.00","60.00","2466.63","0.00","2270.15","29606.81","8008.07","3575.40","1671.91"
2022,2023,"SWKE0328","SWKB1230","889.78","0.00","224.88","794.06","0.00","0.00","0.00","80.00","2912.30","0.00","1273.86","16278.41","33261.27","7166.77","1330.05"
2022,2023,"SWKE0328","SWKB1231","337.80","0.00","56.16","338.88","0.00","0.00","0.00","30.00","1111.51","0.00","464.77","16278.41","33261.27","7166.77","1330.05"
2022,2023,"SWKE0328","SWKB1232","723.97","0.00","119.70","535.26","0.00","0.00","0.00","110.00","2567.66","0.00","1093.84","16278.41","33261.27","7166.77","1330.05"
2022,2023,"SWKE0328","SWKB1233","0.00","0.00","0.00","0.00","0.00","0.00","0.00","10.00","0.00","0.00","0.00","16278.41","33261.27","7166.77","1330.05"
2022,2023,"SWKE0328","SWKB1234","147.94","0.00","0.00","0.00","0.00","0.00","0.00","30.00","0.00","0.00","0.00","16278.41","33261.27","7166.77","1330.05"
2022,2023,"SWKE0328","SWKB1235","96.80","0.00","0.00","0.00","0.00","0.00","0.00","20.00","0.00","0.00","0.00","16278.41","33261.27","7166.77","1330.05"
2022,2023,"SWKE0328","SWKB1236","123.08","0.00","0.00","0.00","0.00","0.00","0.00","10.00","0.00","0.00","0.00","16278.41","33261.27","7166.77","1330.05"
2022,2023,"SWKE0328","SWKB1237","123.08","0.00","0.00","0.00","0.00","0.00","0.00","20.00","0.00","0.00","0.00","16278.41","33261.27","7166.77","1330.05"
2022,2023,"SWKE0328","SWKB1238","61.54","0.00","0.00","0.00","0.00","0.00","0.00","10.00","0.00","0.00","0.00","16278.41","33261.27","7166.77","1330.05"
2022,2023,"SWKE0021","SWKB1239","830.20","0.00","1122.81","379.21","0.00","0.00","4297.01","30.00","1272.11","0.00","669.56","11477.97","6872.37","2775.59","5106.47"
2022,2023,"SWKE0145","SWKB1240","4808.69","0.00","12584.08","1799.29","0.00","0.00","0.00","410.00","16455.48","0.00","9274.16","28851.81","12285.67","6990.17","3304.06"
2022,2023,"SWKE0329","SWKB1241","1138.56","0.00","2256.96","1001.78","0.00","937.80","0.00","80.00","3244.34","0.00","1834.58","67056.41","57695.83","7120.45","2827.45"
2022,2023,"SWKE0329","SWKB1242","1108.04","0.00","2930.24","927.44","0.00","683.84","0.00","180.00","3067.48","0.00","1614.44","67056.41","57695.83","7120.45","2827.45"
2022,2023,"SWKE0100","SWKB1243","999.57","0.00","482.14","6339.27","0.00","0.00","0.00","30.00","1199.94","0.00","1367.41","3943.26","15133.29","3262.17","2132.32"
2022,2023,"SWKE0256","SWKB1244","133.67","0.00","0.00","155.65","0.00","0.00","0.00","10.00","542.23","0.00","0.00","230.00","408.82","0.00","0.00"
2022,2023,"SWKE0331","SWKB1245","1131.83","0.00","1134.91","584.90","0.00","0.00","0.00","70.00","2412.50","424.30","2451.64","8422.69","4764.21","1523.48","1088.32"
2022,2023,"SWKE0324","SWKB1638","0.00","0.00","0.00","0.00","0.00","0.00","0.00","20.00","0.00","0.00","0.00","107.58","13.33","16.92","26.16"
2022,2023,"SWKE0331","SWKB1246","432.37","0.00","33.99","24.76","0.00","0.00","0.00","30.00","1236.93","225.00","1286.38","8422.69","4764.21","1523.48","1088.32"
2022,2023,"SWKE0331","SWKB1247","747.10","0.00","532.90","503.85","0.00","0.00","0.00","50.00","1716.60","295.71","1464.10","8422.69","4764.21","1523.48","1088.32"
2022,2023,"SWKE0254","SWKB1248","773.78","0.00","477.31","281.58","0.00","0.00","5126.93","20.00","683.63","63.49","691.57","28014.15","12841.99","3467.67","2878.73"
2022,2023,"SWKE0254","SWKB1249","1854.41","0.00","248.97","201.19","0.00","0.00","13013.93","60.00","2039.59","179.13","1546.18","28014.15","12841.99","3467.67","2878.73"
2022,2023,"SWKE0258","SWKB1250","2623.55","0.00","5755.48","1120.80","0.00","0.00","0.00","150.00","6793.62","668.15","2217.43","1686.27","6614.27","26.62","1352.55"
2022,2023,"SWKE0087","SWKB1251","1589.72","0.00","2967.18","863.52","0.00","1854.53","0.00","300.00","4117.66","0.00","4288.43","9590.04","5415.19","1480.71","1213.61"
2022,2023,"SWKE0302","SWKB1252","334.85","0.00","667.68","237.22","0.00","0.00","0.00","20.00","686.64","34.33","742.46","11188.21","2938.39","962.50","720.79"
2022,2023,"SWKE0201","SWKB1253","1245.54","0.00","1131.90","1090.56","0.00","1657.64","0.00","90.00","3733.92","245.28","2000.35","36636.71","15477.74","7328.70","4457.84"
2022,2023,"SWKE0112","SWKB1254","1069.53","0.00","735.38","989.42","0.00","0.00","0.00","90.00","3564.32","0.00","2848.75","37372.02","29578.18","5048.69","2283.47"
2022,2023,"SWKE0041","SWKB1255","67.99","0.00","0.00","0.00","0.00","0.00","0.00","10.00","427.65","0.00","10.27","66294.63","43369.16","23493.13","6607.17"
2022,2023,"SWKE0041","SWKB1256","1139.99","0.00","3274.60","1047.61","0.00","988.17","0.00","60.00","2455.79","388.16","2035.31","66294.63","43369.16","23493.13","6607.17"
2022,2023,"SWKE0041","SWKB1257","1423.62","0.00","250.06","1465.74","0.00","0.00","0.00","140.00","5972.00","484.02","2365.18","66294.63","43369.16","23493.13","6607.17"
2022,2023,"SWKE0041","SWKB1258","940.22","0.00","279.72","1199.29","0.00","1063.78","0.00","60.00","2826.70","276.44","2355.55","66294.63","43369.16","23493.13","6607.17"
2022,2023,"SWKE0041","SWKB1259","2276.04","0.00","2388.84","3132.06","0.00","0.00","0.00","140.00","5159.06","4134.85","4245.76","66294.63","43369.16","23493.13","6607.17"
2022,2023,"SWKE0041","SWKB1260","1092.26","0.00","706.25","1300.72","0.00","1332.45","0.00","80.00","3300.25","320.77","2336.69","66294.63","43369.16","23493.13","6607.17"
2022,2023,"SWKE0041","SWKB1261","972.47","0.00","1472.16","1331.82","0.00","877.21","0.00","60.00","2538.80","406.82","1823.67","66294.63","43369.16","23493.13","6607.17"
2022,2023,"SWKE0260","SWKB1262","649.86","0.00","81.88","45.63","0.00","0.00","0.00","60.00","2821.39","190.80","374.05","374.05","2461.34","149.43","0.00"
2022,2023,"SWKE0268","SWKB1263","850.96","0.00","1806.96","816.48","0.00","0.00","0.00","40.00","1373.28","130.82","1061.76","8828.25","3319.91","1881.60","21548.45"
2022,2023,"SWKE0329","SWKB1264","2009.18","0.00","2163.29","1178.39","0.00","0.00","0.00","180.00","7465.16","0.00","4749.99","67056.41","57695.83","7120.45","2827.45"
2022,2023,"SWKE0352","SWKB1265","2830.39","0.00","2556.05","2166.66","0.00","1300.70","14518.22","90.00","3644.89","302.21","1896.17","7891.72","6970.78","3122.20","1356.29"
2022,2023,"SWKE0345","SWKB1266","0.00","0.00","379.90","229.44","0.00","0.00","0.00","50.00","1885.34","0.00","1332.95","0.00","4652.46","495.01","532.60"
2022,2023,"SWKE0345","SWKB1267","0.00","0.00","3155.94","345.74","0.00","0.00","0.00","50.00","2127.41","0.00","1570.98","0.00","4652.46","495.01","532.60"
2022,2023,"SWKE0129","SWKB1268","2362.74","0.00","817.02","11830.20","0.00","0.00","6715.20","50.00","2067.84","196.20","603.60","33233.44","15254.16","6285.16","4205.47"
2022,2023,"SWKE0021","SWKB1269","847.43","0.00","504.80","476.80","0.00","0.00","4325.12","30.00","1108.87","0.00","1467.88","11477.97","6872.37","2775.59","5106.47"
2022,2023,"SWKE0352","SWKB1270","2189.70","0.00","4849.71","1773.81","0.00","0.00","0.00","140.00","5695.31","0.00","6477.38","7891.72","6970.78","3122.20","1356.29"
2022,2023,"SWKE0329","SWKB1271","2459.08","0.00","2094.11","1676.44","0.00","1829.29","0.00","410.00","8393.86","744.17","4758.59","67056.41","57695.83","7120.45","2827.45"
2022,2023,"SWKE0254","SWKB1272","1290.90","0.00","575.40","54.40","0.00","0.00","8885.70","30.00","1025.63","69.38","1547.11","28014.15","12841.99","3467.67","2878.73"
2022,2023,"SWKE0254","SWKB1273","3560.09","0.00","760.27","25.87","0.00","0.00","26243.55","100.00","3507.89","263.36","2545.62","28014.15","12841.99","3467.67","2878.73"
2022,2023,"SWKE0329","SWKB1274","469.49","0.00","693.19","124.40","0.00","0.00","2825.95","10.00","526.95","0.00","262.59","67056.41","57695.83","7120.45","2827.45"
2022,2023,"SWKE0328","SWKB1275","780.84","0.00","985.56","270.28","0.00","0.00","3839.76","20.00","844.46","0.00","813.36","16278.41","33261.27","7166.77","1330.05"
2022,2023,"SWKE0262","SWKB1276","343.50","0.00","0.00","388.20","0.00","0.00","0.00","20.00","1033.92","179.88","1088.73","2861.74","852.99","527.00","461.05"
2022,2023,"SWKE0262","SWKB1277","311.70","0.00","48.17","214.16","0.00","0.00","0.00","30.00","1033.92","147.16","1088.73","2861.74","852.99","527.00","461.05"
2022,2023,"SWKE0262","SWKB1278","443.28","0.00","1386.00","0.00","0.00","0.00","0.00","30.00","1033.92","179.88","1088.73","2861.74","852.99","527.00","461.05"
2022,2023,"SWKE0201","SWKB1279","324.81","0.00","301.47","514.69","0.00","546.06","0.00","20.00","849.88","0.00","422.39","36636.71","15477.74","7328.70","4457.84"
2022,2023,"SWKE0269","SWKB1280","1428.18","0.00","2531.09","854.10","0.00","2649.39","0.00","80.00","3145.07","255.92","2430.90","9084.30","2336.64","559.69","311.44"
2022,2023,"SWKE0263","SWKB1281","252.26","0.00","0.00","26.10","0.00","0.00","1519.75","10.00","343.32","0.00","101.23","15356.34","6185.99","5900.07","2608.91"
2022,2023,"SWKE0230","SWKB1282","383.20","0.00","43.30","122.38","0.00","0.00","0.00","40.00","1533.74","126.22","1283.34","3113.57","3347.79","215.28","93.35"
2022,2023,"SWKE0230","SWKB1283","531.83","0.00","28.52","203.10","0.00","0.00","0.00","50.00","2044.40","215.24","1808.23","3113.57","3347.79","215.28","93.35"
2022,2023,"SWKE0230","SWKB1284","239.41","0.00","21.51","80.01","0.00","0.00","0.00","20.00","861.06","63.71","874.90","3113.57","3347.79","215.28","93.35"
2022,2023,"SWKE0230","SWKB1285","352.74","0.00","104.00","216.34","0.00","0.00","0.00","30.00","1277.53","105.49","1166.60","3113.57","3347.79","215.28","93.35"
2022,2023,"SWKE0230","SWKB1286","521.60","0.00","30.05","166.90","0.00","0.00","0.00","50.00","2111.15","172.10","1750.00","3113.57","3347.79","215.28","93.35"
2022,2023,"SWKE0048","SWKB1287","0.00","0.00","20.03","1282.83","0.00","0.00","0.00","90.00","3256.94","10179.54","3423.39","0.00","3803.49","4526.42","13547.48"
2022,2023,"SWKE0277","SWKB1288","2244.60","0.00","3886.70","1331.13","0.00","0.00","0.00","320.00","11028.48","0.00","6137.92","0.00","274.79","39.83","28.34"
2022,2023,"SWKE0277","SWKB1289","1778.74","0.00","1096.46","806.21","0.00","0.00","0.00","480.00","10072.15","0.00","5775.77","0.00","274.79","39.83","28.34"
2022,2023,"SWKE0264","SWKB1290","290.56","0.00","182.48","472.64","0.00","754.62","0.00","20.00","689.28","60.96","602.80","127.84","0.00","14.92","0.00"
2022,2023,"SWKE0266","SWKB1291","844.70","0.00","4228.86","475.48","0.00","0.00","0.00","40.00","1524.10","0.00","1158.90","0.00","1003.88","43.80","11.96"
2022,2023,"SWKE0265","SWKB1292","221.21","0.00","107.81","163.25","0.00","0.00","0.00","20.00","607.13","14.39","287.98","585.38","417.39","28.84","0.00"
2022,2023,"SWKE0267","SWKB1293","517.26","0.00","117.03","0.00","0.00","0.00","3376.05","30.00","1033.92","0.00","0.00","2415.03","464.80","246.56","316.96"
2022,2023,"SWKE0267","SWKB1294","190.96","0.00","98.63","0.00","0.00","0.00","1251.11","10.00","344.64","0.00","0.00","2415.03","464.80","246.56","316.96"
2022,2023,"SWKE0267","SWKB1295","544.08","0.00","1889.06","0.00","0.00","0.00","2432.06","20.00","689.28","0.00","0.00","2415.03","464.80","246.56","316.96"
2022,2023,"SWKE0269","SWKB1296","1518.21","0.00","218.25","795.95","0.00","0.00","8589.75","50.00","1694.95","248.54","2024.35","9084.30","2336.64","559.69","311.44"
2022,2023,"SWKE0210","SWKB1297","3640.94","0.00","4433.24","652.24","0.00","0.00","21021.28","100.00","3620.38","0.00","3770.00","18399.95","6510.11","3421.44","2839.76"
2022,2023,"SWKE0208","SWKB1298","1305.86","0.00","4968.33","777.52","0.00","0.00","0.00","100.00","3397.46","0.00","2472.09","2403.71","5063.13","2800.57","1360.06"
2022,2023,"SWKE0270","SWKB1299","479.22","0.00","553.48","10.58","0.00","0.00","2649.34","10.00","689.28","0.00","444.08","3278.76","2109.47","182.28","41.12"
2022,2023,"SWKE0270","SWKB1300","1585.48","0.00","1904.59","173.02","0.00","0.00","8577.68","60.00","2455.79","0.00","1184.81","3278.76","2109.47","182.28","41.12"
2022,2023,"SWKE0270","SWKB1301","2819.92","0.00","1007.88","857.43","0.00","0.00","15969.43","110.00","4659.53","0.00","2898.95","3278.76","2109.47","182.28","41.12"
2022,2023,"SWKE0270","SWKB1302","754.95","0.00","316.32","56.07","0.00","0.00","4502.07","30.00","1266.69","0.00","606.72","3278.76","2109.47","182.28","41.12"
2022,2023,"SWKE0271","SWKB1303","924.12","0.00","1077.72","1322.82","0.00","0.00","0.00","60.00","2533.38","392.46","1889.16","10277.53","7516.94","1667.66","682.78"
2022,2023,"SWKE0271","SWKB1304","438.40","0.00","564.15","203.32","0.00","0.00","0.00","40.00","1364.10","123.55","1172.02","10277.53","7516.94","1667.66","682.78"
2022,2023,"SWKE0271","SWKB1305","96.95","0.00","99.68","0.00","0.00","0.00","0.00","10.00","339.82","29.07","275.77","10277.53","7516.94","1667.66","682.78"
2022,2023,"SWKE0271","SWKB1306","4290.44","0.00","6091.73","4175.68","0.00","7617.39","0.00","190.00","9528.98","728.63","5983.66","10277.53","7516.94","1667.66","682.78"
2022,2023,"SWKE0271","SWKB1307","3542.74","0.00","4414.08","4704.59","0.00","4975.72","0.00","190.00","8125.35","621.30","5102.26","10277.53","7516.94","1667.66","682.78"
2022,2023,"SWKE0271","SWKB1308","276.96","0.00","225.26","311.48","0.00","0.00","0.00","20.00","844.46","65.42","647.66","10277.53","7516.94","1667.66","682.78"
2022,2023,"SWKE0041","SWKB1309","220.61","0.00","1080.90","60.05","0.00","0.00","0.00","10.00","427.65","0.00","395.43","66294.63","43369.16","23493.13","6607.17"
2022,2023,"SWKE0041","SWKB1310","596.04","0.00","587.44","240.20","0.00","0.00","0.00","40.00","1710.60","872.12","1581.72","66294.63","43369.16","23493.13","6607.17"
2022,2023,"SWKE0041","SWKB1311","321.54","0.00","441.80","120.10","0.00","0.00","0.00","20.00","855.30","523.28","790.78","66294.63","43369.16","23493.13","6607.17"
2022,2023,"SWKE0041","SWKB1312","736.69","0.00","1091.51","369.74","0.00","0.00","0.00","260.00","2412.48","305.65","1977.22","66294.63","43369.16","23493.13","6607.17"
2022,2023,"SWKE0041","SWKB1313","147.66","0.00","133.36","60.05","0.00","0.00","0.00","10.00","427.65","218.03","395.43","66294.63","43369.16","23493.13","6607.17"
2022,2023,"SWKE0008","SWKB1314","190.04","0.00","33.38","48.23","0.00","0.00","0.00","20.00","766.87","0.00","768.72","3589.01","3127.38","2324.56","3032.25"
2022,2023,"SWKE0008","SWKB1315","458.24","0.00","1136.37","131.52","0.00","0.00","0.00","40.00","1446.51","0.00","1378.98","3589.01","3127.38","2324.56","3032.25"
2022,2023,"SWKE0008","SWKB1316","266.25","0.00","0.00","80.98","0.00","0.00","0.00","30.00","1106.69","0.00","1088.67","3589.01","3127.38","2324.56","3032.25"
2022,2023,"SWKE0254","SWKB1317","12146.42","0.00","6550.64","5624.21","0.00","2208.99","81747.86","280.00","9621.91","582.92","8139.96","28014.15","12841.99","3467.67","2878.73"
2022,2023,"SWKE0152","SWKB1318","14712.50","0.00","14256.47","15676.24","0.00","10056.19","62598.23","420.00","13614.50","5246.84","17750.49","9686.42","5542.07","3827.76","825.96"
2022,2023,"SWKE0109","SWKB1319","791.52","0.00","2900.26","755.22","0.00","0.00","0.00","40.00","1539.76","130.19","1640.36","28993.09","13027.12","5731.74","8768.26"
2022,2023,"SWKE0109","SWKB1320","1794.67","0.00","6561.07","1194.24","0.00","1333.52","0.00","70.00","2999.99","228.19","3566.24","28993.09","13027.12","5731.74","8768.26"
2022,2023,"SWKE0109","SWKB1321","412.08","0.00","898.98","367.34","0.00","358.96","0.00","20.00","855.30","63.90","998.54","28993.09","13027.12","5731.74","8768.26"
2022,2023,"SWKE0109","SWKB1322","594.77","0.00","975.54","558.23","0.00","547.43","0.00","30.00","1289.05","100.40","1569.15","28993.09","13027.12","5731.74","8768.26"
2022,2023,"SWKE0109","SWKB1323","1107.12","0.00","5236.32","904.80","0.00","715.69","0.00","30.00","1572.08","127.04","1593.34","28993.09","13027.12","5731.74","8768.26"
2022,2023,"SWKE0109","SWKB1324","1547.27","0.00","7945.87","1620.63","0.00","0.00","0.00","50.00","2121.99","181.17","2282.24","28993.09","13027.12","5731.74","8768.26"
2022,2023,"SWKE0272","SWKB1325","1915.07","0.00","8967.33","637.40","0.00","826.57","0.00","70.00","3083.74","0.00","2727.80","726.97","1692.19","476.38","12.14"
2022,2023,"SWKE0068","SWKB1326","704.36","0.00","548.08","590.96","0.00","1175.40","0.00","40.00","1391.80","0.00","1708.68","2535.02","1193.40","37.74","0.00"
2022,2023,"SWKE0208","SWKB1327","496.02","0.00","536.79","669.87","0.00","718.14","0.00","30.00","1282.95","118.92","1196.04","2403.71","5063.13","2800.57","1360.06"
2022,2023,"SWKE0120","SWKB1328","769.77","0.00","744.34","408.90","0.00","0.00","0.00","640.00","2723.21","165.69","2714.46","14622.22","9062.23","5281.87","1329.84"
2022,2023,"SWKE0088","SWKB1329","290.82","0.00","430.95","82.72","0.00","0.00","0.00","30.00","1032.60","0.00","750.65","12142.16","2955.56","1191.99","892.70"
2022,2023,"SWKE0112","SWKB1330","2498.87","0.00","7499.98","958.14","0.00","0.00","0.00","170.00","6366.69","0.00","5231.52","37372.02","29578.18","5048.69","2283.47"
2022,2023,"SWKE0201","SWKB1331","250.00","0.00","112.78","90.96","0.00","253.00","0.00","20.00","855.30","72.28","454.88","36636.71","15477.74","7328.70","4457.84"
2022,2023,"SWKE0329","SWKB1332","958.32","0.00","833.54","1374.59","0.00","0.00","0.00","80.00","3063.65","336.10","1895.96","67056.41","57695.83","7120.45","2827.45"
2022,2023,"SWKE0329","SWKB1333","951.37","0.00","433.92","413.15","0.00","0.00","0.00","100.00","3911.94","312.89","2120.56","67056.41","57695.83","7120.45","2827.45"
2022,2023,"SWKE0329","SWKB1334","1159.63","0.00","2290.85","856.90","0.00","0.00","0.00","100.00","3525.98","312.81","2246.50","67056.41","57695.83","7120.45","2827.45"
2022,2023,"SWKE0290","SWKB1335","737.97","0.00","2307.97","1058.64","0.00","483.01","0.00","40.00","1616.75","84.96","938.55","6743.02","4905.29","700.05","382.49"
2022,2023,"SWKE0006","SWKB1336","1560.93","0.00","1497.88","1588.07","0.00","1837.26","0.00","90.00","4771.78","316.78","3085.05","4390.38","2677.50","532.93","1655.37"
2022,2023,"SWKE0002","SWKB1337","538.04","0.00","343.95","0.00","0.00","0.00","2884.92","20.00","683.14","0.00","883.96","3727.56","1029.04","898.67","507.13"
2022,2023,"SWKE0100","SWKB1338","2749.70","0.00","1397.44","16433.21","0.00","2678.03","0.00","80.00","3327.69","0.00","1999.32","3943.26","15133.29","3262.17","2132.32"
2022,2023,"SWKE0129","SWKB1339","711.41","0.00","1935.81","407.31","0.00","0.00","0.00","2400.00","2853.76","0.00","0.00","33233.44","15254.16","6285.16","4205.47"
2022,2023,"SWKE0087","SWKB1340","822.30","0.00","389.49","162.75","0.00","0.00","5545.41","30.00","1019.46","0.00","756.54","9590.04","5415.19","1480.71","1213.61"
2022,2023,"SWKE0224","SWKB1341","766.78","0.00","2138.90","887.48","0.00","0.00","0.00","40.00","1531.10","0.00","922.26","8921.77","3712.07","539.74","129.50"
2022,2023,"SWKE0273","SWKB1342","1213.62","0.00","1826.64","405.90","0.00","0.00","0.00","100.00","4133.73","0.00","3033.93","7783.54","2721.49","1034.37","0.00"
2022,2023,"SWKE0273","SWKB1343","1101.73","0.00","1289.96","1193.92","0.00","2051.98","0.00","70.00","2955.61","0.00","2205.28","7783.54","2721.49","1034.37","0.00"
2022,2023,"SWKE0280","SWKB1344","2503.13","0.00","6710.87","217.96","0.00","0.00","0.00","190.00","6982.37","0.00","2856.98","5210.58","2372.00","503.50","177.13"
2022,2023,"SWKE0227","SWKB1345","5694.09","0.00","21163.24","4398.74","0.00","3573.67","0.00","160.00","6522.91","10753.43","5494.15","20224.97","9128.09","4000.84","2920.21"
2022,2023,"SWKE0129","SWKB1346","406.22","0.00","39.02","842.39","0.00","550.95","0.00","20.00","963.62","32.55","990.96","33233.44","15254.16","6285.16","4205.47"
2022,2023,"SWKE0262","SWKB1347","418.92","0.00","122.72","162.92","0.00","0.00","0.00","40.00","1378.56","167.60","1365.08","2861.74","852.99","527.00","461.05"
2022,2023,"SWKE0167","SWKB1348","0.00","0.00","700.56","1695.68","0.00","0.00","6265.72","40.00","1378.56","0.00","678.48","0.00","8844.81","560.26","5127.13"
2022,2023,"SWKE0167","SWKB1349","0.00","0.00","1936.62","1434.00","0.00","0.00","0.00","50.00","1707.94","0.00","1119.49","0.00","8844.81","560.26","5127.13"
2022,2023,"SWKE0167","SWKB1350","0.00","0.00","184.25","1083.70","0.00","0.00","0.00","40.00","1368.95","0.00","915.95","0.00","8844.81","560.26","5127.13"
2022,2023,"SWKE0167","SWKB1351","0.00","0.00","1255.58","1143.46","0.00","0.00","0.00","40.00","1364.62","0.00","882.02","0.00","8844.81","560.26","5127.13"
2022,2023,"SWKE0167","SWKB1352","0.00","0.00","1176.76","2286.87","0.00","0.00","0.00","80.00","2724.91","0.00","1730.11","0.00","8844.81","560.26","5127.13"
2022,2023,"SWKE0026","SWKB1353","4799.97","0.00","5134.84","974.23","0.00","2310.73","27049.42","340.00","5319.78","0.00","4165.32","6995.63","3868.29","1062.43","729.71"
2022,2023,"SWKE0041","SWKB1354","4982.55","0.00","4131.45","2126.25","0.00","2701.80","27208.20","150.00","6333.45","499.20","3712.50","66294.63","43369.16","23493.13","6607.17"
2022,2023,"SWKE0316","SWKB1355","526.11","0.00","1372.89","428.28","0.00","715.47","0.00","30.00","1029.96","0.00","951.81","29606.81","8008.07","3575.40","1671.91"
2022,2023,"SWKE0310","SWKB1356","638.74","0.00","1174.09","124.65","0.00","905.67","0.00","50.00","1955.97","0.00","1387.02","2706.91","88.40","328.58","949.71"
2022,2023,"SWKE0259","SWKB1357","3185.95","0.00","7543.20","11033.52","0.00","0.00","8800.88","40.00","1605.68","494.44","1640.08","7056.09","10017.05","3543.05","651.89"
2022,2023,"SWKE0259","SWKB1358","3716.52","0.00","342.99","17078.77","0.00","0.00","13719.97","60.00","2289.08","49.70","2541.35","7056.09","10017.05","3543.05","651.89"
2022,2023,"SWKE0083","SWKB1359","1776.06","0.00","3074.06","2374.25","0.00","1556.95","0.00","70.00","2961.03","0.00","2369.94","4370.10","2288.03","5546.71","4824.68"
2022,2023,"SWKE0152","SWKB1360","939.12","0.00","893.69","210.42","0.00","0.00","5812.45","50.00","1708.74","62.65","0.00","9686.42","5542.07","3827.76","825.96"
2022,2023,"SWKE0167","SWKB1361","0.00","0.00","112.65","288.56","0.00","0.00","0.00","0.00","682.31","0.00","441.01","0.00","8844.81","560.26","5127.13"
2022,2023,"SWKE0167","SWKB1362","0.00","0.00","1154.27","244.57","0.00","0.00","0.00","0.00","343.32","0.00","237.47","0.00","8844.81","560.26","5127.13"
2022,2023,"SWKE0167","SWKB1363","0.00","0.00","0.00","0.00","0.00","0.00","0.00","0.00","1364.62","0.00","882.02","0.00","8844.81","560.26","5127.13"
2022,2023,"SWKE0167","SWKB1364","0.00","0.00","0.00","860.20","0.00","0.00","0.00","10.00","1364.62","0.00","882.02","0.00","8844.81","560.26","5127.13"
2022,2023,"SWKE0276","SWKB1365","5169.31","0.00","3063.28","4755.65","0.00","0.00","26200.58","160.00","6204.91","0.00","3301.89","7182.86","3441.45","2463.84","255.72"
2022,2023,"SWKE0276","SWKB1366","3241.20","0.00","4590.15","624.54","0.00","0.00","15751.50","110.00","4200.10","0.00","2068.60","7182.86","3441.45","2463.84","255.72"
2022,2023,"SWKE0129","SWKB1367","1355.83","0.00","675.90","8611.17","0.00","0.00","0.00","40.00","1522.84","0.00","1302.03","33233.44","15254.16","6285.16","4205.47"
2022,2023,"SWKE0152","SWKB1368","3580.70","0.00","5330.52","5921.10","0.00","4628.93","0.00","210.00","5846.07","6740.84","4078.13","9686.42","5542.07","3827.76","825.96"
2022,2023,"SWKE0277","SWKB1369","666.15","0.00","959.47","550.89","0.00","0.00","0.00","90.00","3179.35","0.00","1943.32","0.00","274.79","39.83","28.34"
2022,2023,"SWKE0278","SWKB1370","919.85","0.00","1595.39","1448.33","0.00","0.00","0.00","90.00","3339.34","0.00","1761.03","1778.85","1890.97","1748.02","358.35"
2022,2023,"SWKE0278","SWKB1371","860.86","0.00","2111.77","1050.86","0.00","0.00","0.00","80.00","2680.87","0.00","1776.60","1778.85","1890.97","1748.02","358.35"
2022,2023,"SWKE0278","SWKB1372","2033.06","0.00","1079.82","2852.21","0.00","0.00","0.00","220.00","7715.28","0.00","5959.91","1778.85","1890.97","1748.02","358.35"
2022,2023,"SWKE0278","SWKB1373","737.87","0.00","182.89","1135.46","0.00","0.00","0.00","90.00","3095.62","0.00","1954.18","1778.85","1890.97","1748.02","358.35"
2022,2023,"SWKE0259","SWKB1374","560.76","0.00","608.49","276.46","0.00","915.05","0.00","50.00","1954.65","48.26","877.66","7056.09","10017.05","3543.05","651.89"
2022,2023,"SWKE0279","SWKB1375","3169.43","0.00","4471.95","7251.66","0.00","4561.23","0.00","190.00","8314.06","0.00","3950.13","1187.22","3182.88","843.60","915.76"
2022,2023,"SWKE0279","SWKB1376","3103.94","0.00","3453.41","4920.03","0.00","6822.66","0.00","390.00","7746.29","0.00","5112.97","1187.22","3182.88","843.60","915.76"
2022,2023,"SWKE0182","SWKB1377","1274.67","0.00","4089.48","392.34","0.00","0.00","0.00","50.00","2549.64","196.23","2072.52","2640.87","6088.88","614.81","1524.35"
2022,2023,"SWKE0157","SWKB1378","0.00","0.00","4528.06","4028.70","0.00","2313.44","43277.24","90.00","3526.79","364.22","5964.66","0.00","12815.76","10556.31","1043.51"
2022,2023,"SWKE0157","SWKB1379","0.00","0.00","1267.28","1110.32","0.00","523.92","11583.20","40.00","1378.56","14.40","1537.48","0.00","12815.76","10556.31","1043.51"
2022,2023,"SWKE0281","SWKB1380","0.00","0.00","3543.71","864.13","0.00","0.00","0.00","60.00","2383.73","5011.25","1822.36","0.00","1964.09","603.10","0.00"
2022,2023,"SWKE0281","SWKB1381","0.00","0.00","4733.48","476.56","0.00","0.00","0.00","40.00","1710.60","130.80","1155.76","0.00","1964.09","603.10","0.00"
2022,2023,"SWKE0281","SWKB1382","0.00","0.00","5312.74","1398.93","0.00","0.00","0.00","120.00","5197.44","15656.42","4137.25","0.00","1964.09","603.10","0.00"
2022,2023,"SWKE0227","SWKB1383","729.85","0.00","1179.46","1974.13","0.00","0.00","0.00","40.00","1606.51","0.00","1347.35","20224.97","9128.09","4000.84","2920.21"
2022,2023,"SWKE0034","SWKB1384","454.61","0.00","470.52","629.94","0.00","0.00","0.00","30.00","1282.95","131.52","1023.81","1571.85","731.71","46.90","0.00"
2022,2023,"SWKE0227","SWKB1385","1733.57","0.00","1284.92","1145.69","0.00","1700.79","0.00","130.00","4547.49","289.62","3440.45","20224.97","9128.09","4000.84","2920.21"
2022,2023,"SWKE0288","SWKB1386","3066.62","0.00","1566.18","19135.86","0.00","0.00","0.00","100.00","4243.98","347.50","3629.14","36388.87","15134.54","3958.58","5509.76"
2022,2023,"SWKE0201","SWKB1387","577.19","0.00","1807.69","546.89","0.00","563.97","0.00","30.00","1272.11","67.13","617.34","36636.71","15477.74","7328.70","4457.84"
2022,2023,"SWKE0283","SWKB1388","383.31","0.00","195.15","276.27","0.00","0.00","0.00","30.00","1266.69","0.00","1102.68","171.18","752.61","68.37","0.00"
2022,2023,"SWKE0282","SWKB1389","581.27","0.00","176.07","369.22","0.00","0.00","0.00","50.00","1955.97","0.00","1784.90","270.25","1188.19","67.99","0.00"
2022,2023,"SWKE0261","SWKB1390","1796.51","0.00","3523.44","1676.40","0.00","366.76","7708.96","30.00","1373.28","152.61","1669.68","10869.53","2265.24","1514.86","332.26"
2022,2023,"SWKE0145","SWKB1391","2927.93","0.00","10417.25","2503.12","0.00","0.00","0.00","200.00","8450.35","0.00","3694.64","28851.81","12285.67","6990.17","3304.06"
2022,2023,"SWKE0324","SWKB1392","0.00","0.00","0.00","0.00","0.00","0.00","0.00","20.00","0.00","0.00","0.00","107.58","13.33","16.92","26.16"
2022,2023,"SWKE0324","SWKB1393","0.00","0.00","0.00","0.00","0.00","0.00","0.00","10.00","0.00","0.00","0.00","107.58","13.33","16.92","26.16"
2022,2023,"SWKE0324","SWKB1394","0.00","0.00","0.00","0.00","0.00","0.00","0.00","20.00","0.00","0.00","0.00","107.58","13.33","16.92","26.16"
2022,2023,"SWKE0324","SWKB1395","0.00","0.00","0.00","0.00","0.00","0.00","0.00","20.00","0.00","0.00","0.00","107.58","13.33","16.92","26.16"
2022,2023,"SWKE0324","SWKB1396","0.00","0.00","0.00","0.00","0.00","0.00","0.00","20.00","0.00","0.00","0.00","107.58","13.33","16.92","26.16"
2022,2023,"SWKE0324","SWKB1397","0.00","0.00","0.00","0.00","0.00","0.00","0.00","20.00","0.00","0.00","0.00","107.58","13.33","16.92","26.16"
2022,2023,"SWKE0324","SWKB1398","0.00","0.00","0.00","0.00","0.00","0.00","0.00","20.00","0.00","0.00","0.00","107.58","13.33","16.92","26.16"
2022,2023,"SWKE0324","SWKB1399","0.00","0.00","0.00","0.00","0.00","0.00","0.00","10.00","0.00","0.00","0.00","107.58","13.33","16.92","26.16"
2022,2023,"SWKE0324","SWKB1400","0.00","0.00","0.00","0.00","0.00","0.00","0.00","20.00","0.00","0.00","0.00","107.58","13.33","16.92","26.16"
2022,2023,"SWKE0324","SWKB1401","0.00","0.00","0.00","0.00","0.00","0.00","0.00","10.00","0.00","0.00","0.00","107.58","13.33","16.92","26.16"
2022,2023,"SWKE0324","SWKB1402","0.00","0.00","0.00","0.00","0.00","0.00","0.00","10.00","0.00","0.00","0.00","107.58","13.33","16.92","26.16"
2022,2023,"SWKE0324","SWKB1403","0.00","0.00","0.00","0.00","0.00","0.00","0.00","20.00","0.00","0.00","0.00","107.58","13.33","16.92","26.16"
2022,2023,"SWKE0324","SWKB1404","0.00","0.00","0.00","0.00","0.00","0.00","0.00","20.00","0.00","0.00","0.00","107.58","13.33","16.92","26.16"
2022,2023,"SWKE0307","SWKB1405","1556.64","0.00","2897.55","1650.42","0.00","1464.84","0.00","280.00","3800.07","590.31","2610.18","10327.23","10931.39","1722.40","2244.32"
2022,2023,"SWKE0307","SWKB1406","448.94","0.00","362.88","549.24","0.00","516.18","0.00","30.00","1029.96","176.08","862.20","10327.23","10931.39","1722.40","2244.32"
2022,2023,"SWKE0284","SWKB1407","4214.28","0.00","2059.54","5503.26","0.00","3523.38","18131.54","520.00","4824.96","482.72","5442.36","1428.55","3810.31","932.54","136.78"
2022,2023,"SWKE0284","SWKB1408","6814.17","0.00","2147.03","10765.68","0.00","0.00","34788.54","240.00","7836.59","394.47","8076.84","1428.55","3810.31","932.54","136.78"
2022,2023,"SWKE0056","SWKB1409","3100.91","0.00","1876.00","2201.00","0.00","2590.79","14481.84","290.00","4144.71","332.67","2505.14","11236.68","2379.71","2129.49","2380.20"
2022,2023,"SWKE0285","SWKB1410","528.05","0.00","1217.04","198.13","0.00","0.00","0.00","60.00","2060.87","303.40","917.01","458.49","0.00","95.37","30.09"
2022,2023,"SWKE0288","SWKB1411","2294.72","0.00","1051.70","15005.81","0.00","0.00","0.00","80.00","3394.10","0.00","2106.03","36388.87","15134.54","3958.58","5509.76"
2022,2023,"SWKE0259","SWKB1412","1126.42","0.00","867.66","1549.92","0.00","909.10","0.00","90.00","3480.07","338.57","2635.29","7056.09","10017.05","3543.05","651.89"
2022,2023,"SWKE0200","SWKB1413","665.84","0.00","1809.55","104.16","0.00","0.00","0.00","60.00","2131.57","0.00","701.40","2990.18","2930.44","628.00","279.44"
2022,2023,"SWKE0210","SWKB1414","2847.07","0.00","3506.15","1559.86","0.00","0.00","16114.00","70.00","2501.46","0.00","2742.69","18399.95","6510.11","3421.44","2839.76"
2022,2023,"SWKE0129","SWKB1415","482.93","0.00","285.12","2850.89","0.00","0.00","0.00","20.00","766.87","0.00","553.38","33233.44","15254.16","6285.16","4205.47"
2022,2023,"SWKE0120","SWKB1416","82.97","0.00","55.09","176.46","0.00","0.00","0.00","200.00","272.82","8.93","224.61","14622.22","9062.23","5281.87","1329.84"
2022,2023,"SWKE0248","SWKB1417","441.84","0.00","564.72","597.33","0.00","820.17","0.00","30.00","1266.69","0.00","646.83","5528.05","4264.51","2492.04","260.49"
2022,2023,"SWKE0292","SWKB1418","105.01","0.00","54.34","104.23","0.00","0.00","0.00","10.00","344.64","0.00","429.09","224.55","0.00","10.96","0.00"
2022,2023,"SWKE0287","SWKB1419","436.48","0.00","361.28","19.24","0.00","0.00","0.00","40.00","1373.28","0.00","604.84","730.64","1109.08","166.56","0.00"
2022,2023,"SWKE0120","SWKB1420","1589.37","0.00","2010.00","2202.51","0.00","0.00","0.00","680.00","4830.03","0.00","5130.27","14622.22","9062.23","5281.87","1329.84"
2022,2023,"SWKE0188","SWKB1421","2207.19","0.00","1272.32","3821.65","0.00","3865.98","0.00","320.00","5523.27","172.17","2991.73","3786.26","3018.20","1489.46","34.97"
2022,2023,"SWKE0017","SWKB1422","1640.10","0.00","1312.35","1408.05","0.00","0.00","0.00","150.00","5149.80","0.00","3003.00","11038.97","3490.54","1723.70","13544.02"
2022,2023,"SWKE0136","SWKB1423","135.46","0.00","44.11","197.79","0.00","0.00","0.00","10.00","422.23","0.00","381.80","7249.43","1747.99","325.43","90.01"
2022,2023,"SWKE0136","SWKB1424","273.64","0.00","40.34","470.70","0.00","0.00","0.00","20.00","844.46","0.00","763.60","7249.43","1747.99","325.43","90.01"
2022,2023,"SWKE0136","SWKB1425","637.68","0.00","241.68","1558.96","0.00","0.00","0.00","40.00","1688.92","130.80","1521.88","7249.43","1747.99","325.43","90.01"
2022,2023,"SWKE0136","SWKB1426","421.23","0.00","184.20","595.92","0.00","0.00","0.00","30.00","1266.69","98.10","1141.41","7249.43","1747.99","325.43","90.01"
2022,2023,"SWKE0238","SWKB1427","149.79","0.00","38.73","0.00","0.00","0.00","0.00","30.00","1033.92","0.00","0.00","129.51","272.49","9.15","13.95"
2022,2023,"SWKE0329","SWKB1428","805.62","0.00","1726.59","755.23","0.00","0.00","0.00","60.00","2394.80","98.25","1519.73","67056.41","57695.83","7120.45","2827.45"
2022,2023,"SWKE0329","SWKB1429","1123.45","0.00","4218.45","629.37","0.00","0.00","0.00","70.00","2805.96","0.00","1766.16","67056.41","57695.83","7120.45","2827.45"
2022,2023,"SWKE0291","SWKB1430","3293.32","0.00","1695.82","738.72","0.00","2460.98","17257.67","130.00","4834.37","0.00","1713.17","58565.61","9635.91","7060.54","879.53"
2022,2023,"SWKE0291","SWKB1431","395.59","0.00","872.69","457.81","0.00","0.00","1723.41","10.00","343.32","0.00","168.88","58565.61","9635.91","7060.54","879.53"
2022,2023,"SWKE0289","SWKB1432","446.52","0.00","181.08","370.00","0.00","0.00","0.00","40.00","1688.92","0.00","1437.08","525.64","1767.10","220.25","81.11"
2022,2023,"SWKE0289","SWKB1433","304.98","0.00","30.13","58.17","0.00","0.00","0.00","30.00","1199.94","0.00","1137.69","525.64","1767.10","220.25","81.11"
2022,2023,"SWKE0289","SWKB1434","217.22","0.00","19.02","196.06","0.00","0.00","0.00","20.00","844.46","0.00","718.54","525.64","1767.10","220.25","81.11"
2022,2023,"SWKE0289","SWKB1435","428.59","0.00","25.37","322.84","0.00","0.00","0.00","40.00","1616.75","0.00","1532.84","525.64","1767.10","220.25","81.11"
2022,2023,"SWKE0295","SWKB1436","1510.92","0.00","828.42","1108.11","0.00","0.00","7010.44","60.00","2297.29","73.30","2264.29","10417.58","4709.15","2153.62","37.12"
2022,2023,"SWKE0295","SWKB1437","483.16","0.00","583.72","345.58","0.00","0.00","2033.48","20.00","689.28","41.88","679.38","10417.58","4709.15","2153.62","37.12"
2022,2023,"SWKE0295","SWKB1438","1711.35","0.00","3105.96","1074.42","0.00","0.00","7200.48","60.00","2067.84","125.70","2163.90","10417.58","4709.15","2153.62","37.12"
2022,2023,"SWKE0295","SWKB1439","813.80","0.00","909.18","547.44","0.00","0.00","3706.89","30.00","1033.92","41.90","1211.28","10417.58","4709.15","2153.62","37.12"
2022,2023,"SWKE0295","SWKB1440","1623.72","0.00","4113.06","327.12","0.00","0.00","5931.60","60.00","2067.84","0.00","2422.56","10417.58","4709.15","2153.62","37.12"
2022,2023,"SWKE0045","SWKB1441","1955.45","0.00","1516.20","529.55","0.00","0.00","11443.46","70.00","2412.48","0.00","1337.91","21208.02","7811.54","2210.07","2040.28"
2022,2023,"SWKE0201","SWKB1442","1615.96","0.00","5961.03","713.00","0.00","1095.54","0.00","90.00","3843.43","272.56","1347.79","36636.71","15477.74","7328.70","4457.84"
2022,2023,"SWKE0294","SWKB1443","1142.04","0.00","1888.35","625.07","0.00","0.00","0.00","110.00","4472.60","0.00","1524.66","12977.53","8001.88","1704.80","639.15"
2022,2023,"SWKE0177","SWKB1444","990.14","0.00","1577.23","405.80","0.00","0.00","0.00","120.00","2755.82","380.31","2045.83","13790.80","1405.18","2090.00","3877.80"
2022,2023,"SWKE0167","SWKB1445","0.00","0.00","591.90","247.68","0.00","0.00","0.00","0.00","343.32","0.00","237.47","0.00","8844.81","560.26","5127.13"
2022,2023,"SWKE0167","SWKB1446","0.00","0.00","102.72","452.97","0.00","0.00","0.00","10.00","1016.97","0.00","610.62","0.00","8844.81","560.26","5127.13"
2022,2023,"SWKE0167","SWKB1447","0.00","0.00","364.95","989.16","0.00","0.00","0.00","30.00","1029.96","176.43","712.41","0.00","8844.81","560.26","5127.13"
2022,2023,"SWKE0201","SWKB1448","1136.73","0.00","2508.25","729.70","0.00","1175.21","0.00","70.00","2982.71","198.22","1554.62","36636.71","15477.74","7328.70","4457.84"
2022,2023,"SWKE0254","SWKB1449","2181.40","0.00","357.16","0.00","0.00","0.00","15521.01","60.00","2049.57","163.87","2407.37","28014.15","12841.99","3467.67","2878.73"
2022,2023,"SWKE0254","SWKB1450","2070.08","0.00","3281.16","50.76","0.00","0.00","12761.48","40.00","1373.28","130.84","2051.12","28014.15","12841.99","3467.67","2878.73"
2022,2023,"SWKE0249","SWKB1451","4724.70","0.00","5915.84","4011.23","0.00","9633.75","0.00","390.00","13166.72","1047.81","9177.25","4089.28","3723.43","831.76","55.99"
2022,2023,"SWKE0145","SWKB1452","490.57","0.00","436.55","614.24","0.00","0.00","0.00","40.00","1705.52","0.00","1300.42","28851.81","12285.67","6990.17","3304.06"
2022,2023,"SWKE0145","SWKB1453","248.18","0.00","267.88","258.20","0.00","0.00","0.00","20.00","849.88","70.86","626.10","28851.81","12285.67","6990.17","3304.06"
2022,2023,"SWKE0145","SWKB1454","964.32","0.00","2542.74","1505.22","0.00","0.00","0.00","60.00","2533.38","196.20","1733.82","28851.81","12285.67","6990.17","3304.06"
2022,2023,"SWKE0217","SWKB1455","430.28","0.00","299.88","709.02","0.00","0.00","0.00","30.00","1272.11","95.60","1074.39","9768.12","4798.38","1490.04","1113.40"
2022,2023,"SWKE0217","SWKB1456","503.90","0.00","2317.57","488.19","0.00","0.00","0.00","20.00","849.88","65.41","735.11","9768.12","4798.38","1490.04","1113.40"
2022,2023,"SWKE0217","SWKB1457","219.19","0.00","949.76","179.62","0.00","0.00","0.00","10.00","422.23","32.03","339.29","9768.12","4798.38","1490.04","1113.40"
2022,2023,"SWKE0217","SWKB1458","146.48","0.00","102.64","189.66","0.00","0.00","0.00","10.00","427.65","35.22","395.83","9768.12","4798.38","1490.04","1113.40"
2022,2023,"SWKE0112","SWKB1459","954.71","0.00","1332.84","2329.11","0.00","695.00","0.00","50.00","1886.69","0.00","1705.15","37372.02","29578.18","5048.69","2283.47"
2022,2023,"SWKE0316","SWKB1460","2201.03","0.00","6570.33","1846.00","0.00","2301.13","0.00","130.00","4406.87","0.00","4052.75","29606.81","8008.07","3575.40","1671.91"
2022,2023,"SWKE0129","SWKB1461","2076.75","0.00","1185.90","13841.67","0.00","0.00","0.00","60.00","2316.87","207.78","1538.28","33233.44","15254.16","6285.16","4205.47"
2022,2023,"SWKE0288","SWKB1462","868.55","0.00","427.63","433.01","0.00","0.00","0.00","80.00","3404.94","0.00","2975.95","36388.87","15134.54","3958.58","5509.76"
2022,2023,"SWKE0293","SWKB1463","370.15","0.00","662.82","393.93","0.00","37.15","1631.09","10.00","344.64","29.32","406.87","49.30","129.07","15.23","2.11"
2022,2023,"SWKE0116","SWKB1464","466.00","0.00","436.28","0.00","0.00","0.00","3136.64","20.00","689.28","0.00","24.62","659.70","705.33","268.74","45.54"
2022,2023,"SWKE0041","SWKB1465","3235.64","0.00","10518.36","2504.28","0.00","0.00","0.00","190.00","6887.32","0.00","7466.40","66294.63","43369.16","23493.13","6607.17"
2022,2023,"SWKE0294","SWKB1466","1774.50","0.00","6223.70","1695.61","0.00","2390.85","0.00","70.00","2955.61","472.29","2149.91","12977.53","8001.88","1704.80","639.15"
2022,2023,"SWKE0294","SWKB1467","2264.42","0.00","8306.33","1691.99","0.00","1726.45","0.00","90.00","4336.74","694.15","3159.80","12977.53","8001.88","1704.80","639.15"
2022,2023,"SWKE0294","SWKB1468","1033.86","0.00","1871.55","578.31","0.00","0.00","0.00","80.00","2751.19","0.00","2617.52","12977.53","8001.88","1704.80","639.15"
2022,2023,"SWKE0294","SWKB1469","832.76","0.00","2228.68","625.40","0.00","1049.64","0.00","40.00","1688.92","445.20","1228.52","12977.53","8001.88","1704.80","639.15"
2022,2023,"SWKE0327","SWKB1470","1132.40","0.00","3180.20","1549.36","0.00","0.00","0.00","80.00","3067.48","227.52","1810.24","10111.12","1951.30","676.95","290.04"
2022,2023,"SWKE0042","SWKB1471","700.52","0.00","763.68","378.80","0.00","1156.68","0.00","40.00","1688.92","135.88","1176.60","2161.60","1837.20","146.50","115.90"
2022,2023,"SWKE0295","SWKB1472","318.39","0.00","854.35","105.03","0.00","0.00","1319.14","10.00","338.99","54.84","236.54","10417.58","4709.15","2153.62","37.12"
2022,2023,"SWKE0295","SWKB1473","806.97","0.00","663.69","400.23","0.00","0.00","4090.14","30.00","1266.69","0.00","823.86","10417.58","4709.15","2153.62","37.12"
2022,2023,"SWKE0295","SWKB1474","882.20","0.00","142.08","140.59","0.00","0.00","5047.72","40.00","1360.29","0.00","985.59","10417.58","4709.15","2153.62","37.12"
2022,2023,"SWKE0295","SWKB1475","888.62","0.00","0.00","270.84","0.00","0.00","5123.72","40.00","1360.29","0.00","985.59","10417.58","4709.15","2153.62","37.12"
2022,2023,"SWKE0295","SWKB1476","320.50","0.00","840.98","213.03","0.00","0.00","1263.74","10.00","338.99","54.84","218.46","10417.58","4709.15","2153.62","37.12"
2022,2023,"SWKE0295","SWKB1477","717.97","0.00","21.40","831.58","0.00","0.00","3823.29","70.00","1266.69","0.00","617.90","10417.58","4709.15","2153.62","37.12"
2022,2023,"SWKE0027","SWKB1478","655.07","0.00","0.00","0.00","0.00","0.00","4943.21","30.00","892.35","0.00","66.49","4847.57","1070.16","899.57","563.44"
2022,2023,"SWKE0156","SWKB1479","311.98","0.00","344.14","360.68","0.00","0.00","0.00","20.00","765.55","0.00","989.56","18101.96","6570.48","4272.51","2078.74"
2022,2023,"SWKE0327","SWKB1480","943.17","0.00","1778.65","1409.17","0.00","0.00","0.00","70.00","2878.02","291.51","1686.81","10111.12","1951.30","676.95","290.04"
2022,2023,"SWKE0208","SWKB1481","910.08","0.00","1096.80","1217.64","0.00","1585.98","0.00","60.00","2533.38","215.40","1701.60","2403.71","5063.13","2800.57","1360.06"
2022,2023,"SWKE0296","SWKB1482","791.49","0.00","1617.72","713.19","0.00","0.00","0.00","60.00","2300.61","0.00","943.68","783.09","1291.17","265.23","0.00"
2022,2023,"SWKE0201","SWKB1483","994.02","0.00","788.93","641.47","0.00","1073.43","0.00","80.00","3234.10","259.42","1677.20","36636.71","15477.74","7328.70","4457.84"
2022,2023,"SWKE0056","SWKB1484","383.48","0.00","156.20","350.12","0.00","0.00","0.00","40.00","1373.28","0.00","577.32","11236.68","2379.71","2129.49","2380.20"
2022,2023,"SWKE0088","SWKB1485","1535.72","0.00","542.86","895.72","0.00","0.00","10165.26","50.00","1719.24","63.98","855.37","12142.16","2955.56","1191.99","892.70"
2022,2023,"SWKE0088","SWKB1486","1877.30","0.00","3012.37","1035.45","0.00","0.00","10513.42","50.00","1719.24","55.54","1322.20","12142.16","2955.56","1191.99","892.70"
2022,2023,"SWKE0251","SWKB1487","442.28","0.00","671.48","435.64","0.00","0.00","0.00","40.00","1359.28","0.00","994.88","1908.78","583.88","272.18","0.00"
2022,2023,"SWKE0327","SWKB1488","1153.93","0.00","3040.96","1146.08","0.00","0.00","0.00","70.00","3377.84","228.90","2121.12","10111.12","1951.30","676.95","290.04"
2022,2023,"SWKE0329","SWKB1489","1754.80","0.00","2972.40","989.40","0.00","3279.90","0.00","100.00","4222.30","0.00","3552.30","67056.41","57695.83","7120.45","2827.45"
2022,2023,"SWKE0253","SWKB1490","3056.86","0.00","531.34","0.00","0.00","0.00","17023.14","90.00","3917.36","285.37","4758.10","22883.13","4446.78","1017.29","7492.98"
2022,2023,"SWKE0174","SWKB1491","371.97","0.00","289.09","80.60","0.00","0.00","2417.78","10.00","343.32","0.00","297.10","6623.36","6537.01","871.95","35.77"
2022,2023,"SWKE0174","SWKB1492","671.14","0.00","0.00","496.28","0.00","0.00","3603.20","30.00","1021.30","0.00","798.82","6623.36","6537.01","871.95","35.77"
2022,2023,"SWKE0174","SWKB1493","982.55","0.00","0.00","593.46","0.00","250.08","6190.12","30.00","1040.54","0.00","875.94","6623.36","6537.01","871.95","35.77"
2022,2023,"SWKE0174","SWKB1494","256.10","0.00","0.00","177.91","0.00","75.19","1528.75","10.00","344.64","0.00","226.09","6623.36","6537.01","871.95","35.77"
2022,2023,"SWKE0201","SWKB1495","884.79","0.00","2908.52","26.74","0.00","0.00","0.00","70.00","2405.88","65.40","1317.15","36636.71","15477.74","7328.70","4457.84"
2022,2023,"SWKE0201","SWKB1496","387.82","0.00","325.00","129.25","0.00","0.00","0.00","40.00","1374.60","61.11","761.02","36636.71","15477.74","7328.70","4457.84"
2022,2023,"SWKE0329","SWKB1497","356.82","0.00","561.42","528.32","0.00","357.96","0.00","20.00","866.82","0.00","578.42","67056.41","57695.83","7120.45","2827.45"
2022,2023,"SWKE0329","SWKB1498","486.49","0.00","1390.14","420.22","0.00","186.86","0.00","30.00","1272.11","143.16","650.56","67056.41","57695.83","7120.45","2827.45"
2022,2023,"SWKE0329","SWKB1499","754.34","0.00","874.14","647.76","0.00","2594.52","0.00","40.00","1546.46","0.00","867.62","67056.41","57695.83","7120.45","2827.45"
2022,2023,"SWKE0329","SWKB1500","518.70","0.00","1493.25","613.89","0.00","402.90","0.00","30.00","1266.69","0.00","650.73","67056.41","57695.83","7120.45","2827.45"
2022,2023,"SWKE0329","SWKB1501","592.56","0.00","586.42","814.48","0.00","860.96","0.00","40.00","1699.76","0.00","866.58","67056.41","57695.83","7120.45","2827.45"
2022,2023,"SWKE0329","SWKB1502","796.88","0.00","2895.00","775.32","0.00","536.96","0.00","40.00","1688.92","192.16","867.64","67056.41","57695.83","7120.45","2827.45"
2022,2023,"SWKE0299","SWKB1503","617.70","0.00","873.09","34.56","0.00","0.00","3534.20","20.00","938.55","0.00","225.19","3953.86","2935.48","5156.26","898.71"
2022,2023,"SWKE0299","SWKB1504","230.03","0.00","33.81","0.00","0.00","0.00","1588.61","10.00","338.99","0.00","87.21","3953.86","2935.48","5156.26","898.71"
2022,2023,"SWKE0299","SWKB1505","1328.20","0.00","359.35","149.70","0.00","0.00","9193.40","50.00","1716.60","0.00","394.75","3953.86","2935.48","5156.26","898.71"
2022,2023,"SWKE0299","SWKB1506","385.84","0.00","0.00","0.00","0.00","0.00","2581.86","20.00","689.28","0.00","167.60","3953.86","2935.48","5156.26","898.71"
2022,2023,"SWKE0299","SWKB1507","1096.40","0.00","1326.95","250.10","0.00","0.00","6227.45","50.00","1723.20","0.00","387.60","3953.86","2935.48","5156.26","898.71"
2022,2023,"SWKE0105","SWKB1508","1683.50","0.00","5334.38","873.22","0.00","0.00","0.00","80.00","2749.20","0.00","2562.04","33935.52","17358.14","7283.26","5522.11"
2022,2023,"SWKE0109","SWKB1509","326.46","0.00","263.34","425.84","0.00","305.20","0.00","20.00","844.46","95.96","834.62","28993.09","13027.12","5731.74","8768.26"
2022,2023,"SWKE0109","SWKB1510","480.44","0.00","1457.68","458.54","0.00","418.86","0.00","20.00","855.30","62.44","973.74","28993.09","13027.12","5731.74","8768.26"
2022,2023,"SWKE0109","SWKB1511","775.37","0.00","837.43","942.85","0.00","991.91","0.00","40.00","1867.21","154.18","1857.75","28993.09","13027.12","5731.74","8768.26"
2022,2023,"SWKE0329","SWKB1512","1465.78","0.00","1895.01","444.56","0.00","0.00","0.00","180.00","5505.25","367.35","3026.84","67056.41","57695.83","7120.45","2827.45"
2022,2023,"SWKE0254","SWKB1513","1628.30","0.00","3245.48","6481.42","0.00","0.00","5236.08","20.00","761.22","55.35","52.52","28014.15","12841.99","3467.67","2878.73"
2022,2023,"SWKE0300","SWKB1514","254.10","0.00","136.36","59.74","0.00","0.00","0.00","20.00","844.46","65.42","478.56","592.83","794.40","47.58","0.00"
2022,2023,"SWKE0300","SWKB1515","134.75","0.00","81.00","94.01","0.00","0.00","0.00","10.00","422.23","32.71","239.28","592.83","794.40","47.58","0.00"
2022,2023,"SWKE0261","SWKB1516","1100.76","0.00","556.08","1008.72","0.00","275.70","5664.54","30.00","1029.96","171.72","1171.53","10869.53","2265.24","1514.86","332.26"
2022,2023,"SWKE0048","SWKB1517","0.00","0.00","45.53","823.75","0.00","1885.84","0.00","70.00","2966.45","278.96","3261.65","0.00","3803.49","4526.42","13547.48"
2022,2023,"SWKE0329","SWKB1518","622.06","0.00","449.38","696.41","0.00","436.96","0.00","50.00","1889.22","0.00","1524.77","67056.41","57695.83","7120.45","2827.45"
2022,2023,"SWKE0329","SWKB1519","201.44","0.00","299.70","407.82","0.00","70.05","0.00","10.00","427.65","175.43","338.28","67056.41","57695.83","7120.45","2827.45"
2022,2023,"SWKE0329","SWKB1520","648.09","0.00","445.63","554.29","0.00","705.45","0.00","50.00","1889.22","137.66","1524.77","67056.41","57695.83","7120.45","2827.45"
2022,2023,"SWKE0329","SWKB1521","490.95","0.00","1220.91","538.47","0.00","177.33","0.00","30.00","1266.69","0.00","946.41","67056.41","57695.83","7120.45","2827.45"
2022,2023,"SWKE0329","SWKB1522","291.70","0.00","538.96","112.54","0.00","135.94","0.00","20.00","855.30","0.00","683.42","67056.41","57695.83","7120.45","2827.45"
2022,2023,"SWKE0329","SWKB1523","396.66","0.00","281.04","328.86","0.00","239.70","0.00","30.00","1266.69","144.12","946.41","67056.41","57695.83","7120.45","2827.45"
2022,2023,"SWKE0119","SWKB1524","1912.47","0.00","1726.86","3292.94","4356.38","1396.84","0.00","80.00","2819.79","302.55","3757.98","7478.12","216.06","1046.96","743.96"
2022,2023,"SWKE0129","SWKB1525","332.76","0.00","461.49","341.28","0.00","0.00","0.00","30.00","1019.46","0.00","946.41","33233.44","15254.16","6285.16","4205.47"
2022,2023,"SWKE0349","SWKB1526","0.00","145.48","404.44","357.72","0.00","0.00","0.00","40.00","1355.96","3.84","1235.76","0.00","1582.45","2848.68","484.26"
2022,2023,"SWKE0349","SWKB1527","0.00","181.85","1187.80","244.75","0.00","0.00","0.00","50.00","1694.95","62.85","1544.70","0.00","1582.45","2848.68","484.26"
2022,2023,"SWKE0349","SWKB1528","0.00","127.29","164.55","209.34","0.00","0.00","0.00","30.00","1029.96","34.41","1081.26","0.00","1582.45","2848.68","484.26"
2022,2023,"SWKE0349","SWKB1529","0.00","145.48","1385.30","535.50","0.00","0.00","0.00","50.00","1694.95","22.12","1544.70","0.00","1582.45","2848.68","484.26"
2022,2023,"SWKE0217","SWKB1530","1438.02","0.00","1984.77","1424.88","0.00","3245.40","0.00","90.00","3050.91","294.30","1959.03","9768.12","4798.38","1490.04","1113.40"
2022,2023,"SWKE0261","SWKB1531","1872.93","0.00","661.30","1714.15","0.00","458.45","10315.75","50.00","1716.60","166.80","1828.65","10869.53","2265.24","1514.86","332.26"
2022,2023,"SWKE0208","SWKB1532","915.44","0.00","1627.86","948.14","0.00","1234.84","0.00","60.00","2399.88","207.14","1944.84","2403.71","5063.13","2800.57","1360.06"
2022,2023,"SWKE0041","SWKB1533","5217.45","0.00","12793.59","1197.54","0.00","0.00","24505.11","180.00","6152.67","212.64","3889.89","66294.63","43369.16","23493.13","6607.17"
2022,2023,"SWKE0304","SWKB1534","3298.12","0.00","2256.05","1699.82","0.00","2028.81","14397.21","120.00","4678.21","378.02","3961.31","2492.76","770.86","317.90","0.00"
2022,2023,"SWKE0189","SWKB1535","1365.86","0.00","926.13","803.89","0.00","829.85","7856.15","40.00","1373.74","0.00","850.33","2142.05","0.00","398.22","0.00"
2022,2023,"SWKE0189","SWKB1536","1148.13","0.00","393.48","431.34","0.00","0.00","7898.88","30.00","1016.97","0.00","775.98","2142.05","0.00","398.22","0.00"
2022,2023,"SWKE0305","SWKB1537","1274.35","0.00","2462.68","485.06","0.00","2383.26","0.00","80.00","2754.48","0.00","1815.62","2297.01","1480.06","157.06","910.50"
2022,2023,"SWKE0305","SWKB1538","726.86","0.00","2038.02","215.37","0.00","0.00","0.00","50.00","1719.24","0.00","1293.58","2297.01","1480.06","157.06","910.50"
2022,2023,"SWKE0306","SWKB1539","368.78","0.00","1544.24","383.54","0.00","0.00","0.00","20.00","689.28","62.30","821.16","179.60","0.00","7.74","0.00"
2022,2023,"SWKE0198","SWKB1540","546.51","0.00","360.09","313.41","0.00","0.00","0.00","60.00","2488.71","163.56","1052.79","10806.74","4473.97","1968.42","1238.25"
2022,2023,"SWKE0198","SWKB1541","92.69","0.00","58.53","43.08","0.00","0.00","0.00","10.00","427.65","0.00","197.47","10806.74","4473.97","1968.42","1238.25"
2022,2023,"SWKE0120","SWKB1542","558.01","0.00","972.32","1173.69","0.00","0.00","0.00","400.00","2757.12","0.00","0.00","14622.22","9062.23","5281.87","1329.84"
2022,2023,"SWKE0048","SWKB1543","0.00","0.00","459.59","1188.29","0.00","4416.84","0.00","120.00","5071.83","524.60","6272.96","0.00","3803.49","4526.42","13547.48"
2022,2023,"SWKE0262","SWKB1544","442.11","0.00","593.07","1044.24","0.00","0.00","0.00","30.00","1033.92","0.00","1005.78","2861.74","852.99","527.00","461.05"
2022,2023,"SWKE0308","SWKB1545","1331.78","0.00","1876.79","1142.97","0.00","0.00","0.00","100.00","4060.79","0.00","2563.57","2094.91","3000.62","489.48","24.51"
2022,2023,"SWKE0308","SWKB1546","277.50","0.00","456.40","409.64","0.00","0.00","0.00","20.00","677.98","0.00","567.18","2094.91","3000.62","489.48","24.51"
2022,2023,"SWKE0308","SWKB1547","443.18","0.00","91.77","600.39","0.00","0.00","0.00","40.00","1371.59","0.00","1095.99","2094.91","3000.62","489.48","24.51"
2022,2023,"SWKE0218","SWKB1548","2772.10","0.00","4407.92","1840.05","0.00","0.00","0.00","210.00","7752.56","0.00","7140.39","19320.99","3914.18","2309.77","420.49"
2022,2023,"SWKE0227","SWKB1549","987.54","0.00","1788.33","960.00","0.00","953.32","0.00","60.00","2301.21","0.00","2085.84","20224.97","9128.09","4000.84","2920.21"
2022,2023,"SWKE0112","SWKB1550","2594.66","0.00","2296.31","2620.49","0.00","3312.77","0.00","380.00","7508.22","276.21","4817.81","37372.02","29578.18","5048.69","2283.47"
2022,2023,"SWKE0112","SWKB1551","505.45","0.00","182.82","364.63","0.00","794.71","0.00","40.00","1534.34","61.80","1111.48","37372.02","29578.18","5048.69","2283.47"
2022,2023,"SWKE0210","SWKB1552","2488.60","0.00","2617.70","420.20","0.00","0.00","13540.80","100.00","3446.40","0.00","2892.80","18399.95","6510.11","3421.44","2839.76"
2022,2023,"SWKE0309","SWKB1553","2137.39","0.00","2976.97","10709.42","0.00","0.00","0.00","60.00","2472.05","0.00","2184.24","799.08","1550.08","296.93","385.15"
2022,2023,"SWKE0033","SWKB1554","873.98","0.00","756.60","459.27","0.00","0.00","0.00","260.00","2805.85","227.48","2711.33","8881.31","3400.90","2480.48","1457.53"
2022,2023,"SWKE0033","SWKB1555","252.06","0.00","43.06","387.38","0.00","0.00","0.00","20.00","798.03","65.64","729.38","8881.31","3400.90","2480.48","1457.53"
2022,2023,"SWKE0311","SWKB1556","450.65","0.00","777.18","371.35","0.00","0.00","0.00","40.00","1688.92","110.95","215.48","128.91","857.13","310.38","46.09"
2022,2023,"SWKE0302","SWKB1557","7492.26","0.00","13336.84","2421.33","0.00","3972.84","17946.46","350.00","12211.26","1121.14","9082.67","11188.21","2938.39","962.50","720.79"
2022,2023,"SWKE0192","SWKB1558","814.56","0.00","818.76","0.00","0.00","0.00","4588.88","40.00","1378.56","0.00","488.52","4042.15","1352.88","1512.56","1799.51"
2022,2023,"SWKE0312","SWKB1559","0.00","0.00","755.18","781.38","0.00","0.00","0.00","100.00","3519.68","0.00","4491.40","0.00","2862.65","681.31","88.45"
2022,2023,"SWKE0312","SWKB1560","0.00","0.00","305.76","1309.57","0.00","0.00","0.00","130.00","5129.01","0.00","5648.29","0.00","2862.65","681.31","88.45"
2022,2023,"SWKE0128","SWKB1561","682.09","0.00","218.00","565.67","0.00","737.06","0.00","70.00","2800.43","0.00","1334.54","2797.23","3516.92","1028.32","1469.94"
2022,2023,"SWKE0128","SWKB1562","237.25","0.00","202.16","225.49","0.00","0.00","0.00","30.00","1022.96","0.00","485.03","2797.23","3516.92","1028.32","1469.94"
2022,2023,"SWKE0316","SWKB1563","1636.47","0.00","2598.31","1439.35","0.00","2472.58","0.00","110.00","4644.53","361.57","2450.69","29606.81","8008.07","3575.40","1671.91"
2022,2023,"SWKE0128","SWKB1564","256.41","0.00","20.31","179.37","0.00","397.77","0.00","30.00","1033.92","0.00","495.90","2797.23","3516.92","1028.32","1469.94"
2022,2023,"SWKE0128","SWKB1565","405.04","0.00","0.00","1113.86","0.00","0.00","0.00","40.00","1369.78","0.00","838.86","2797.23","3516.92","1028.32","1469.94"
2022,2023,"SWKE0313","SWKB1566","603.60","0.00","350.13","180.08","0.00","0.00","0.00","70.00","2462.99","0.00","1252.34","1026.80","1062.20","113.05","72.10"
2022,2023,"SWKE0313","SWKB1567","185.26","0.00","224.98","59.60","0.00","0.00","0.00","20.00","689.28","0.00","394.80","1026.80","1062.20","113.05","72.10"
2022,2023,"SWKE0314","SWKB1568","1005.60","0.00","457.52","942.72","0.00","0.00","0.00","80.00","3377.84","90.08","1843.20","1686.00","1305.36","157.60","195.92"
2022,2023,"SWKE0128","SWKB1569","1347.65","0.00","3051.28","599.83","0.00","1209.44","0.00","120.00","4122.94","0.00","2425.47","2797.23","3516.92","1028.32","1469.94"
2022,2023,"SWKE0315","SWKB1570","0.00","0.00","3701.01","3022.92","0.00","0.00","0.00","220.00","7695.89","135.89","8608.53","0.00","3105.10","132.94","0.00"
2022,2023,"SWKE0316","SWKB1571","2467.04","0.00","3660.00","1120.48","0.00","7209.76","0.00","160.00","5423.84","0.00","3768.80","29606.81","8008.07","3575.40","1671.91"
2022,2023,"SWKE0128","SWKB1572","467.04","0.00","1167.81","79.62","0.00","766.05","0.00","30.00","1282.95","0.00","762.39","2797.23","3516.92","1028.32","1469.94"
2022,2023,"SWKE0128","SWKB1573","241.14","0.00","464.12","18.42","0.00","232.72","0.00","20.00","844.46","0.00","502.16","2797.23","3516.92","1028.32","1469.94"
2022,2023,"SWKE0128","SWKB1574","404.07","0.00","900.46","28.76","0.00","413.34","0.00","20.00","1288.71","0.00","768.62","2797.23","3516.92","1028.32","1469.94"
2022,2023,"SWKE0128","SWKB1575","343.17","0.00","1272.44","37.16","0.00","300.10","0.00","20.00","861.06","0.00","524.06","2797.23","3516.92","1028.32","1469.94"
2022,2023,"SWKE0128","SWKB1576","253.36","0.00","202.70","35.50","0.00","599.28","0.00","20.00","844.46","0.00","502.16","2797.23","3516.92","1028.32","1469.94"
2022,2023,"SWKE0128","SWKB1577","387.36","0.00","350.76","28.41","0.00","837.63","0.00","30.00","1282.95","0.00","762.39","2797.23","3516.92","1028.32","1469.94"
2022,2023,"SWKE0128","SWKB1578","410.93","0.00","634.68","215.53","0.00","485.07","0.00","80.00","1612.40","0.00","619.23","2797.23","3516.92","1028.32","1469.94"
2022,2023,"SWKE0128","SWKB1579","181.11","0.00","149.52","289.35","0.00","0.00","0.00","20.00","683.14","0.00","368.81","2797.23","3516.92","1028.32","1469.94"
2022,2023,"SWKE0316","SWKB1580","2931.89","0.00","2652.16","1801.63","0.00","3488.36","0.00","270.00","9158.54","0.00","6841.30","29606.81","8008.07","3575.40","1671.91"
2022,2023,"SWKE0129","SWKB1581","4456.96","0.00","1116.16","22393.76","0.00","0.00","13241.60","80.00","2746.56","0.00","2462.96","33233.44","15254.16","6285.16","4205.47"
2022,2023,"SWKE0017","SWKB1582","565.65","0.00","1474.55","143.90","0.00","0.00","0.00","50.00","1699.10","0.00","1286.15","11038.97","3490.54","1723.70","13544.02"
2022,2023,"SWKE0120","SWKB1583","598.26","0.00","872.61","835.59","0.00","0.00","0.00","240.00","2125.86","0.00","1486.02","14622.22","9062.23","5281.87","1329.84"
2022,2023,"SWKE0222","SWKB1584","420.53","0.00","77.35","2735.84","0.00","0.00","0.00","10.00","422.23","59.96","266.57","1336.13","943.69","186.34","0.00"
2022,2023,"SWKE0222","SWKB1585","360.85","0.00","29.70","2482.49","0.00","0.00","0.00","10.00","344.64","0.00","215.55","1336.13","943.69","186.34","0.00"
2022,2023,"SWKE0145","SWKB1586","282.21","0.00","149.29","400.30","0.00","0.00","0.00","20.00","855.64","76.31","900.29","28851.81","12285.67","6990.17","3304.06"
2022,2023,"SWKE0145","SWKB1587","320.58","0.00","668.53","371.71","0.00","0.00","0.00","20.00","849.88","70.86","835.99","28851.81","12285.67","6990.17","3304.06"
2022,2023,"SWKE0087","SWKB1588","116.34","0.00","9.54","29.46","0.00","0.00","0.00","20.00","686.64","0.00","30.00","9590.04","5415.19","1480.71","1213.61"
2022,2023,"SWKE0087","SWKB1589","825.58","0.00","305.55","154.84","0.00","0.00","0.00","60.00","2403.24","0.00","3964.87","9590.04","5415.19","1480.71","1213.61"
2022,2023,"SWKE0218","SWKB1590","1318.78","0.00","3128.24","332.24","0.00","0.00","0.00","110.00","4005.54","0.00","2740.32","19320.99","3914.18","2309.77","420.49"
2022,2023,"SWKE0218","SWKB1591","528.35","0.00","690.64","287.05","0.00","0.00","0.00","240.00","1800.07","0.00","1180.69","19320.99","3914.18","2309.77","420.49"
2022,2023,"SWKE0218","SWKB1592","690.04","0.00","1703.26","152.47","0.00","0.00","0.00","60.00","2128.82","0.00","1401.45","19320.99","3914.18","2309.77","420.49"
2022,2023,"SWKE0307","SWKB1593","2175.29","0.00","1835.83","12358.15","0.00","0.00","0.00","70.00","2596.66","104.46","2351.59","10327.23","10931.39","1722.40","2244.32"
2022,2023,"SWKE0307","SWKB1594","1630.19","0.00","388.45","9881.65","0.00","0.00","0.00","60.00","2156.63","0.00","1794.69","10327.23","10931.39","1722.40","2244.32"
2022,2023,"SWKE0307","SWKB1595","5318.00","0.00","1624.70","23168.90","0.00","0.00","19856.60","100.00","3389.90","359.00","1943.70","10327.23","10931.39","1722.40","2244.32"
2022,2023,"SWKE0307","SWKB1596","1251.70","0.00","237.28","5759.36","0.00","0.00","4629.78","20.00","677.98","130.82","514.44","10327.23","10931.39","1722.40","2244.32"
2022,2023,"SWKE0307","SWKB1597","7258.42","0.00","5118.36","30309.37","0.00","0.00","26109.33","120.00","4406.87","425.10","2526.81","10327.23","10931.39","1722.40","2244.32"
2022,2023,"SWKE0011","SWKB1598","649.97","0.00","231.18","328.68","0.00","1088.47","0.00","60.00","2461.21","0.00","1218.36","3952.45","5387.09","1141.47","489.61"
2022,2023,"SWKE0045","SWKB1599","1173.94","0.00","563.13","468.13","0.00","0.00","6395.01","30.00","1272.11","98.10","1686.25","21208.02","7811.54","2210.07","2040.28"
2022,2023,"SWKE0045","SWKB1600","676.14","0.00","204.60","973.68","0.00","0.00","3447.80","20.00","689.28","65.42","719.26","21208.02","7811.54","2210.07","2040.28"
2022,2023,"SWKE0045","SWKB1601","860.37","0.00","184.77","669.42","0.00","0.00","4546.53","30.00","1033.92","98.13","1078.89","21208.02","7811.54","2210.07","2040.28"
2022,2023,"SWKE0045","SWKB1602","341.51","0.00","493.78","222.60","0.00","0.00","1631.02","10.00","344.64","32.71","359.63","21208.02","7811.54","2210.07","2040.28"
2022,2023,"SWKE0045","SWKB1603","323.19","0.00","385.72","205.05","0.00","0.00","1573.42","10.00","344.64","32.71","359.63","21208.02","7811.54","2210.07","2040.28"
2022,2023,"SWKE0045","SWKB1604","620.08","0.00","379.02","452.86","0.00","0.00","3233.46","20.00","689.28","65.42","719.26","21208.02","7811.54","2210.07","2040.28"
2022,2023,"SWKE0045","SWKB1605","652.38","0.00","895.52","281.38","0.00","0.00","3273.00","20.00","689.28","0.00","723.22","21208.02","7811.54","2210.07","2040.28"
2022,2023,"SWKE0045","SWKB1606","293.21","0.00","91.90","237.78","0.00","0.00","1533.76","10.00","344.64","31.65","361.61","21208.02","7811.54","2210.07","2040.28"
2022,2023,"SWKE0045","SWKB1607","673.60","0.00","520.58","469.42","0.00","0.00","3469.65","20.00","683.63","69.63","795.55","21208.02","7811.54","2210.07","2040.28"
2022,2023,"SWKE0045","SWKB1608","593.04","0.00","232.54","409.32","0.00","0.00","3151.36","10.00","689.28","63.30","723.22","21208.02","7811.54","2210.07","2040.28"
2022,2023,"SWKE0045","SWKB1609","304.16","0.00","45.49","178.90","0.00","0.00","1748.56","10.00","344.64","31.65","361.61","21208.02","7811.54","2210.07","2040.28"
2022,2023,"SWKE0045","SWKB1610","728.25","0.00","139.68","437.93","0.00","0.00","4428.41","20.00","683.63","69.63","795.55","21208.02","7811.54","2210.07","2040.28"
2022,2023,"SWKE0045","SWKB1611","928.89","0.00","423.04","651.45","0.00","0.00","4869.35","30.00","1028.27","101.28","1157.16","21208.02","7811.54","2210.07","2040.28"
2022,2023,"SWKE0045","SWKB1612","345.00","0.00","171.58","251.98","0.00","0.00","1818.62","10.00","338.99","37.98","433.94","21208.02","7811.54","2210.07","2040.28"
2022,2023,"SWKE0045","SWKB1613","655.36","0.00","123.73","484.97","0.00","0.00","3668.44","20.00","683.63","69.63","795.55","21208.02","7811.54","2210.07","2040.28"
2022,2023,"SWKE0045","SWKB1614","899.04","0.00","178.75","410.08","0.00","0.00","5056.58","30.00","1028.27","101.28","1157.16","21208.02","7811.54","2210.07","2040.28"
2022,2023,"SWKE0045","SWKB1615","303.51","0.00","171.40","273.37","0.00","0.00","1521.67","10.00","344.64","31.65","361.61","21208.02","7811.54","2210.07","2040.28"
2022,2023,"SWKE0122","SWKB1616","123.06","0.00","0.00","0.00","0.00","0.00","0.00","20.00","0.00","0.00","0.00","20294.21","4938.76","614.23","5108.91"
2022,2023,"SWKE0122","SWKB1617","66.26","0.00","0.00","0.00","0.00","0.00","0.00","10.00","0.00","0.00","0.00","20294.21","4938.76","614.23","5108.91"
2022,2023,"SWKE0122","SWKB1618","198.81","0.00","0.00","0.00","0.00","0.00","0.00","30.00","0.00","0.00","0.00","20294.21","4938.76","614.23","5108.91"
2022,2023,"SWKE0288","SWKB1619","3277.14","0.00","4705.74","2625.35","0.00","0.00","0.00","270.00","11903.74","320.53","8311.43","36388.87","15134.54","3958.58","5509.76"
2022,2023,"SWKE0263","SWKB1620","324.78","0.00","478.82","242.90","0.00","0.00","0.00","20.00","844.46","0.00","769.20","15356.34","6185.99","5900.07","2608.91"
2022,2023,"SWKE0192","SWKB1621","1045.29","0.00","427.38","31.11","0.00","0.00","6030.45","60.00","2053.38","0.00","735.15","4042.15","1352.88","1512.56","1799.51"
2022,2023,"SWKE0123","SWKB1622","1103.10","0.00","2312.35","1859.15","0.00","0.00","0.00","50.00","1716.60","245.25","1759.05","5826.56","3704.64","1066.01","253.53"
2022,2023,"SWKE0329","SWKB1623","488.64","0.00","1851.72","317.73","0.00","0.00","0.00","30.00","1282.95","0.00","547.77","67056.41","57695.83","7120.45","2827.45"
2022,2023,"SWKE0329","SWKB1624","747.60","0.00","293.35","721.85","0.00","0.00","0.00","70.00","3021.91","0.00","1301.05","67056.41","57695.83","7120.45","2827.45"
2022,2023,"SWKE0329","SWKB1625","454.60","0.00","38.20","310.40","0.00","0.00","0.00","40.00","1710.60","0.00","1305.20","67056.41","57695.83","7120.45","2827.45"
2022,2023,"SWKE0317","SWKB1626","327.07","0.00","0.00","572.96","0.00","0.00","0.00","30.00","1533.74","232.80","304.31","190.20","344.32","92.22","0.00"
2022,2023,"SWKE0275","SWKB1627","1182.95","0.00","736.05","641.10","0.00","947.10","6451.65","240.00","1723.20","0.00","866.55","1037.38","1282.91","295.97","242.45"
2022,2023,"SWKE0318","SWKB1628","0.00","0.00","3575.25","939.88","0.00","4615.68","21247.00","190.00","6501.90","1187.40","6281.75","0.00","1271.39","587.99","0.00"
2022,2023,"SWKE0008","SWKB1629","1778.78","0.00","4296.40","1396.07","0.00","0.00","0.00","160.00","5959.44","0.00","3921.93","3589.01","3127.38","2324.56","3032.25"
2022,2023,"SWKE0320","SWKB1630","157.61","0.00","558.96","74.86","0.00","0.00","0.00","10.00","344.64","31.15","423.40","89.80","39.82","13.48","0.00"
2022,2023,"SWKE0319","SWKB1631","652.67","0.00","429.85","476.90","0.00","0.00","0.00","50.00","2027.91","68.15","2498.60","808.30","0.00","216.85","0.00"
2022,2023,"SWKE0321","SWKB1632","358.10","0.00","1111.64","166.20","0.00","0.00","0.00","20.00","689.28","65.42","1185.52","251.44","111.50","0.00","0.00"
2022,2023,"SWKE0322","SWKB1633","190.67","0.00","942.33","65.33","0.00","0.00","0.00","10.00","344.64","32.70","395.17","83.81","37.17","5.59","0.00"
2022,2023,"SWKE0033","SWKB1634","478.16","0.00","144.40","575.78","0.00","0.00","0.00","40.00","1533.74","122.06","1450.60","8881.31","3400.90","2480.48","1457.53"
2022,2023,"SWKE0323","SWKB1635","0.00","0.00","0.00","0.00","0.00","0.00","0.00","20.00","0.00","0.00","0.00","0.00","449.17","23.33","22.26"
2022,2023,"SWKE0323","SWKB1636","38.00","0.00","33.32","0.00","0.00","0.00","0.00","30.00","344.64","0.00","0.00","0.00","449.17","23.33","22.26"
2022,2023,"SWKE0323","SWKB1639","0.00","0.00","0.00","0.00","0.00","0.00","0.00","20.00","0.00","0.00","0.00","0.00","449.17","23.33","22.26"
2022,2023,"SWKE0324","SWKB1640","0.00","0.00","0.00","0.00","0.00","0.00","0.00","20.00","0.00","0.00","0.00","107.58","13.33","16.92","26.16"
2022,2023,"SWKE0323","SWKB1641","0.00","0.00","0.00","0.00","0.00","0.00","0.00","20.00","0.00","0.00","0.00","0.00","449.17","23.33","22.26"
2022,2023,"SWKE0324","SWKB1642","0.00","0.00","0.00","0.00","0.00","0.00","0.00","10.00","0.00","0.00","0.00","107.58","13.33","16.92","26.16"
2022,2023,"SWKE0324","SWKB1643","0.00","0.00","0.00","0.00","0.00","0.00","0.00","10.00","0.00","0.00","0.00","107.58","13.33","16.92","26.16"
2022,2023,"SWKE0324","SWKB1644","0.00","0.00","0.00","0.00","0.00","0.00","0.00","10.00","0.00","0.00","0.00","107.58","13.33","16.92","26.16"
2022,2023,"SWKE0323","SWKB1645","0.00","0.00","0.00","0.00","0.00","0.00","0.00","10.00","0.00","0.00","0.00","0.00","449.17","23.33","22.26"
2022,2023,"SWKE0323","SWKB1646","83.38","0.00","0.00","109.90","0.00","0.00","0.00","10.00","422.23","0.00","242.49","0.00","449.17","23.33","22.26"
2022,2023,"SWKE0323","SWKB1647","371.65","0.00","0.00","636.25","0.00","0.00","0.00","50.00","2111.15","0.00","673.50","0.00","449.17","23.33","22.26"
2022,2023,"SWKE0323","SWKB1648","6.90","0.00","0.00","0.00","0.00","0.00","0.00","210.00","0.00","0.00","0.00","0.00","449.17","23.33","22.26"
2022,2023,"SWKE0092","SWKB1649","293.35","0.00","37.72","6.66","0.00","0.00","1974.30","10.00","338.99","0.00","157.39","25129.33","3853.35","3984.36","858.81"
2022,2023,"SWKE0092","SWKB1650","853.67","0.00","1398.10","120.94","0.00","0.00","4689.19","20.00","766.87","0.00","794.49","25129.33","3853.35","3984.36","858.81"
2022,2023,"SWKE0325","SWKB1651","493.40","0.00","2318.70","222.85","0.00","0.00","0.00","50.00","2111.15","61.30","0.00","0.00","0.00","219.75","0.00"
2022,2023,"SWKE0326","SWKB1652","305.70","0.00","565.68","220.58","0.00","0.00","0.00","20.00","677.98","0.00","587.92","823.63","3740.16","822.12","1145.24"
2022,2023,"SWKE0326","SWKB1653","1049.92","0.00","3862.60","495.18","0.00","0.00","0.00","50.00","1960.93","0.00","1417.17","823.63","3740.16","822.12","1145.24"
2022,2023,"SWKE0326","SWKB1654","794.64","0.00","1382.90","444.79","0.00","0.00","0.00","50.00","1875.51","0.00","1480.00","823.63","3740.16","822.12","1145.24"
2022,2023,"SWKE0198","SWKB1655","984.16","0.00","1413.40","460.80","0.00","0.00","0.00","90.00","3805.49","219.16","2374.81","10806.74","4473.97","1968.42","1238.25"
2022,2023,"SWKE0109","SWKB1656","486.69","0.00","442.42","732.98","0.00","636.45","0.00","30.00","1189.10","96.68","1067.68","28993.09","13027.12","5731.74","8768.26"
2022,2023,"SWKE0109","SWKB1657","1081.64","0.00","1132.06","1484.88","0.00","0.00","0.00","80.00","3151.69","260.40","2888.91","28993.09","13027.12","5731.74","8768.26"
2022,2023,"SWKE0109","SWKB1658","1230.08","0.00","1121.75","2535.80","0.00","2702.63","0.00","50.00","2138.59","159.74","2198.05","28993.09","13027.12","5731.74","8768.26"
2022,2023,"SWKE0109","SWKB1659","348.20","0.00","625.39","429.55","0.00","376.35","0.00","210.00","766.87","68.53","761.26","28993.09","13027.12","5731.74","8768.26"
2022,2023,"SWKE0109","SWKB1660","822.55","0.00","1371.13","834.28","0.00","1069.82","0.00","40.00","1727.88","141.48","1801.60","28993.09","13027.12","5731.74","8768.26"
2022,2023,"SWKE0109","SWKB1661","1059.49","0.00","1887.74","1099.73","0.00","1473.04","0.00","60.00","2450.97","145.06","2135.37","28993.09","13027.12","5731.74","8768.26"
2022,2023,"SWKE0109","SWKB1662","564.60","0.00","787.27","607.71","0.00","0.00","0.00","40.00","1617.35","135.87","1507.26","28993.09","13027.12","5731.74","8768.26"
2022,2023,"SWKE0329","SWKB1663","1333.91","0.00","5352.68","744.64","0.00","0.00","0.00","280.00","3190.97","0.00","1856.40","67056.41","57695.83","7120.45","2827.45"
2022,2023,"SWKE0329","SWKB1664","648.37","0.00","1828.91","362.04","0.00","0.00","0.00","50.00","1955.74","0.00","1071.00","67056.41","57695.83","7120.45","2827.45"
2022,2023,"SWKE0167","SWKB1665","0.00","0.00","0.00","0.00","0.00","0.00","1552.94","10.00","344.64","0.00","0.00","0.00","8844.81","560.26","5127.13"
2022,2023,"SWKE0330","SWKB1666","1978.96","0.00","3295.38","1541.28","0.00","2810.50","0.00","120.00","4911.58","396.28","5790.28","873.94","0.00","170.10","0.00"
2022,2023,"SWKE0112","SWKB1667","1802.63","0.00","8187.28","232.44","0.00","0.00","0.00","70.00","3412.12","0.00","3956.75","37372.02","29578.18","5048.69","2283.47"
2022,2023,"SWKE0331","SWKB1668","613.00","0.00","467.60","773.52","0.00","0.00","0.00","40.00","1355.96","0.00","1504.80","8422.69","4764.21","1523.48","1088.32"
2022,2023,"SWKE0331","SWKB1669","135.37","0.00","47.96","73.83","0.00","0.00","0.00","10.00","344.64","63.59","401.14","8422.69","4764.21","1523.48","1088.32"
2022,2023,"SWKE0331","SWKB1670","631.68","0.00","745.44","739.84","0.00","0.00","0.00","40.00","1355.96","0.00","1447.36","8422.69","4764.21","1523.48","1088.32"
2022,2023,"SWKE0331","SWKB1671","745.45","0.00","419.90","923.10","0.00","0.00","0.00","50.00","1694.95","0.00","1881.00","8422.69","4764.21","1523.48","1088.32"
2022,2023,"SWKE0329","SWKB1672","214.31","0.00","141.74","15.72","0.00","0.00","1186.99","10.00","339.82","0.00","290.06","67056.41","57695.83","7120.45","2827.45"
2022,2023,"SWKE0109","SWKB1673","773.57","0.00","3483.61","873.88","0.00","590.06","0.00","20.00","1189.10","96.68","800.81","28993.09","13027.12","5731.74","8768.26"
2022,2023,"SWKE0109","SWKB1674","572.84","0.00","214.28","1531.44","0.00","0.00","0.00","40.00","1688.92","172.68","1130.64","28993.09","13027.12","5731.74","8768.26"
2022,2023,"SWKE0109","SWKB1675","826.59","0.00","1778.94","1110.15","0.00","1162.08","0.00","40.00","1705.52","123.22","1271.80","28993.09","13027.12","5731.74","8768.26"
2022,2023,"SWKE0109","SWKB1676","245.52","0.00","495.83","350.57","0.00","618.34","0.00","200.00","422.23","37.98","282.64","28993.09","13027.12","5731.74","8768.26"
2022,2023,"SWKE0109","SWKB1677","450.35","0.00","989.31","798.14","0.00","658.03","0.00","20.00","849.88","59.33","612.35","28993.09","13027.12","5731.74","8768.26"
2022,2023,"SWKE0109","SWKB1678","1086.50","0.00","2698.15","1661.95","0.00","1574.40","0.00","50.00","2111.15","168.20","1413.05","28993.09","13027.12","5731.74","8768.26"
2022,2023,"SWKE0109","SWKB1679","705.21","0.00","735.36","1534.63","0.00","0.00","0.00","50.00","1879.58","516.29","1271.85","28993.09","13027.12","5731.74","8768.26"
2022,2023,"SWKE0116","SWKB1680","749.85","0.00","1025.22","79.53","0.00","0.00","4799.97","30.00","1033.92","0.00","0.00","659.70","705.33","268.74","45.54"
2022,2023,"SWKE0201","SWKB1681","1014.07","0.00","1106.98","1057.11","0.00","1812.56","0.00","50.00","1978.33","311.88","2363.20","36636.71","15477.74","7328.70","4457.84"
2022,2023,"SWKE0288","SWKB1682","2857.86","0.00","6397.02","2538.20","0.00","0.00","0.00","240.00","10010.86","0.00","5599.86","36388.87","15134.54","3958.58","5509.76"
2022,2023,"SWKE0048","SWKB1683","0.00","0.00","376.80","1266.42","0.00","2325.90","0.00","130.00","5027.45","169.81","5823.47","0.00","3803.49","4526.42","13547.48"
2022,2023,"SWKE0048","SWKB1684","0.00","0.00","422.24","890.51","0.00","1467.85","0.00","60.00","2472.05","157.26","2627.32","0.00","3803.49","4526.42","13547.48"
2022,2023,"SWKE0198","SWKB1685","987.10","0.00","5555.35","510.19","0.00","0.00","0.00","50.00","1881.69","159.55","906.38","10806.74","4473.97","1968.42","1238.25"
2022,2023,"SWKE0122","SWKB1686","170.40","0.00","0.00","0.00","0.00","0.00","0.00","30.00","0.00","0.00","0.00","20294.21","4938.76","614.23","5108.91"
2022,2023,"SWKE0268","SWKB1687","1502.34","0.00","2805.74","1949.78","0.00","0.00","0.00","70.00","2955.61","228.90","2102.66","8828.25","3319.91","1881.60","21548.45"
2022,2023,"SWKE0254","SWKB1688","3263.43","0.00","1568.91","1136.17","0.00","0.00","22451.10","110.00","2487.57","228.90","2920.61","28014.15","12841.99","3467.67","2878.73"
2022,2023,"SWKE0254","SWKB1689","1235.88","0.00","2379.93","650.22","0.00","0.00","6569.37","30.00","1033.92","109.02","1052.73","28014.15","12841.99","3467.67","2878.73"
2022,2023,"SWKE0254","SWKB1690","1669.69","0.00","852.11","270.20","0.00","0.00","9989.35","40.00","1454.83","1998.53","1267.80","28014.15","12841.99","3467.67","2878.73"
2022,2023,"SWKE0001","SWKB1691","2078.75","0.00","3496.20","1166.79","0.00","0.00","5878.47","90.00","3093.84","996.40","3579.78","4216.67","1084.33","457.19","162.57"
2022,2023,"SWKE0332","SWKB1692","369.90","0.00","286.38","328.35","0.00","0.00","0.00","220.00","1033.92","0.00","227.91","123.25","1513.16","298.56","494.88"
2022,2023,"SWKE0332","SWKB1693","178.72","0.00","515.70","182.15","0.00","0.00","0.00","10.00","344.64","0.00","137.24","123.25","1513.16","298.56","494.88"
2022,2023,"SWKE0333","SWKB1694","825.92","0.00","2145.45","463.14","0.00","0.00","0.00","50.00","2296.65","0.00","410.37","410.37","2153.25","128.82","250.98"
2022,2023,"SWKE0328","SWKB1695","1473.65","0.00","1423.85","1221.30","0.00","0.00","6750.50","50.00","1723.20","163.50","1256.10","16278.41","33261.27","7166.77","1330.05"
2022,2023,"SWKE0316","SWKB1696","925.80","0.00","1400.88","902.58","0.00","1347.06","0.00","60.00","2533.38","0.00","1766.28","29606.81","8008.07","3575.40","1671.91"
2022,2023,"SWKE0316","SWKB1697","950.16","0.00","1505.28","1186.80","0.00","1202.40","0.00","60.00","2533.38","0.00","1766.28","29606.81","8008.07","3575.40","1671.91"
2022,2023,"SWKE0316","SWKB1698","813.65","0.00","1717.30","858.30","0.00","887.90","0.00","50.00","2111.15","0.00","1471.90","29606.81","8008.07","3575.40","1671.91"
2022,2023,"SWKE0011","SWKB1699","797.13","0.00","2157.20","223.09","0.00","1269.31","0.00","50.00","2132.83","0.00","1082.02","3952.45","5387.09","1141.47","489.61"
2022,2023,"SWKE0334","SWKB1700","196.43","0.00","114.14","768.50","0.00","0.00","0.00","10.00","339.82","50.27","251.04","14317.21","8641.78","3073.47","175.89"
2022,2023,"SWKE0334","SWKB1701","475.72","0.00","63.90","97.53","0.00","0.00","0.00","30.00","1194.52","289.44","1129.60","14317.21","8641.78","3073.47","175.89"
2022,2023,"SWKE0334","SWKB1702","1685.11","0.00","5815.73","602.55","0.00","0.00","0.00","70.00","2884.38","287.54","2635.86","14317.21","8641.78","3073.47","175.89"
2022,2023,"SWKE0334","SWKB1703","628.45","0.00","143.15","197.29","0.00","0.00","0.00","40.00","1622.17","0.00","1568.96","14317.21","8641.78","3073.47","175.89"
2022,2023,"SWKE0334","SWKB1704","454.37","0.00","401.41","170.34","0.00","0.00","0.00","30.00","1111.51","94.34","1004.13","14317.21","8641.78","3073.47","175.89"
2022,2023,"SWKE0334","SWKB1705","461.61","0.00","198.62","238.28","0.00","0.00","0.00","30.00","1189.10","73.90","1044.20","14317.21","8641.78","3073.47","175.89"
2022,2023,"SWKE0334","SWKB1706","474.15","0.00","28.53","189.81","0.00","0.00","0.00","30.00","1266.69","144.69","1129.65","14317.21","8641.78","3073.47","175.89"
2022,2023,"SWKE0334","SWKB1707","272.94","0.00","132.08","179.12","0.00","0.00","0.00","10.00","689.28","0.00","627.62","14317.21","8641.78","3073.47","175.89"
2022,2023,"SWKE0334","SWKB1708","142.69","0.00","83.16","86.51","0.00","0.00","0.00","10.00","344.64","48.23","313.79","14317.21","8641.78","3073.47","175.89"
2022,2023,"SWKE0334","SWKB1709","571.54","0.00","85.14","293.14","0.00","0.00","0.00","40.00","1533.74","0.00","1380.78","14317.21","8641.78","3073.47","175.89"
2022,2023,"SWKE0334","SWKB1710","1782.49","0.00","404.20","2375.34","0.00","0.00","0.00","110.00","4112.58","386.99","3828.13","14317.21","8641.78","3073.47","175.89"
2022,2023,"SWKE0167","SWKB1711","0.00","0.00","113.30","500.12","0.00","0.00","0.00","20.00","677.98","0.00","407.08","0.00","8844.81","560.26","5127.13"
2022,2023,"SWKE0167","SWKB1712","0.00","0.00","138.79","247.22","0.00","0.00","0.00","10.00","347.95","0.00","271.39","0.00","8844.81","560.26","5127.13"
2022,2023,"SWKE0026","SWKB1713","930.36","0.00","638.69","712.88","0.00","935.86","0.00","70.00","2429.03","98.10","3010.50","6995.63","3868.29","1062.43","729.71"
2022,2023,"SWKE0227","SWKB1714","1760.55","0.00","1779.00","1022.25","0.00","0.00","0.00","140.00","5149.80","0.00","3970.05","20224.97","9128.09","4000.84","2920.21"
2022,2023,"SWKE0120","SWKB1715","788.47","0.00","1715.32","1239.20","0.00","0.00","0.00","450.00","2338.87","0.00","1765.07","14622.22","9062.23","5281.87","1329.84"
2022,2023,"SWKE0255","SWKB1716","1771.12","0.00","4360.52","791.26","0.00","0.00","0.00","110.00","4666.21","0.00","3954.52","8620.80","4451.99","542.09","887.86"
2022,2023,"SWKE0026","SWKB1717","1043.62","0.00","489.72","375.50","0.00","0.00","6178.37","40.00","1356.79","0.00","1379.70","6995.63","3868.29","1062.43","729.71"
2022,2023,"SWKE0335","SWKB1718","38.25","0.00","0.00","0.00","0.00","0.00","0.00","10.00","344.64","0.00","0.00","0.00","0.00","0.00","37.81"
2022,2023,"SWKE0336","SWKB1719","4802.53","0.00","3602.71","1361.88","0.00","4142.95","24010.70","170.00","5829.04","0.00","4128.57","6879.01","2230.54","652.45","95.29"
2022,2023,"SWKE0336","SWKB1720","5430.96","0.00","4141.60","5896.72","0.00","4566.34","23843.75","160.00","6697.39","557.28","3697.99","6879.01","2230.54","652.45","95.29"
2022,2023,"SWKE0316","SWKB1721","1216.44","0.00","1587.42","1372.41","0.00","1226.61","0.00","90.00","3089.88","0.00","2599.47","29606.81","8008.07","3575.40","1671.91"
2022,2023,"SWKE0109","SWKB1722","586.27","0.00","406.30","1021.02","0.00","935.55","0.00","80.00","1456.15","121.21","1055.92","28993.09","13027.12","5731.74","8768.26"
2022,2023,"SWKE0109","SWKB1723","1278.11","0.00","572.43","1982.43","0.00","2421.13","0.00","70.00","2999.31","228.21","2514.07","28993.09","13027.12","5731.74","8768.26"
2022,2023,"SWKE0109","SWKB1724","670.88","0.00","973.97","1129.15","0.00","757.88","0.00","40.00","1611.33","130.80","1156.59","28993.09","13027.12","5731.74","8768.26"
2022,2023,"SWKE0294","SWKB1725","74.57","0.00","11.01","59.63","0.00","0.00","0.00","10.00","339.82","0.00","158.42","12977.53","8001.88","1704.80","639.15"
2022,2023,"SWKE0145","SWKB1726","538.81","0.00","1529.67","294.94","0.00","0.00","0.00","30.00","1277.87","109.01","1547.54","28851.81","12285.67","6990.17","3304.06"
2022,2023,"SWKE0145","SWKB1727","133.41","0.00","115.75","110.49","0.00","0.00","0.00","10.00","422.23","32.70","464.26","28851.81","12285.67","6990.17","3304.06"
2022,2023,"SWKE0337","SWKB1728","1636.32","0.00","1225.12","1135.52","0.00","2891.52","0.00","160.00","6134.96","43.92","3189.44","817.84","925.36","0.00","0.00"
2022,2023,"SWKE0338","SWKB1729","198.97","0.00","339.50","289.91","0.00","0.00","0.00","10.00","422.23","32.71","395.15","510.15","0.00","0.00","0.00"
2022,2023,"SWKE0339","SWKB1730","1913.89","0.00","4579.83","947.10","0.00","1768.70","0.00","120.00","4645.02","0.00","2470.66","1864.01","2670.13","115.60","77.58"
2022,2023,"SWKE0248","SWKB1731","2897.51","0.00","6517.35","2522.52","0.00","2457.84","0.00","210.00","8866.83","249.16","4702.95","5528.05","4264.51","2492.04","260.49"
2022,2023,"SWKE0033","SWKB1732","273.54","0.00","224.70","170.78","0.00","0.00","0.00","20.00","855.30","65.40","811.58","8881.31","3400.90","2480.48","1457.53"
2022,2023,"SWKE0227","SWKB1733","1560.33","0.00","2923.60","1259.20","0.00","1189.70","0.00","100.00","3433.20","294.30","2713.60","20224.97","9128.09","4000.84","2920.21"
2022,2023,"SWKE0294","SWKB1734","320.17","0.00","373.93","178.69","0.00","0.00","0.00","30.00","1205.70","0.00","559.12","12977.53","8001.88","1704.80","639.15"
2022,2023,"SWKE0041","SWKB1735","4647.67","0.00","2860.76","5280.63","0.00","4038.82","21531.30","130.00","4459.66","393.54","4869.29","66294.63","43369.16","23493.13","6607.17"
2022,2023,"SWKE0286","SWKB1736","1096.03","0.00","1259.33","1044.21","0.00","1841.80","0.00","70.00","2722.84","229.97","2634.98","7392.35","3663.39","3063.13","598.47"
2022,2023,"SWKE0033","SWKB1737","549.53","0.00","428.28","279.02","0.00","0.00","0.00","40.00","1784.33","200.46","1576.08","8881.31","3400.90","2480.48","1457.53"
2022,2023,"SWKE0112","SWKB1738","684.78","0.00","544.50","413.70","0.00","0.00","0.00","60.00","2059.92","0.00","1911.72","37372.02","29578.18","5048.69","2283.47"
2022,2023,"SWKE0206","SWKB1739","594.96","0.00","726.03","672.91","0.00","0.00","0.00","40.00","1634.29","107.05","1726.86","3822.84","3331.97","89.34","177.68"
2022,2023,"SWKE0112","SWKB1740","3677.70","0.00","5554.95","4465.88","0.00","4832.43","0.00","220.00","7852.68","661.51","6833.02","37372.02","29578.18","5048.69","2283.47"
2022,2023,"SWKE0033","SWKB1741","439.39","0.00","985.57","114.77","0.00","0.00","0.00","70.00","1025.93","107.96","1291.63","8881.31","3400.90","2480.48","1457.53"
2022,2023,"SWKE0109","SWKB1742","483.53","0.00","420.25","471.31","0.00","0.00","0.00","30.00","1199.94","99.40","1860.40","28993.09","13027.12","5731.74","8768.26"
2022,2023,"SWKE0109","SWKB1743","582.86","0.00","1507.26","529.08","0.00","0.00","0.00","30.00","1194.52","92.36","1762.51","28993.09","13027.12","5731.74","8768.26"
2022,2023,"SWKE0091","SWKB1744","376.41","0.00","739.81","0.00","0.00","110.13","1468.51","10.00","614.26","15.37","293.98","225.64","560.08","0.00","35.40"
2022,2023,"SWKE0091","SWKB1745","196.24","0.00","294.61","0.00","0.00","63.09","776.60","10.00","344.64","0.00","184.39","225.64","560.08","0.00","35.40"
2022,2023,"SWKE0316","SWKB1746","2174.70","0.00","1954.20","2843.10","0.00","4756.35","0.00","150.00","5084.85","0.00","3839.25","29606.81","8008.07","3575.40","1671.91"
2022,2023,"SWKE0288","SWKB1747","871.48","0.00","528.24","6414.28","0.00","0.00","0.00","20.00","855.30","0.00","535.62","36388.87","15134.54","3958.58","5509.76"
2022,2023,"SWKE0344","SWKB1748","113.79","0.00","131.79","109.40","0.00","0.00","0.00","10.00","344.64","26.52","242.78","2079.84","3950.21","1665.21","1862.66"
2022,2023,"SWKE0344","SWKB1749","1533.14","0.00","2936.10","1549.82","0.00","0.00","0.00","110.00","3864.44","256.40","3104.75","2079.84","3950.21","1665.21","1862.66"
2022,2023,"SWKE0344","SWKB1750","1349.90","0.00","2376.16","1247.10","0.00","0.00","0.00","100.00","3593.06","183.10","2762.74","2079.84","3950.21","1665.21","1862.66"
2022,2023,"SWKE0344","SWKB1751","896.27","0.00","1260.57","876.06","0.00","0.00","0.00","60.00","2476.15","185.00","1846.05","2079.84","3950.21","1665.21","1862.66"
2022,2023,"SWKE0249","SWKB1752","3627.38","0.00","4661.27","2239.65","0.00","8425.46","0.00","410.00","9419.59","776.45","7687.26","4089.28","3723.43","831.76","55.99"
2022,2023,"SWKE0122","SWKB1753","293.47","0.00","0.00","0.00","0.00","0.00","0.00","50.00","0.00","0.00","0.00","20294.21","4938.76","614.23","5108.91"
2022,2023,"SWKE0210","SWKB1754","1707.60","0.00","4456.16","790.96","0.00","0.00","7665.28","40.00","1373.28","228.96","1459.28","18399.95","6510.11","3421.44","2839.76"
2022,2023,"SWKE0210","SWKB1755","1585.45","0.00","1472.10","428.45","0.00","0.00","8497.45","50.00","2111.15","299.80","1864.65","18399.95","6510.11","3421.44","2839.76"
2022,2023,"SWKE0210","SWKB1756","2421.04","0.00","1533.66","294.23","0.00","0.00","14381.71","80.00","2983.29","781.51","2150.29","18399.95","6510.11","3421.44","2839.76"
2022,2023,"SWKE0088","SWKB1757","307.72","0.00","237.14","155.75","0.00","0.00","1955.97","10.00","338.99","0.00","173.57","12142.16","2955.56","1191.99","892.70"
2022,2023,"SWKE0088","SWKB1758","1220.35","0.00","918.82","993.79","0.00","0.00","7099.10","40.00","1361.61","0.00","1002.99","12142.16","2955.56","1191.99","892.70"
2022,2023,"SWKE0297","SWKB1759","4837.12","0.00","1532.56","17694.88","0.00","978.00","20893.60","80.00","2746.56","0.00","2296.96","5805.44","4462.90","1573.29","537.57"
2022,2023,"SWKE0112","SWKB1760","2727.17","0.00","5094.36","1479.90","0.00","2749.28","0.00","180.00","7303.10","590.37","5214.14","37372.02","29578.18","5048.69","2283.47"
2022,2023,"SWKE0259","SWKB1761","6959.75","0.00","8697.40","1668.15","0.00","0.00","37912.32","290.00","10892.80","65.87","4944.79","7056.09","10017.05","3543.05","651.89"
2022,2023,"SWKE0120","SWKB1762","1200.94","0.00","1666.30","2066.57","0.00","0.00","0.00","1050.00","3837.55","0.00","3039.43","14622.22","9062.23","5281.87","1329.84"
2022,2023,"SWKE0042","SWKB1763","969.42","0.00","1805.94","212.58","0.00","656.94","0.00","60.00","2533.38","213.18","1715.16","2161.60","1837.20","146.50","115.90"
2022,2023,"SWKE0248","SWKB1764","774.65","0.00","1212.92","772.62","0.00","796.08","0.00","60.00","2455.79","234.96","1257.73","5528.05","4264.51","2492.04","260.49"
2022,2023,"SWKE0210","SWKB1765","523.32","0.00","711.74","152.20","0.00","0.00","2740.34","20.00","689.28","43.61","502.40","18399.95","6510.11","3421.44","2839.76"
2022,2023,"SWKE0210","SWKB1766","751.52","0.00","169.76","274.50","0.00","0.00","4312.54","30.00","1111.51","92.35","924.83","18399.95","6510.11","3421.44","2839.76"
2022,2023,"SWKE0041","SWKB1767","5327.04","0.00","9329.71","1694.48","0.00","2609.95","26668.45","340.00","6168.63","79.83","3745.17","66294.63","43369.16","23493.13","6607.17"
2022,2023,"SWKE0079","SWKB1768","835.62","0.00","330.90","1103.04","0.00","0.00","0.00","60.00","2533.38","0.00","2543.40","17553.15","7775.92","656.97","120.30"
2022,2023,"SWKE0079","SWKB1769","837.30","0.00","35.76","593.34","0.00","0.00","0.00","60.00","2059.92","0.00","3530.88","17553.15","7775.92","656.97","120.30"
2022,2023,"SWKE0079","SWKB1770","68.18","0.00","80.86","0.00","0.00","0.00","0.00","10.00","344.64","0.00","0.00","17553.15","7775.92","656.97","120.30"
2022,2023,"SWKE0123","SWKB1771","1166.34","0.00","1909.74","690.55","0.00","0.00","0.00","70.00","2955.61","236.39","2104.97","5826.56","3704.64","1066.01","253.53"
2022,2023,"SWKE0294","SWKB1772","856.80","0.00","666.18","364.86","0.00","0.00","0.00","90.00","3800.07","0.00","1349.01","12977.53","8001.88","1704.80","639.15"
2022,2023,"SWKE0294","SWKB1773","800.93","0.00","763.31","437.26","0.00","0.00","0.00","80.00","3394.10","0.00","1159.55","12977.53","8001.88","1704.80","639.15"
2022,2023,"SWKE0105","SWKB1774","783.35","0.00","919.88","213.73","0.00","0.00","0.00","50.00","1652.60","129.12","1953.39","33935.52","17358.14","7283.26","5522.11"
2022,2023,"SWKE0112","SWKB1775","1066.79","0.00","1277.40","463.12","0.00","0.00","0.00","100.00","3376.77","0.00","3129.85","37372.02","29578.18","5048.69","2283.47"
2022,2023,"SWKE0188","SWKB1776","1384.87","0.00","1103.09","999.23","0.00","0.00","0.00","110.00","4666.21","361.42","2813.89","3786.26","3018.20","1489.46","34.97"
2022,2023,"SWKE0021","SWKB1777","3849.37","0.00","9283.18","2020.59","0.00","1475.37","14526.38","120.00","3703.32","0.00","5468.16","11477.97","6872.37","2775.59","5106.47"
2022,2023,"SWKE0021","SWKB1778","844.33","0.00","544.06","362.62","0.00","305.45","3855.23","40.00","1263.53","0.00","1574.56","11477.97","6872.37","2775.59","5106.47"
2022,2023,"SWKE0030","SWKB1779","1338.54","0.00","536.08","1250.37","0.00","0.00","7500.18","40.00","1374.60","133.42","972.92","13046.37","12907.80","2492.06","3207.96"
2022,2023,"SWKE0030","SWKB1780","1405.66","0.00","1185.79","1217.13","0.00","0.00","7425.30","40.00","1374.60","137.14","1099.06","13046.37","12907.80","2492.06","3207.96"
2022,2023,"SWKE0030","SWKB1781","1988.28","0.00","1953.58","881.10","0.00","0.00","10870.50","60.00","2062.56","197.04","1553.50","13046.37","12907.80","2492.06","3207.96"
2022,2023,"SWKE0253","SWKB1782","3046.29","0.00","1791.24","1383.80","0.00","0.00","16021.39","110.00","3791.04","395.50","3150.84","22883.13","4446.78","1017.29","7492.98"
2022,2023,"SWKE0017","SWKB1783","1619.55","0.00","1442.90","1321.55","0.00","0.00","0.00","150.00","5557.55","0.00","3661.60","11038.97","3490.54","1723.70","13544.02"
2022,2023,"SWKE0060","SWKB1784","721.24","0.00","1645.08","1230.80","0.00","0.00","2721.12","20.00","689.28","65.40","493.10","2682.32","3077.49","1533.87","459.83"
2022,2023,"SWKE0078","SWKB1785","1601.99","0.00","717.08","444.23","0.00","0.00","0.00","150.00","5390.98","0.00","4945.24","5892.83","2540.09","718.13","241.42"
2022,2023,"SWKE0077","SWKB1786","552.57","0.00","170.30","354.90","0.00","0.00","0.00","40.00","1458.93","0.00","1679.94","2449.15","1531.60","172.26","0.00"
2022,2023,"SWKE0329","SWKB1787","1033.32","0.00","2663.24","737.24","0.00","0.00","0.00","80.00","3067.48","281.08","1727.28","67056.41","57695.83","7120.45","2827.45"
2022,2023,"SWKE0346","SWKB1788","1206.07","0.00","6276.18","191.90","0.00","0.00","0.00","50.00","1961.39","140.88","1833.33","773.72","601.75","234.89","46.69"
2022,2023,"SWKE0301","SWKB1789","7921.42","0.00","6050.35","5680.71","0.00","2423.84","38767.28","320.00","11256.43","0.00","8022.24","12966.55","3369.10","918.19","635.55"
2022,2023,"SWKE0157","SWKB1790","0.00","0.00","2786.48","2671.24","0.00","942.96","16351.28","40.00","1373.28","132.92","2313.64","0.00","12815.76","10556.31","1043.51"
2022,2023,"SWKE0100","SWKB1791","2008.20","0.00","6871.74","1552.08","0.00","1379.40","0.00","310.00","4601.22","135.48","3433.74","3943.26","15133.29","3262.17","2132.32"
2022,2023,"SWKE0120","SWKB1792","822.96","0.00","1927.36","803.12","0.00","0.00","0.00","650.00","2757.12","0.00","1824.32","14622.22","9062.23","5281.87","1329.84"
2022,2023,"SWKE0316","SWKB1793","1328.12","0.00","2160.54","1800.90","0.00","1328.67","0.00","280.00","3134.15","76.24","2819.07","29606.81","8008.07","3575.40","1671.91"
2022,2023,"SWKE0120","SWKB1794","2580.44","0.00","4437.37","2571.50","0.00","0.00","0.00","1000.00","9674.60","0.00","5931.13","14622.22","9062.23","5281.87","1329.84"
2022,2023,"SWKE0288","SWKB1795","1434.74","0.00","901.22","10292.38","0.00","0.00","0.00","40.00","1534.94","0.00","1019.52","36388.87","15134.54","3958.58","5509.76"
2022,2023,"SWKE0120","SWKB1796","544.36","0.00","320.40","675.84","0.00","0.00","0.00","820.00","2213.38","0.00","1545.60","14622.22","9062.23","5281.87","1329.84"
2022,2023,"SWKE0288","SWKB1797","975.92","0.00","487.81","1021.14","0.00","0.00","0.00","100.00","4017.31","0.00","2543.57","36388.87","15134.54","3958.58","5509.76"
2022,2023,"SWKE0288","SWKB1798","928.40","0.00","2335.10","756.93","0.00","0.00","0.00","70.00","2983.39","0.00","1928.18","36388.87","15134.54","3958.58","5509.76"
2022,2023,"SWKE0288","SWKB1799","972.30","0.00","1190.25","1029.11","0.00","0.00","0.00","90.00","3572.42","0.00","2362.38","36388.87","15134.54","3958.58","5509.76"
2022,2023,"SWKE0288","SWKB1800","1446.83","0.00","8090.32","543.76","0.00","0.00","0.00","70.00","2955.61","0.00","1734.25","36388.87","15134.54","3958.58","5509.76"
2022,2023,"SWKE0348","SWKB1801","430.76","0.00","1746.76","130.28","0.00","0.00","0.00","20.00","844.46","228.50","367.92","86.22","724.72","178.78","0.00"
2022,2023,"SWKE0112","SWKB1802","1196.40","0.00","1429.53","749.70","0.00","1653.77","0.00","80.00","3061.14","151.66","2589.11","37372.02","29578.18","5048.69","2283.47"
2022,2023,"SWKE0288","SWKB1803","3024.51","0.00","868.32","21391.50","0.00","0.00","0.00","90.00","3833.61","0.00","2516.88","36388.87","15134.54","3958.58","5509.76"
2022,2023,"SWKE0288","SWKB1804","5111.25","0.00","905.76","39337.49","0.00","0.00","0.00","120.00","5126.38","0.00","3481.62","36388.87","15134.54","3958.58","5509.76"
2022,2023,"SWKE0288","SWKB1805","1344.65","0.00","491.25","9062.05","0.00","0.00","0.00","50.00","1955.97","0.00","1174.52","36388.87","15134.54","3958.58","5509.76"
2022,2023,"SWKE0157","SWKB1806","0.00","0.00","12413.94","2938.04","0.00","3597.48","48970.00","220.00","7572.44","827.24","8551.24","0.00","12815.76","10556.31","1043.51"
2022,2023,"SWKE0100","SWKB1807","1137.07","0.00","352.72","1037.44","0.00","2638.16","0.00","100.00","3903.50","59.24","1654.40","3943.26","15133.29","3262.17","2132.32"
2022,2023,"SWKE0166","SWKB1808","2076.47","0.00","3486.14","1022.65","0.00","1509.42","0.00","160.00","5494.41","0.00","4411.10","9495.18","2180.27","503.11","261.21"
2022,2023,"SWKE0136","SWKB1809","1629.60","0.00","177.39","2324.59","0.00","2155.39","0.00","110.00","4195.25","343.38","3859.74","7249.43","1747.99","325.43","90.01"
2022,2023,"SWKE0002","SWKB1810","274.78","0.00","290.79","3.13","0.00","0.00","1708.22","10.00","338.99","0.00","87.90","3727.56","1029.04","898.67","507.13"
2022,2023,"SWKE0157","SWKB1811","0.00","0.00","945.20","824.70","0.00","1036.25","0.00","50.00","1716.60","4111.95","2835.35","0.00","12815.76","10556.31","1043.51"
2022,2023,"SWKE0030","SWKB1812","3500.75","0.00","2886.62","1940.38","0.00","2113.10","16375.09","150.00","3843.76","174.71","3582.92","13046.37","12907.80","2492.06","3207.96"
2022,2023,"SWKE0030","SWKB1813","271.84","0.00","93.01","451.59","0.00","0.00","1190.55","10.00","344.64","0.00","327.54","13046.37","12907.80","2492.06","3207.96"
2022,2023,"SWKE0030","SWKB1814","567.95","0.00","86.52","296.40","0.00","0.00","2346.86","30.00","1033.92","0.00","982.62","13046.37","12907.80","2492.06","3207.96"
2022,2023,"SWKE0030","SWKB1815","232.91","0.00","94.18","126.10","0.00","0.00","1125.52","10.00","344.64","0.00","327.54","13046.37","12907.80","2492.06","3207.96"
2022,2023,"SWKE0030","SWKB1816","498.04","0.00","388.58","132.92","0.00","0.00","2492.40","20.00","689.28","0.00","655.08","13046.37","12907.80","2492.06","3207.96"
2022,2023,"SWKE0350","SWKB1817","374.10","0.00","283.55","21.77","0.00","0.00","0.00","10.00","343.32","2417.54","301.79","150.86","211.84","10.34","0.00"
2022,2023,"SWKE0120","SWKB1818","1551.13","0.00","1220.48","2077.63","0.00","0.00","0.00","1850.00","5849.89","0.00","4389.71","14622.22","9062.23","5281.87","1329.84"
2022,2023,"SWKE0327","SWKB1819","3753.40","0.00","11662.54","7479.50","0.00","0.00","0.00","210.00","8733.33","529.57","4797.04","10111.12","1951.30","676.95","290.04"
2022,2023,"SWKE0253","SWKB1820","237.69","0.00","72.94","51.94","0.00","0.00","1251.87","10.00","344.64","31.65","266.71","22883.13","4446.78","1017.29","7492.98"
2022,2023,"SWKE0253","SWKB1821","818.50","0.00","47.20","187.97","0.00","0.00","4760.57","30.00","1111.51","95.14","839.84","22883.13","4446.78","1017.29","7492.98"
2022,2023,"SWKE0253","SWKB1822","1228.90","0.00","2196.68","179.54","0.00","0.00","5703.38","40.00","1456.15","132.93","1120.19","22883.13","4446.78","1017.29","7492.98"
2022,2023,"SWKE0253","SWKB1823","843.33","0.00","287.37","128.25","0.00","0.00","5006.76","30.00","1033.92","98.13","807.27","22883.13","4446.78","1017.29","7492.98"
2022,2023,"SWKE0253","SWKB1824","474.82","0.00","56.30","85.50","0.00","0.00","2599.12","20.00","689.28","65.42","538.18","22883.13","4446.78","1017.29","7492.98"
2022,2023,"SWKE0253","SWKB1825","750.21","0.00","224.55","128.25","0.00","0.00","4250.34","30.00","1033.92","0.00","793.62","22883.13","4446.78","1017.29","7492.98"
2022,2023,"SWKE0253","SWKB1826","474.54","0.00","57.04","85.50","0.00","0.00","2595.66","20.00","689.28","65.42","538.18","22883.13","4446.78","1017.29","7492.98"
2022,2023,"SWKE0253","SWKB1827","297.85","0.00","122.49","51.29","0.00","0.00","1603.33","10.00","422.23","35.68","314.94","22883.13","4446.78","1017.29","7492.98"
2022,2023,"SWKE0253","SWKB1828","747.93","0.00","362.64","283.59","0.00","0.00","3822.24","30.00","1033.92","98.13","807.27","22883.13","4446.78","1017.29","7492.98"
2022,2023,"SWKE0253","SWKB1829","864.81","0.00","46.08","153.87","0.00","0.00","4843.89","30.00","1266.69","107.04","944.82","22883.13","4446.78","1017.29","7492.98"
2022,2023,"SWKE0253","SWKB1830","239.73","0.00","30.64","42.75","0.00","0.00","1320.35","10.00","344.64","32.71","269.09","22883.13","4446.78","1017.29","7492.98"
2022,2023,"SWKE0253","SWKB1831","799.76","0.00","66.92","145.33","0.00","0.00","4388.56","30.00","1189.10","101.09","892.33","22883.13","4446.78","1017.29","7492.98"
2022,2023,"SWKE0340","SWKB1832","1232.90","0.00","438.49","1110.55","2482.14","1476.27","0.00","70.00","2878.02","701.24","1584.65","10799.97","2194.90","856.94","928.95"
2022,2023,"SWKE0020","SWKB1833","363.51","0.00","1017.84","0.00","0.00","0.00","0.00","30.00","1029.96","0.00","217.50","800.52","530.10","167.88","1240.92"
2022,2023,"SWKE0208","SWKB1834","460.38","0.00","669.77","520.76","0.00","0.00","0.00","40.00","1377.91","0.00","1431.11","2403.71","5063.13","2800.57","1360.06"
2022,2023,"SWKE0208","SWKB1835","240.90","0.00","222.12","396.54","0.00","0.00","0.00","30.00","1019.46","0.00","520.92","2403.71","5063.13","2800.57","1360.06"
2022,2023,"SWKE0082","SWKB1836","824.80","0.00","2615.99","649.15","0.00","0.00","0.00","60.00","2060.22","0.00","1046.83","13658.39","5272.73","3668.66","2674.92"
2022,2023,"SWKE0082","SWKB1837","631.60","0.00","2796.48","345.62","0.00","0.00","0.00","40.00","1364.62","0.00","648.10","13658.39","5272.73","3668.66","2674.92"
2022,2023,"SWKE0352","SWKB1838","932.28","0.00","1473.77","756.73","0.00","0.00","0.00","70.00","2966.45","0.00","2501.68","7891.72","6970.78","3122.20","1356.29"
2022,2023,"SWKE0021","SWKB1839","629.30","0.00","884.46","352.10","0.00","0.00","3149.28","20.00","686.64","0.00","806.96","11477.97","6872.37","2775.59","5106.47"
2022,2023,"SWKE0082","SWKB1840","1080.48","0.00","2466.27","306.24","0.00","1459.00","0.00","70.00","3008.32","233.34","1415.74","13658.39","5272.73","3668.66","2674.92"
2022,2023,"SWKE0100","SWKB1841","1909.65","0.00","2150.41","793.52","0.00","2336.83","0.00","150.00","6827.16","0.00","3506.21","3943.26","15133.29","3262.17","2132.32"
2022,2023,"SWKE0088","SWKB1842","1553.54","0.00","273.81","773.87","0.00","0.00","10063.68","50.00","1703.91","0.00","1569.17","12142.16","2955.56","1191.99","892.70"
2022,2023,"SWKE0088","SWKB1843","1023.45","0.00","827.43","1828.20","0.00","0.00","5129.64","30.00","1033.92","0.00","875.82","12142.16","2955.56","1191.99","892.70"
2022,2023,"SWKE0088","SWKB1844","5191.71","0.00","1423.86","2787.81","0.00","0.00","35025.22","220.00","6214.77","0.00","2671.58","12142.16","2955.56","1191.99","892.70"
2022,2023,"SWKE0033","SWKB1845","120.63","0.00","6.89","128.45","0.00","0.00","0.00","10.00","427.65","0.00","339.49","8881.31","3400.90","2480.48","1457.53"
2022,2023,"SWKE0119","SWKB1846","1340.64","0.00","1588.44","1016.68","3892.91","713.58","0.00","70.00","2372.93","667.10","1840.30","7478.12","216.06","1046.96","743.96"
2022,2023,"SWKE0021","SWKB1847","313.12","0.00","365.78","64.70","0.00","0.00","1775.55","10.00","343.32","0.00","375.04","11477.97","6872.37","2775.59","5106.47"
2022,2023,"SWKE0021","SWKB1848","714.92","0.00","1440.71","177.60","0.00","0.00","3616.04","20.00","691.27","0.00","780.51","11477.97","6872.37","2775.59","5106.47"
2022,2023,"SWKE0021","SWKB1849","1345.64","0.00","3536.48","375.70","0.00","0.00","6083.14","40.00","1364.62","0.00","1328.34","11477.97","6872.37","2775.59","5106.47"
2022,2023,"SWKE0021","SWKB1850","629.94","0.00","503.56","113.70","0.00","0.00","3702.74","20.00","686.64","0.00","879.24","11477.97","6872.37","2775.59","5106.47"
2022,2023,"SWKE0092","SWKB1851","321.01","0.00","23.06","13.57","0.00","0.00","2042.79","10.00","422.23","0.00","290.05","25129.33","3853.35","3984.36","858.81"
2022,2023,"SWKE0109","SWKB1852","107.58","0.00","112.58","0.00","0.00","0.00","0.00","10.00","677.98","0.00","0.00","28993.09","13027.12","5731.74","8768.26"
2022,2023,"SWKE0109","SWKB1853","117.32","0.00","0.00","0.00","0.00","0.00","0.00","20.00","677.98","0.00","0.00","28993.09","13027.12","5731.74","8768.26"
2022,2023,"SWKE0109","SWKB1854","810.00","0.00","1347.05","908.70","0.00","0.00","0.00","50.00","2111.15","299.80","2195.05","28993.09","13027.12","5731.74","8768.26"
2022,2023,"SWKE0109","SWKB1855","175.98","0.00","0.00","0.00","0.00","0.00","0.00","20.00","1016.97","0.00","0.00","28993.09","13027.12","5731.74","8768.26"
2022,2023,"SWKE0092","SWKB1856","848.48","0.00","980.82","87.32","0.00","0.00","4523.64","20.00","844.46","386.08","825.82","25129.33","3853.35","3984.36","858.81"
2022,2023,"SWKE0092","SWKB1857","295.76","0.00","222.87","0.00","0.00","0.00","1925.35","10.00","338.99","0.00","51.97","25129.33","3853.35","3984.36","858.81"
2022,2023,"SWKE0275","SWKB1858","2295.19","0.00","1800.57","951.45","0.00","1716.12","12488.18","280.00","3412.12","33.25","1640.34","1037.38","1282.91","295.97","242.45"
2022,2023,"SWKE0316","SWKB1859","1417.59","0.00","3573.36","930.60","0.00","1084.05","0.00","90.00","3089.88","0.00","3209.40","29606.81","8008.07","3575.40","1671.91"
2022,2023,"SWKE0291","SWKB1860","1167.06","0.00","393.06","166.23","0.00","0.00","6017.70","60.00","2053.38","0.00","1536.51","58565.61","9635.91","7060.54","879.53"
2022,2023,"SWKE0291","SWKB1861","919.14","0.00","704.44","168.53","0.00","0.00","5007.09","50.00","1703.92","0.00","437.95","58565.61","9635.91","7060.54","879.53"
2022,2023,"SWKE0291","SWKB1862","5382.91","0.00","1641.07","874.67","0.00","2338.44","30869.98","250.00","8542.55","0.00","1876.80","58565.61","9635.91","7060.54","879.53"
2022,2023,"SWKE0291","SWKB1863","194.31","0.00","369.87","24.63","0.00","0.00","908.06","10.00","339.82","0.00","80.41","58565.61","9635.91","7060.54","879.53"
2022,2023,"SWKE0291","SWKB1864","572.88","0.00","437.00","150.70","0.00","0.00","3055.39","30.00","1029.10","0.00","285.51","58565.61","9635.91","7060.54","879.53"
2022,2023,"SWKE0291","SWKB1865","1206.94","0.00","994.40","307.23","0.00","0.00","6247.94","70.00","2383.56","0.00","599.28","58565.61","9635.91","7060.54","879.53"
2022,2023,"SWKE0112","SWKB1866","0.00","0.00","8437.23","4865.41","0.00","5618.78","0.00","320.00","12574.12","591.07","12843.84","37372.02","29578.18","5048.69","2283.47"
2022,2023,"SWKE0329","SWKB1867","824.91","0.00","1390.08","291.65","0.00","0.00","0.00","100.00","2500.17","190.17","2062.28","67056.41","57695.83","7120.45","2827.45"
2022,2023,"SWKE0352","SWKB1868","307.14","0.00","157.03","261.58","0.00","0.00","1935.84","10.00","427.65","0.00","30.94","7891.72","6970.78","3122.20","1356.29"
2022,2023,"SWKE0087","SWKB1869","901.40","0.00","301.14","1703.73","0.00","0.00","0.00","60.00","2521.11","0.00","2857.26","9590.04","5415.19","1480.71","1213.61"
2022,2023,"SWKE0082","SWKB1870","540.97","0.00","360.76","636.60","0.00","0.00","0.00","50.00","1703.61","0.00","1279.41","13658.39","5272.73","3668.66","2674.92"
2022,2023,"SWKE0082","SWKB1871","1724.94","0.00","2426.87","1361.05","0.00","0.00","0.00","160.00","5462.81","0.00","3308.55","13658.39","5272.73","3668.66","2674.92"
2022,2023,"SWKE0273","SWKB1872","863.58","0.00","1047.33","634.92","0.00","0.00","0.00","80.00","2760.45","0.00","2337.82","7783.54","2721.49","1034.37","0.00"
