Year_Start,Year_End,Estate_ID,Block_ID,Block_Administration_Charge,Block_Administration_Charge_Unit,Block_TV_Aerial,Block_TV_Aerial_Unit,Block_Repairs,Block_Repairs_Unit,Block_Estate_Lighting,Block_Estate_Lighting_Unit,Block_Security_Services,Block_Security_Services_Unit,Block_Lift_Maintenance,Block_Lift_Maintenance_Unit,Block_Heating_And_Hotwater,Block_Heating_And_Hotwater_Unit,Block_Ground_Rent,Block_Ground_Rent_Unit,Block_Building_Insurance,Block_Building_Insurance_Unit,Block_Door_Entry,Block_Door_Entry_Unit,Block_Care_And_Upkeep,Block_Care_And_Upkeep_Unit,Estate_Care_And_Upkeep,Estate_Care_And_Upkeep_Unit,Estate_Grounds_Maintenance,Estate_Grounds_Maintenance_Unit,Estate_Lighting,Estate_Lighting_Unit,Estate_Repairs_And_Maintenance,Estate_Repairs_And_Maintenance_Unit
2022,2023,"SWKE0267","SWKB0001","685.96","22.87","0.00","0.00","0.00","0.00","0.00","0.00","0.00","0.00","0.00","0.00","4620.24","154.01","40.00","1.33","1378.56","45.95","0.00","0.00","0.00","0.00","2415.03","2.07","464.80","0.40","246.56","0.21","316.96","0.27"
2022,2023,"SWKE0267","SWKB0002","532.02","17.73","0.00","0.00","0.00","0.00","0.00","0.00","0.00","0.00","0.00","0.00","3640.62","121.35","30.00","1.00","1033.92","34.46","0.00","0.00","0.00","0.00","2415.03","2.07","464.80","0.40","246.56","0.21","316.96","0.27"
2022,2023,"SWKE0267","SWKB0003","167.19","5.57","0.00","0.00","0.00","0.00","0.00","0.00","0.00","0.00","0.00","0.00","1112.07","37.07","10.00","0.33","344.64","11.49","0.00","0.00","0.00","0.00","2415.03","2.07","464.80","0.40","246.56","0.21","316.96","0.27"
2022,2023,"SWKE0041","SWKB0004","15565.05","14.75","0.00","0.00","12226.23","11.59","14282.85","13.54","0.00","0.00","5872.32","5.57","84753.42","80.33","450.00","0.43","15537.69","14.73","1635.93","1.55","10656.96","10.10","66294.63","5.02","43369.16","3.28","23493.13","1.78","6607.17","0.50"
2022,2023,"SWKE0329","SWKB0005","607.74","11.69","0.00","0.00","2212.05","42.54","445.14","8.56","0.00","0.00","373.41","7.18","0.00","0.00","30.00","0.58","1266.69","24.36","37.35","0.72","983.01","18.90","67056.41","7.86","57695.83","6.77","7120.45","0.84","2827.45","0.33"
2022,2023,"SWKE0329","SWKB0006","446.21","8.58","0.00","0.00","858.31","16.51","321.49","6.18","0.00","0.00","315.62","6.07","0.00","0.00","20.00","0.38","849.88","16.34","858.18","16.50","709.95","13.65","67056.41","7.86","57695.83","6.77","7120.45","0.84","2827.45","0.33"
2022,2023,"SWKE0329","SWKB0007","505.06","10.52","0.00","0.00","1262.73","26.31","425.64","8.87","0.00","0.00","488.79","10.18","0.00","0.00","30.00","0.63","1116.93","23.27","38.23","0.80","1000.82","20.85","67056.41","7.86","57695.83","6.77","7120.45","0.84","2827.45","0.33"
2022,2023,"SWKE0003","SWKB0008","1230.29","7.32","0.00","0.00","3864.37","23.00","646.49","3.85","0.00","0.00","0.00","0.00","0.00","0.00","90.00","0.54","3338.54","19.87","0.00","0.00","1822.89","10.85","3443.32","5.49","2742.54","4.37","806.40","1.29","1154.23","1.84"
2022,2023,"SWKE0003","SWKB0009","1682.63","6.35","0.00","0.00","3635.11","13.72","545.71","2.06","0.00","0.00","0.00","0.00","0.00","0.00","170.00","0.64","6146.06","23.19","0.00","0.00","2298.73","8.67","3443.32","5.49","2742.54","4.37","806.40","1.29","1154.23","1.84"
2022,2023,"SWKE0003","SWKB0010","562.94","2.90","0.00","0.00","1314.53","6.78","369.16","1.90","0.00","0.00","0.00","0.00","0.00","0.00","50.00","0.26","1887.90","9.73","0.00","0.00","742.63","3.83","3443.32","5.49","2742.54","4.37","806.40","1.29","1154.23","1.84"
2022,2023,"SWKE0004","SWKB0011","3704.16","6.80","0.00","0.00","7055.97","12.95","3778.45","6.93","0.00","0.00","3443.26","6.32","0.00","0.00","220.00","0.40","7791.57","14.30","4199.88","7.71","5445.92","9.99","3485.95","6.40","1289.82","2.37","356.20","0.65","193.92","0.36"
2022,2023,"SWKE0301","SWKB0012","944.65","9.08","0.00","0.00","620.60","5.97","516.80","4.97","0.00","0.00","618.34","5.95","4700.61","45.20","30.00","0.29","1025.63","9.86","0.00","0.00","1098.80","10.57","12966.55","7.53","3369.10","1.96","918.19","0.53","635.55","0.37"
2022,2023,"SWKE0005","SWKB0013","432.65","11.39","0.00","0.00","378.08","9.95","1099.73","28.94","0.00","0.00","0.00","0.00","0.00","0.00","40.00","1.05","1454.83","38.29","163.52","4.30","260.86","6.86","260.86","6.86","708.59","18.65","0.00","0.00","0.00","0.00"
2022,2023,"SWKE0288","SWKB0014","2439.48","23.23","0.00","0.00","847.50","8.07","16547.03","157.59","0.00","0.00","773.44","7.37","0.00","0.00","260.00","2.48","2645.25","25.19","0.00","0.00","2546.24","24.25","36388.87","5.99","15134.54","2.49","3958.58","0.65","5509.76","0.91"
2022,2023,"SWKE0007","SWKB0015","9070.40","17.61","0.00","0.00","14402.67","27.97","3194.44","6.20","0.00","0.00","4875.00","9.47","24128.61","46.85","280.00","0.54","10099.72","19.61","21119.86","41.01","8330.25","16.18","1242.58","2.41","2917.33","5.66","312.07","0.61","80.98","0.16"
2022,2023,"SWKE0166","SWKB0016","1959.62","8.75","0.00","0.00","5358.12","23.92","1676.70","7.49","0.00","0.00","1061.22","4.74","0.00","0.00","100.00","0.45","4243.98","18.95","0.00","0.00","3334.26","14.89","9495.18","14.86","2180.27","3.41","503.11","0.79","261.21","0.41"
2022,2023,"SWKE0008","SWKB0017","3543.40","14.83","0.00","0.00","3381.13","14.15","4893.96","20.48","0.00","0.00","3615.56","15.13","11975.47","50.11","170.00","0.71","5858.88","24.51","558.28","2.34","2962.25","12.39","3589.01","1.56","3127.38","1.36","2324.56","1.01","3032.25","1.32"
2022,2023,"SWKE0008","SWKB0018","440.09","8.15","0.00","0.00","269.95","5.00","141.60","2.62","0.00","0.00","0.00","0.00","0.00","0.00","50.00","0.93","1861.43","34.47","0.00","0.00","1355.60","25.10","3589.01","1.56","3127.38","1.36","2324.56","1.01","3032.25","1.32"
2022,2023,"SWKE0008","SWKB0019","642.68","37.80","0.00","0.00","38.65","2.27","4547.05","267.47","0.00","0.00","0.00","0.00","0.00","0.00","20.00","1.18","682.31","40.14","0.00","0.00","824.07","48.47","3589.01","1.56","3127.38","1.36","2324.56","1.01","3032.25","1.32"
2022,2023,"SWKE0008","SWKB0020","436.27","8.08","0.00","0.00","389.73","7.22","51.36","0.95","0.00","0.00","0.00","0.00","1485.66","27.51","20.00","0.37","1100.21","20.37","0.00","0.00","872.28","16.15","3589.01","1.56","3127.38","1.36","2324.56","1.01","3032.25","1.32"
2022,2023,"SWKE0009","SWKB0021","534.73","6.37","0.00","0.00","871.33","10.37","68.09","0.81","0.00","0.00","0.00","0.00","0.00","0.00","40.00","0.48","1443.53","17.18","0.00","0.00","1199.13","14.28","4929.43","11.20","2608.19","5.93","893.25","2.03","395.69","0.90"
2022,2023,"SWKE0009","SWKB0022","2088.33","5.87","0.00","0.00","3415.85","9.60","655.85","1.84","0.00","0.00","0.00","0.00","0.00","0.00","150.00","0.42","5893.83","16.56","0.00","0.00","3856.30","10.83","4929.43","11.20","2608.19","5.93","893.25","2.03","395.69","0.90"
2022,2023,"SWKE0205","SWKB0023","948.96","8.63","0.00","0.00","1065.88","9.69","1268.52","11.53","0.00","0.00","0.00","0.00","0.00","0.00","70.00","0.64","2737.84","24.89","0.00","0.00","2171.36","19.74","5394.51","9.75","4703.63","8.51","599.78","1.08","95.62","0.17"
2022,2023,"SWKE0010","SWKB0024","4.18","0.03","0.00","0.00","1074.74","8.53","127.48","1.01","0.00","0.00","0.00","0.00","0.00","0.00","50.00","0.40","2152.31","17.08","135.09","1.07","2846.75","22.59","7.03","0.02","1339.64","3.72","369.90","1.03","0.00","0.00"
2022,2023,"SWKE0345","SWKB0025","0.00","0.00","0.00","0.00","2280.37","28.15","522.71","6.45","0.00","0.00","0.00","0.00","0.00","0.00","50.00","0.62","1885.34","23.28","0.00","0.00","1367.31","16.88","0.00","0.00","4652.46","6.40","495.01","0.68","532.60","0.73"
2022,2023,"SWKE0345","SWKB0026","0.00","0.00","0.00","0.00","2013.74","30.98","764.24","11.76","0.00","0.00","0.00","0.00","0.00","0.00","60.00","0.92","2544.22","39.14","0.00","0.00","1855.66","28.55","0.00","0.00","4652.46","6.40","495.01","0.68","532.60","0.73"
2022,2023,"SWKE0064","SWKB0027","2269.44","15.76","0.00","0.00","3126.63","21.71","4301.00","29.87","0.00","0.00","1288.85","8.95","0.00","0.00","100.00","0.69","4000.37","27.78","0.00","0.00","2979.77","20.69","1137.76","3.56","5721.99","17.88","1719.80","5.37","3636.63","11.36"
2022,2023,"SWKE0299","SWKB0028","684.93","24.46","0.00","0.00","0.00","0.00","142.60","5.09","0.00","0.00","0.00","0.00","3539.48","126.41","30.00","1.07","1029.10","36.75","179.88","6.42","1370.96","48.96","3953.86","2.33","2935.48","1.73","5156.26","3.04","898.71","0.53"
2022,2023,"SWKE0299","SWKB0029","448.03","16.00","0.00","0.00","105.56","3.77","109.80","3.92","0.00","0.00","0.00","0.00","2206.00","78.79","20.00","0.71","684.46","24.45","115.64","4.13","881.33","31.48","3953.86","2.33","2935.48","1.73","5156.26","3.04","898.71","0.53"
2022,2023,"SWKE0299","SWKB0030","1493.88","10.16","0.00","0.00","391.68","2.66","80.84","0.55","0.00","0.00","0.00","0.00","9684.88","65.88","80.00","0.54","2737.84","18.62","0.00","0.00","536.40","3.65","3953.86","2.33","2935.48","1.73","5156.26","3.04","898.71","0.53"
2022,2023,"SWKE0340","SWKB0031","841.77","1.94","0.00","0.00","514.12","1.18","510.54","1.18","1710.28","3.94","980.82","2.26","0.00","0.00","50.00","0.12","2033.56","4.69","499.62","1.15","1018.00","2.35","10799.97","3.41","2194.90","0.69","856.94","0.27","928.95","0.29"
2022,2023,"SWKE0227","SWKB0032","673.40","20.41","0.00","0.00","47.39","1.44","4242.21","128.55","0.00","0.00","0.00","0.00","0.00","0.00","30.00","0.91","1030.26","31.22","0.00","0.00","277.11","8.40","20224.97","9.68","9128.09","4.37","4000.84","1.91","2920.21","1.40"
2022,2023,"SWKE0012","SWKB0033","1485.69","4.69","0.00","0.00","1002.36","3.16","836.53","2.64","0.00","0.00","0.00","0.00","0.00","0.00","190.00","0.60","7013.70","22.13","0.00","0.00","3974.98","12.54","2000.24","6.31","0.00","0.00","0.00","0.00","28.72","0.09"
2022,2023,"SWKE0013","SWKB0034","1930.65","9.85","0.00","0.00","3002.00","15.32","1665.28","8.50","0.00","0.00","1297.79","6.62","0.00","0.00","120.00","0.61","5016.27","25.59","359.42","1.83","3799.65","19.39","1546.19","7.89","2345.36","11.97","274.12","1.40","0.00","0.00"
2022,2023,"SWKE0291","SWKB0035","1930.80","20.11","0.00","0.00","798.12","8.31","227.03","2.36","0.00","0.00","0.00","0.00","11708.13","121.96","80.00","0.83","2747.88","28.62","0.00","0.00","819.33","8.53","58565.61","12.97","9635.91","2.13","7060.54","1.56","879.53","0.19"
2022,2023,"SWKE0291","SWKB0036","2594.12","15.26","0.00","0.00","1230.40","7.24","375.54","2.21","0.00","0.00","0.00","0.00","14610.36","85.94","140.00","0.82","4754.16","27.97","0.00","0.00","1406.72","8.27","58565.61","12.97","9635.91","2.13","7060.54","1.56","879.53","0.19"
2022,2023,"SWKE0291","SWKB0037","1190.30","16.53","0.00","0.00","285.73","3.97","138.74","1.93","0.00","0.00","0.00","0.00","7421.89","103.08","50.00","0.69","1717.92","23.86","0.00","0.00","500.70","6.95","58565.61","12.97","9635.91","2.13","7060.54","1.56","879.53","0.19"
2022,2023,"SWKE0291","SWKB0038","677.68","9.41","0.00","0.00","170.51","2.37","79.88","1.11","0.00","0.00","0.00","0.00","4148.78","57.62","30.00","0.42","1031.28","14.32","0.00","0.00","288.28","4.00","58565.61","12.97","9635.91","2.13","7060.54","1.56","879.53","0.19"
2022,2023,"SWKE0291","SWKB0039","4281.37","15.51","0.00","0.00","3941.65","14.28","472.64","1.71","0.00","0.00","0.00","0.00","24995.48","90.56","150.00","0.54","5266.54","19.08","0.00","0.00","1883.09","6.82","58565.61","12.97","9635.91","2.13","7060.54","1.56","879.53","0.19"
2022,2023,"SWKE0291","SWKB0040","1895.24","19.74","0.00","0.00","586.40","6.11","223.34","2.33","0.00","0.00","0.00","0.00","11551.35","120.33","80.00","0.83","2826.63","29.44","0.00","0.00","806.02","8.40","58565.61","12.97","9635.91","2.13","7060.54","1.56","879.53","0.19"
2022,2023,"SWKE0254","SWKB0041","1494.33","27.17","0.00","0.00","545.25","9.91","590.79","10.74","0.00","0.00","0.00","0.00","10600.41","192.73","30.00","0.55","1043.85","18.98","98.13","1.78","1163.16","21.15","28014.15","5.93","12841.99","2.72","3467.67","0.73","2878.73","0.61"
2022,2023,"SWKE0254","SWKB0042","1846.89","23.99","0.00","0.00","1693.12","21.99","665.60","8.64","0.00","0.00","0.00","0.00","12522.92","162.64","40.00","0.52","1457.61","18.93","65.42","0.85","1012.16","13.14","28014.15","5.93","12841.99","2.72","3467.67","0.73","2878.73","0.61"
2022,2023,"SWKE0157","SWKB0043","0.00","0.00","0.00","0.00","5135.70","10.23","5340.14","10.64","0.00","0.00","2928.28","5.83","0.00","0.00","190.00","0.38","6440.81","12.83","13325.46","26.54","9526.60","18.98","0.00","0.00","12815.76","5.85","10556.31","4.82","1043.51","0.48"
2022,2023,"SWKE0259","SWKB0044","1495.95","5.62","0.00","0.00","2230.05","8.38","1236.05","4.65","0.00","0.00","2035.46","7.65","0.00","0.00","100.00","0.38","3362.70","12.64","1171.36","4.40","2853.72","10.73","7056.09","2.49","10017.05","3.54","3543.05","1.25","651.89","0.23"
2022,2023,"SWKE0145","SWKB0045","819.35","4.91","0.00","0.00","431.29","2.58","909.83","5.45","0.00","0.00","956.39","5.73","0.00","0.00","60.00","0.36","2538.80","15.20","213.55","1.28","1980.00","11.86","28851.81","5.32","12285.67","2.26","6990.17","1.29","3304.06","0.61"
2022,2023,"SWKE0014","SWKB0046","0.00","0.00","0.00","0.00","3628.62","11.27","4123.63","12.81","0.00","0.00","1965.69","6.10","0.00","0.00","140.00","0.43","6689.53","20.77","2024.70","6.29","7935.29","24.64","0.00","0.00","545.45","1.69","1395.87","4.34","0.00","0.00"
2022,2023,"SWKE0063","SWKB0047","4230.40","16.02","0.00","0.00","15078.48","57.12","2971.40","11.26","0.00","0.00","1768.00","6.70","0.00","0.00","220.00","0.83","9557.52","36.20","0.00","0.00","3934.08","14.90","9158.60","8.77","10675.16","10.23","1325.42","1.27","4851.39","4.65"
2022,2023,"SWKE0303","SWKB0048","9123.30","17.99","0.00","0.00","18851.80","37.18","7034.36","13.87","0.00","0.00","3592.11","7.09","36175.35","71.35","270.00","0.53","11012.26","21.72","891.00","1.76","9137.89","18.02","3913.26","2.53","4496.29","2.91","2112.97","1.37","4221.99","2.73"
2022,2023,"SWKE0122","SWKB0049","179.87","4.86","0.00","0.00","0.00","0.00","0.00","0.00","0.00","0.00","0.00","0.00","0.00","0.00","30.00","0.81","0.00","0.00","0.00","0.00","0.00","0.00","20294.21","25.02","4938.76","6.09","614.23","0.76","5108.91","6.30"
2022,2023,"SWKE0122","SWKB0050","113.59","6.68","0.00","0.00","0.00","0.00","0.00","0.00","0.00","0.00","0.00","0.00","0.00","0.00","20.00","1.18","0.00","0.00","0.00","0.00","0.00","0.00","20294.21","25.02","4938.76","6.09","614.23","0.76","5108.91","6.30"
2022,2023,"SWKE0122","SWKB0051","47.34","4.73","0.00","0.00","0.00","0.00","0.00","0.00","0.00","0.00","0.00","0.00","0.00","0.00","10.00","1.00","0.00","0.00","0.00","0.00","0.00","0.00","20294.21","25.02","4938.76","6.09","614.23","0.76","5108.91","6.30"
2022,2023,"SWKE0015","SWKB0052","363.68","10.10","0.00","0.00","158.04","4.39","305.76","8.49","0.00","0.00","0.00","0.00","0.00","0.00","30.00","0.83","1116.93","31.03","0.00","0.00","305.36","8.48","305.36","8.48","1249.98","34.72","195.32","5.43","0.00","0.00"
2022,2023,"SWKE0016","SWKB0053","540.66","2.20","0.00","0.00","725.23","2.95","715.34","2.91","0.00","0.00","0.00","0.00","0.00","0.00","70.00","0.28","2488.40","10.12","218.44","0.89","166.38","0.68","3397.41","1.78","5698.72","2.99","2297.91","1.21","1161.80","0.61"
2022,2023,"SWKE0016","SWKB0054","1120.20","4.73","0.00","0.00","3101.03","13.08","1197.45","5.05","0.00","0.00","0.00","0.00","0.00","0.00","120.00","0.51","4779.98","20.17","221.14","0.93","251.34","1.06","3397.41","1.78","5698.72","2.99","2297.91","1.21","1161.80","0.61"
2022,2023,"SWKE0016","SWKB0055","777.72","4.23","0.00","0.00","1239.66","6.74","1161.10","6.31","0.00","0.00","0.00","0.00","0.00","0.00","80.00","0.43","2816.21","15.31","295.75","1.61","1148.32","6.24","3397.41","1.78","5698.72","2.99","2297.91","1.21","1161.80","0.61"
2022,2023,"SWKE0016","SWKB0056","157.21","0.98","0.00","0.00","186.98","1.16","185.56","1.15","0.00","0.00","0.00","0.00","0.00","0.00","20.00","0.12","553.36","3.44","27.48","0.17","386.18","2.40","3397.41","1.78","5698.72","2.99","2297.91","1.21","1161.80","0.61"
2022,2023,"SWKE0016","SWKB0057","82.74","1.01","0.00","0.00","24.38","0.30","64.53","0.79","0.00","0.00","0.00","0.00","0.00","0.00","10.00","0.12","338.99","4.13","32.16","0.39","227.84","2.78","3397.41","1.78","5698.72","2.99","2297.91","1.21","1161.80","0.61"
2022,2023,"SWKE0016","SWKB0058","394.56","4.81","0.00","0.00","235.50","2.87","465.92","5.68","0.00","0.00","0.00","0.00","0.00","0.00","40.00","0.49","1610.01","19.63","103.56","1.26","949.33","11.58","3397.41","1.78","5698.72","2.99","2297.91","1.21","1161.80","0.61"
2022,2023,"SWKE0016","SWKB0059","1633.14","13.84","0.00","0.00","5601.76","47.47","1342.92","11.38","0.00","0.00","0.00","0.00","0.00","0.00","120.00","1.02","4685.36","39.71","263.14","2.23","2670.64","22.63","3397.41","1.78","5698.72","2.99","2297.91","1.21","1161.80","0.61"
2022,2023,"SWKE0016","SWKB0060","641.42","14.58","0.00","0.00","3217.78","73.13","415.46","9.44","0.00","0.00","0.00","0.00","0.00","0.00","30.00","0.68","1195.12","27.16","98.12","2.23","1068.95","24.29","3397.41","1.78","5698.72","2.99","2297.91","1.21","1161.80","0.61"
2022,2023,"SWKE0016","SWKB0061","861.93","7.56","0.00","0.00","957.40","8.40","515.66","4.52","0.00","0.00","1392.32","12.21","0.00","0.00","60.00","0.53","2977.29","26.12","204.42","1.79","1502.29","13.18","3397.41","1.78","5698.72","2.99","2297.91","1.21","1161.80","0.61"
2022,2023,"SWKE0016","SWKB0062","1032.55","6.04","0.00","0.00","2467.22","14.43","1336.76","7.82","0.00","0.00","0.00","0.00","0.00","0.00","90.00","0.53","3084.28","18.04","189.68","1.11","2179.72","12.75","3397.41","1.78","5698.72","2.99","2297.91","1.21","1161.80","0.61"
2022,2023,"SWKE0016","SWKB0063","592.52","6.66","0.00","0.00","88.83","1.00","896.43","10.07","0.00","0.00","0.00","0.00","0.00","0.00","60.00","0.67","2077.77","23.35","173.72","1.95","1781.55","20.02","3397.41","1.78","5698.72","2.99","2297.91","1.21","1161.80","0.61"
2022,2023,"SWKE0016","SWKB0064","1849.26","4.96","0.00","0.00","2116.97","5.68","1724.08","4.62","0.00","0.00","0.00","0.00","0.00","0.00","170.00","0.46","6349.21","17.02","517.49","1.39","5273.28","14.14","3397.41","1.78","5698.72","2.99","2297.91","1.21","1161.80","0.61"
2022,2023,"SWKE0113","SWKB0065","1101.79","6.12","0.00","0.00","1104.61","6.14","606.54","3.37","0.00","0.00","0.00","0.00","0.00","0.00","90.00","0.50","3236.28","17.98","2084.74","11.58","2411.45","13.40","9091.91","4.49","5982.86","2.95","2399.88","1.18","1941.64","0.96"
2022,2023,"SWKE0113","SWKB0066","273.19","4.34","0.00","0.00","0.00","0.00","224.51","3.56","0.00","0.00","0.00","0.00","0.00","0.00","30.00","0.48","1111.51","17.64","0.00","0.00","861.57","13.68","9091.91","4.49","5982.86","2.95","2399.88","1.18","1941.64","0.96"
2022,2023,"SWKE0084","SWKB0067","1315.02","9.53","0.00","0.00","3281.52","23.78","1947.00","14.11","0.00","0.00","1874.94","13.59","0.00","0.00","60.00","0.43","2533.38","18.36","181.62","1.32","2280.72","16.53","9947.29","3.00","6767.48","2.04","5024.55","1.52","1002.80","0.30"
2022,2023,"SWKE0079","SWKB0068","1946.29","12.80","0.00","0.00","4917.45","32.35","1272.03","8.37","0.00","0.00","0.00","0.00","0.00","0.00","160.00","1.05","5657.68","37.22","0.00","0.00","2027.71","13.34","17553.15","17.82","7775.92","7.89","656.97","0.67","120.30","0.12"
2022,2023,"SWKE0079","SWKB0069","1652.67","11.32","0.00","0.00","6671.43","45.69","1638.18","11.22","0.00","0.00","0.00","0.00","0.00","0.00","80.00","0.55","3089.88","21.16","0.00","0.00","1898.01","13.00","17553.15","17.82","7775.92","7.89","656.97","0.67","120.30","0.12"
2022,2023,"SWKE0288","SWKB0070","1425.15","17.81","0.00","0.00","101.51","1.27","9983.58","124.79","0.00","0.00","0.00","0.00","0.00","0.00","50.00","0.63","1800.79","22.51","0.00","0.00","1657.18","20.71","36388.87","5.99","15134.54","2.49","3958.58","0.65","5509.76","0.91"
2022,2023,"SWKE0288","SWKB0071","2827.36","18.36","0.00","0.00","2120.94","13.77","16927.34","109.92","0.00","0.00","0.00","0.00","0.00","0.00","100.00","0.65","4088.80","26.55","0.00","0.00","3447.30","22.39","36388.87","5.99","15134.54","2.49","3958.58","0.65","5509.76","0.91"
2022,2023,"SWKE0288","SWKB0072","1107.81","8.93","0.00","0.00","578.33","4.66","6654.49","53.67","0.00","0.00","0.00","0.00","0.00","0.00","80.00","0.65","1700.10","13.71","0.00","0.00","1436.84","11.59","36388.87","5.99","15134.54","2.49","3958.58","0.65","5509.76","0.91"
2022,2023,"SWKE0288","SWKB0073","1777.21","11.62","0.00","0.00","1027.02","6.71","11111.81","72.63","0.00","0.00","0.00","0.00","0.00","0.00","60.00","0.39","2472.05","16.16","0.00","0.00","2125.89","13.89","36388.87","5.99","15134.54","2.49","3958.58","0.65","5509.76","0.91"
2022,2023,"SWKE0218","SWKB0074","1222.75","8.67","0.00","0.00","3876.56","27.49","417.76","2.96","0.00","0.00","0.00","0.00","0.00","0.00","80.00","0.57","2830.89","20.08","0.00","0.00","2452.00","17.39","19320.99","8.29","3914.18","1.68","2309.77","0.99","420.49","0.18"
2022,2023,"SWKE0002","SWKB0075","409.20","4.09","0.00","0.00","761.25","7.61","32.08","0.32","0.00","0.00","0.00","0.00","1286.09","12.86","20.00","0.20","766.87","7.67","0.00","0.00","661.32","6.61","3727.56","2.35","1029.04","0.65","898.67","0.57","507.13","0.32"
2022,2023,"SWKE0017","SWKB0076","4053.60","7.19","0.00","0.00","7323.84","12.99","4897.92","8.68","0.00","0.00","6846.00","12.14","0.00","0.00","240.00","0.43","8135.76","14.43","784.80","1.39","4966.32","8.81","11038.97","5.77","3490.54","1.83","1723.70","0.90","13544.02","7.08"
2022,2023,"SWKE0045","SWKB0077","1968.26","18.22","0.00","0.00","1754.13","16.24","21.07","0.20","0.00","0.00","0.00","0.00","11617.55","107.57","70.00","0.65","2412.48","22.34","0.00","0.00","1562.12","14.46","21208.02","7.64","7811.54","2.81","2210.07","0.80","2040.28","0.73"
2022,2023,"SWKE0018","SWKB0078","512.99","10.06","0.00","0.00","576.21","11.30","358.65","7.03","0.00","0.00","0.00","0.00","0.00","0.00","50.00","0.98","1800.14","35.30","0.00","0.00","414.26","8.12","443.80","8.70","1492.09","29.26","44.65","0.88","0.00","0.00"
2022,2023,"SWKE0026","SWKB0079","2683.39","17.89","0.00","0.00","5751.98","38.35","759.21","5.06","0.00","0.00","0.00","0.00","13796.78","91.98","80.00","0.53","2801.64","18.68","0.00","0.00","2393.85","15.96","6995.63","6.19","3868.29","3.42","1062.43","0.94","729.71","0.65"
2022,2023,"SWKE0316","SWKB0080","2292.45","9.10","0.00","0.00","3184.20","12.64","1992.45","7.91","0.00","0.00","3730.05","14.80","0.00","0.00","340.00","1.35","6333.45","25.13","0.00","0.00","4415.70","17.52","29606.81","9.09","8008.07","2.46","3575.40","1.10","1671.91","0.51"
2022,2023,"SWKE0328","SWKB0081","12284.76","32.08","0.00","0.00","6512.26","17.00","5537.42","14.46","0.00","0.00","9237.32","24.12","59412.07","155.12","310.00","0.81","14069.09","36.73","216.58","0.57","8255.79","21.56","16278.41","11.42","33261.27","23.34","7166.77","5.03","1330.05","0.93"
2022,2023,"SWKE0201","SWKB0082","2195.00","13.38","0.00","0.00","3289.02","20.06","983.62","6.00","0.00","0.00","4095.36","24.97","0.00","0.00","140.00","0.85","5612.30","34.22","419.70","2.56","3679.51","22.44","36636.71","8.79","15477.74","3.71","7328.70","1.76","4457.84","1.07"
2022,2023,"SWKE0230","SWKB0083","257.96","6.00","0.00","0.00","55.64","1.29","238.70","5.55","0.00","0.00","0.00","0.00","0.00","0.00","20.00","0.47","855.30","19.89","0.00","0.00","969.92","22.56","3113.57","6.33","3347.79","6.80","215.28","0.44","93.35","0.19"
2022,2023,"SWKE0145","SWKB0084","1168.24","3.66","0.00","0.00","1484.26","4.65","1177.62","3.69","0.00","0.00","0.00","0.00","0.00","0.00","110.00","0.34","4666.21","14.63","0.00","0.00","2156.92","6.76","28851.81","5.32","12285.67","2.26","6990.17","1.29","3304.06","0.61"
2022,2023,"SWKE0329","SWKB0085","3398.33","12.82","0.00","0.00","3986.04","15.04","1682.72","6.35","0.00","0.00","0.00","0.00","0.00","0.00","220.00","0.83","8894.48","33.56","7614.01","28.73","6439.21","24.30","67056.41","7.86","57695.83","6.77","7120.45","0.84","2827.45","0.33"
2022,2023,"SWKE0022","SWKB0086","2171.51","6.02","0.00","0.00","8411.56","23.30","1094.24","3.03","0.00","0.00","0.00","0.00","0.00","0.00","150.00","0.42","5468.57","15.15","0.00","0.00","2875.26","7.96","1943.04","4.11","2061.38","4.36","782.42","1.65","759.23","1.61"
2022,2023,"SWKE0023","SWKB0087","806.92","10.62","0.00","0.00","2696.72","35.48","187.80","2.47","0.00","0.00","0.00","0.00","0.00","0.00","40.00","0.53","1367.26","17.99","0.00","0.00","1047.06","13.78","1757.02","11.56","2044.90","13.45","738.20","4.86","2889.82","19.01"
2022,2023,"SWKE0023","SWKB0088","1152.06","15.16","0.00","0.00","1722.51","22.66","976.52","12.85","0.00","0.00","0.00","0.00","0.00","0.00","70.00","0.92","2401.18","31.59","0.00","0.00","1760.97","23.17","1757.02","11.56","2044.90","13.45","738.20","4.86","2889.82","19.01"
2022,2023,"SWKE0024","SWKB0089","596.13","9.62","0.00","0.00","1233.77","19.90","298.30","4.81","0.00","0.00","0.00","0.00","0.00","0.00","30.00","0.48","1021.30","16.47","645.79","10.42","1384.53","22.33","429.33","6.92","948.16","15.29","0.00","0.00","0.00","0.00"
2022,2023,"SWKE0230","SWKB0090","1327.03","9.90","0.00","0.00","513.26","3.83","996.04","7.43","0.00","0.00","0.00","0.00","0.00","0.00","110.00","0.82","4687.89","34.98","361.20","2.70","4280.49","31.94","3113.57","6.33","3347.79","6.80","215.28","0.44","93.35","0.19"
2022,2023,"SWKE0120","SWKB0091","261.07","2.87","0.00","0.00","83.56","0.92","437.07","4.80","0.00","0.00","0.00","0.00","0.00","0.00","600.00","6.59","1022.62","11.24","0.00","0.00","677.33","7.44","14622.22","2.98","9062.23","1.85","5281.87","1.08","1329.84","0.27"
2022,2023,"SWKE0100","SWKB0092","796.88","6.38","0.00","0.00","535.01","4.28","656.63","5.25","0.00","0.00","1543.61","12.35","0.00","0.00","50.00","0.40","2132.83","17.06","59.76","0.48","1954.71","15.64","3943.26","1.58","15133.29","6.06","3262.17","1.31","2132.32","0.85"
2022,2023,"SWKE0329","SWKB0093","3130.42","7.13","0.00","0.00","5445.06","12.40","2779.32","6.33","0.00","0.00","0.00","0.00","0.00","0.00","390.00","0.89","10555.06","24.04","822.71","1.87","5045.43","11.49","67056.41","7.86","57695.83","6.77","7120.45","0.84","2827.45","0.33"
2022,2023,"SWKE0129","SWKB0094","2173.92","25.58","0.00","0.00","542.13","6.38","10919.53","128.47","0.00","0.00","0.00","0.00","6318.04","74.33","40.00","0.47","1377.91","16.21","0.00","0.00","1230.84","14.48","33233.44","5.71","15254.16","2.62","6285.16","1.08","4205.47","0.72"
2022,2023,"SWKE0129","SWKB0095","3063.48","36.47","0.00","0.00","380.88","4.53","14357.28","170.92","0.00","0.00","0.00","0.00","9646.62","114.84","60.00","0.71","2059.92","24.52","0.00","0.00","2233.44","26.59","33233.44","5.71","15254.16","2.62","6285.16","1.08","4205.47","0.72"
2022,2023,"SWKE0025","SWKB0096","1519.14","4.70","0.00","0.00","1990.25","6.16","1916.21","5.93","0.00","0.00","1034.14","3.20","0.00","0.00","100.00","0.31","3612.77","11.19","0.00","0.00","3223.92","9.98","1538.68","4.76","1849.26","5.73","26.18","0.08","0.00","0.00"
2022,2023,"SWKE0288","SWKB0097","4079.29","24.57","0.00","0.00","1632.00","9.83","28394.08","171.05","0.00","0.00","1492.06","8.99","0.00","0.00","120.00","0.72","4539.89","27.35","0.00","0.00","2882.11","17.36","36388.87","5.99","15134.54","2.49","3958.58","0.65","5509.76","0.91"
2022,2023,"SWKE0112","SWKB0098","2071.41","9.25","0.00","0.00","678.15","3.03","992.28","4.43","0.00","0.00","2831.48","12.64","0.00","0.00","140.00","0.63","5993.20","26.76","470.97","2.10","5226.37","23.33","37372.02","7.97","29578.18","6.31","5048.69","1.08","2283.47","0.49"
2022,2023,"SWKE0198","SWKB0099","223.40","3.38","0.00","0.00","287.90","4.36","226.74","3.44","0.00","0.00","0.00","0.00","0.00","0.00","20.00","0.30","855.30","12.96","69.12","1.05","394.68","5.98","10806.74","4.00","4473.97","1.65","1968.42","0.73","1238.25","0.46"
2022,2023,"SWKE0198","SWKB0100","655.37","5.00","0.00","0.00","2035.20","15.54","538.88","4.11","0.00","0.00","0.00","0.00","0.00","0.00","50.00","0.38","2116.57","16.16","124.58","0.95","852.24","6.51","10806.74","4.00","4473.97","1.65","1968.42","0.73","1238.25","0.46"
2022,2023,"SWKE0201","SWKB0101","1288.89","9.21","0.00","0.00","1190.85","8.51","401.86","2.87","0.00","0.00","1503.42","10.74","0.00","0.00","130.00","0.93","3579.34","25.57","263.15","1.88","3590.46","25.65","36636.71","8.79","15477.74","3.71","7328.70","1.76","4457.84","1.07"
2022,2023,"SWKE0087","SWKB0102","1537.11","10.05","0.00","0.00","2399.90","15.69","667.57","4.36","0.00","0.00","0.00","0.00","0.00","0.00","130.00","0.85","5186.09","33.90","129.92","0.85","4454.08","29.11","9590.04","5.73","5415.19","3.23","1480.71","0.88","1213.61","0.72"
2022,2023,"SWKE0286","SWKB0103","1381.32","7.16","0.00","0.00","736.26","3.81","2186.62","11.33","0.00","0.00","0.00","0.00","0.00","0.00","120.00","0.62","4113.16","21.31","0.00","0.00","4364.06","22.61","7392.35","4.18","3663.39","2.07","3063.13","1.73","598.47","0.34"
2022,2023,"SWKE0100","SWKB0104","1029.02","14.29","0.00","0.00","762.61","10.59","6319.21","87.77","0.00","0.00","0.00","0.00","0.00","0.00","30.00","0.42","1199.94","16.67","0.00","0.00","1401.55","19.47","3943.26","1.58","15133.29","6.06","3262.17","1.31","2132.32","0.85"
2022,2023,"SWKE0048","SWKB0105","0.00","0.00","0.00","0.00","19.90","0.15","935.41","7.25","0.00","0.00","1198.31","9.29","0.00","0.00","70.00","0.54","2900.04","22.48","73.90","0.57","3344.02","25.92","0.00","0.00","3803.49","1.48","4526.42","1.76","13547.48","5.26"
2022,2023,"SWKE0286","SWKB0106","769.69","11.66","0.00","0.00","1110.25","16.82","1386.86","21.01","0.00","0.00","0.00","0.00","0.00","0.00","50.00","0.76","1709.60","25.90","0.00","0.00","2506.60","37.98","7392.35","4.18","3663.39","2.07","3063.13","1.73","598.47","0.34"
2022,2023,"SWKE0286","SWKB0107","1201.43","10.01","0.00","0.00","902.02","7.52","1935.17","16.13","0.00","0.00","1839.53","15.33","0.00","0.00","70.00","0.58","2811.27","23.43","30.50","0.25","3071.23","25.59","7392.35","4.18","3663.39","2.07","3063.13","1.73","598.47","0.34"
2022,2023,"SWKE0324","SWKB0291","0.00","0.00","0.00","0.00","0.00","0.00","0.00","0.00","0.00","0.00","0.00","0.00","0.00","0.00","10.00","0.34","0.00","0.00","0.00","0.00","0.00","0.00","107.58","0.07","13.33","0.01","16.92","0.01","26.16","0.02"
2022,2023,"SWKE0286","SWKB0108","412.74","4.59","0.00","0.00","531.18","5.90","537.21","5.97","0.00","0.00","0.00","0.00","0.00","0.00","30.00","0.33","1016.97","11.30","0.00","0.00","1431.54","15.91","7392.35","4.18","3663.39","2.07","3063.13","1.73","598.47","0.34"
2022,2023,"SWKE0027","SWKB0109","331.84","20.74","0.00","0.00","351.81","21.99","0.00","0.00","0.00","0.00","0.00","0.00","2301.11","143.82","10.00","0.63","422.23","26.39","0.00","0.00","0.00","0.00","4847.57","2.50","1070.16","0.55","899.57","0.46","563.44","0.29"
2022,2023,"SWKE0027","SWKB0110","424.68","26.54","0.00","0.00","0.00","0.00","0.00","0.00","0.00","0.00","0.00","0.00","3288.04","205.50","20.00","1.25","553.36","34.59","0.00","0.00","0.00","0.00","4847.57","2.50","1070.16","0.55","899.57","0.46","563.44","0.29"
2022,2023,"SWKE0100","SWKB0111","298.62","8.30","0.00","0.00","505.86","14.05","338.16","9.39","0.00","0.00","0.00","0.00","0.00","0.00","20.00","0.56","844.46","23.46","24.80","0.69","889.48","24.71","3943.26","1.58","15133.29","6.06","3262.17","1.31","2132.32","0.85"
2022,2023,"SWKE0100","SWKB0112","260.54","7.24","0.00","0.00","174.48","4.85","288.86","8.02","0.00","0.00","0.00","0.00","0.00","0.00","20.00","0.56","844.46","23.46","24.80","0.69","889.48","24.71","3943.26","1.58","15133.29","6.06","3262.17","1.31","2132.32","0.85"
2022,2023,"SWKE0028","SWKB0113","450.48","7.51","0.00","0.00","79.92","1.33","1160.96","19.35","0.00","0.00","0.00","0.00","0.00","0.00","40.00","0.67","1378.56","22.98","130.84","2.18","519.76","8.66","376.53","1.39","1424.84","5.28","262.28","0.97","1531.35","5.67"
2022,2023,"SWKE0028","SWKB0114","140.14","3.50","0.00","0.00","57.84","1.45","0.00","0.00","0.00","0.00","0.00","0.00","0.00","0.00","10.00","0.25","567.48","14.19","53.84","1.35","213.97","5.35","376.53","1.39","1424.84","5.28","262.28","0.97","1531.35","5.67"
2022,2023,"SWKE0028","SWKB0115","91.39","3.05","0.00","0.00","133.83","4.46","0.00","0.00","0.00","0.00","0.00","0.00","0.00","0.00","10.00","0.33","344.64","11.49","32.71","1.09","93.99","3.13","376.53","1.39","1424.84","5.28","262.28","0.97","1531.35","5.67"
2022,2023,"SWKE0028","SWKB0116","175.58","5.85","0.00","0.00","141.42","4.71","54.38","1.81","0.00","0.00","0.00","0.00","0.00","0.00","20.00","0.67","689.28","22.98","65.42","2.18","187.98","6.27","376.53","1.39","1424.84","5.28","262.28","0.97","1531.35","5.67"
2022,2023,"SWKE0028","SWKB0117","323.97","10.80","0.00","0.00","899.67","29.99","0.00","0.00","0.00","0.00","0.00","0.00","0.00","0.00","30.00","1.00","1033.92","34.46","98.13","3.27","281.97","9.40","376.53","1.39","1424.84","5.28","262.28","0.97","1531.35","5.67"
2022,2023,"SWKE0041","SWKB0118","5202.83","13.01","0.00","0.00","5507.76","13.77","2363.87","5.91","0.00","0.00","4643.52","11.61","25554.21","63.89","190.00","0.48","6499.75","16.25","508.93","1.27","3785.24","9.46","66294.63","5.02","43369.16","3.28","23493.13","1.78","6607.17","0.50"
2022,2023,"SWKE0045","SWKB0119","953.04","31.77","0.00","0.00","401.61","13.39","702.45","23.42","0.00","0.00","0.00","0.00","5125.44","170.85","30.00","1.00","1033.92","34.46","179.88","6.00","1095.03","36.50","21208.02","7.64","7811.54","2.81","2210.07","0.80","2040.28","0.73"
2022,2023,"SWKE0045","SWKB0120","318.35","10.27","0.00","0.00","51.43","1.66","229.74","7.41","0.00","0.00","0.00","0.00","1774.52","57.24","10.00","0.32","344.64","11.12","89.67","2.89","362.72","11.70","21208.02","7.64","7811.54","2.81","2210.07","0.80","2040.28","0.73"
2022,2023,"SWKE0045","SWKB0121","963.17","29.19","0.00","0.00","242.68","7.35","757.25","22.95","0.00","0.00","0.00","0.00","5140.39","155.77","30.00","0.91","1111.51","33.68","174.41","5.29","1147.08","34.76","21208.02","7.64","7811.54","2.81","2210.07","0.80","2040.28","0.73"
2022,2023,"SWKE0045","SWKB0122","2093.98","13.96","0.00","0.00","679.35","4.53","1201.76","8.01","0.00","0.00","0.00","0.00","11478.67","76.52","70.00","0.47","2412.48","16.08","0.00","0.00","2852.22","19.01","21208.02","7.64","7811.54","2.81","2210.07","0.80","2040.28","0.73"
2022,2023,"SWKE0045","SWKB0123","2685.51","17.90","0.00","0.00","1010.79","6.74","1202.67","8.02","0.00","0.00","0.00","0.00","14602.05","97.35","90.00","0.60","3101.76","20.68","294.30","1.96","3667.14","24.45","21208.02","7.64","7811.54","2.81","2210.07","0.80","2040.28","0.73"
2022,2023,"SWKE0045","SWKB0124","1185.20","10.40","0.00","0.00","660.31","5.79","376.09","3.30","0.00","0.00","0.00","0.00","6823.18","59.85","30.00","0.26","1277.53","11.21","195.06","1.71","1196.89","10.50","21208.02","7.64","7811.54","2.81","2210.07","0.80","2040.28","0.73"
2022,2023,"SWKE0045","SWKB0125","363.85","10.11","0.00","0.00","235.35","6.54","124.28","3.45","0.00","0.00","0.00","0.00","2044.34","56.79","10.00","0.28","422.23","11.73","54.50","1.51","360.96","10.03","21208.02","7.64","7811.54","2.81","2210.07","0.80","2040.28","0.73"
2022,2023,"SWKE0288","SWKB0126","5622.14","28.11","0.00","0.00","3795.95","18.98","36399.61","182.00","0.00","0.00","0.00","0.00","0.00","0.00","190.00","0.95","6536.97","32.68","0.00","0.00","5783.89","28.92","36388.87","5.99","15134.54","2.49","3958.58","0.65","5509.76","0.91"
2022,2023,"SWKE0145","SWKB0127","186.73","2.67","0.00","0.00","140.24","2.00","177.60","2.54","0.00","0.00","334.50","4.78","0.00","0.00","10.00","0.14","433.41","6.19","37.37","0.53","492.62","7.04","28851.81","5.32","12285.67","2.26","6990.17","1.29","3304.06","0.61"
2022,2023,"SWKE0145","SWKB0128","159.77","2.66","0.00","0.00","167.46","2.79","132.20","2.20","0.00","0.00","284.95","4.75","0.00","0.00","10.00","0.17","422.23","7.04","32.70","0.55","369.49","6.16","28851.81","5.32","12285.67","2.26","6990.17","1.29","3304.06","0.61"
2022,2023,"SWKE0029","SWKB0129","108.71","1.81","0.00","0.00","17.17","0.29","52.21","0.87","0.00","0.00","0.00","0.00","0.00","0.00","10.00","0.17","338.99","5.65","0.00","0.00","257.80","4.30","140.10","2.34","228.57","3.81","52.24","0.87","0.00","0.00"
2022,2023,"SWKE0286","SWKB0130","725.66","6.05","0.00","0.00","802.16","6.68","929.46","7.75","0.00","0.00","1077.12","8.98","0.00","0.00","40.00","0.33","1699.76","14.16","0.00","0.00","1866.24","15.55","7392.35","4.18","3663.39","2.07","3063.13","1.73","598.47","0.34"
2022,2023,"SWKE0329","SWKB0131","1183.92","8.84","0.00","0.00","1949.59","14.55","1004.45","7.50","0.00","0.00","0.00","0.00","0.00","0.00","110.00","0.82","4096.58","30.57","0.00","0.00","2340.66","17.47","67056.41","7.86","57695.83","6.77","7120.45","0.84","2827.45","0.33"
2022,2023,"SWKE0329","SWKB0132","2044.38","8.52","0.00","0.00","1339.64","5.58","1651.86","6.88","0.00","0.00","0.00","0.00","0.00","0.00","260.00","1.08","7525.58","31.36","0.00","0.00","4863.38","20.26","67056.41","7.86","57695.83","6.77","7120.45","0.84","2827.45","0.33"
2022,2023,"SWKE0329","SWKB0133","1194.61","11.06","0.00","0.00","1116.88","10.34","1118.43","10.36","0.00","0.00","0.00","0.00","0.00","0.00","120.00","1.11","4559.00","42.21","0.00","0.00","2510.15","23.24","67056.41","7.86","57695.83","6.77","7120.45","0.84","2827.45","0.33"
2022,2023,"SWKE0006","SWKB0134","1813.89","5.69","0.00","0.00","2076.20","6.51","1355.66","4.25","0.00","0.00","1139.46","3.57","0.00","0.00","140.00","0.44","5933.24","18.60","494.53","1.55","3879.46","12.16","4390.38","5.92","2677.50","3.61","532.93","0.72","1655.37","2.23"
2022,2023,"SWKE0002","SWKB0135","847.63","4.51","0.00","0.00","1026.06","5.46","7.00","0.04","0.00","0.00","0.00","0.00","5134.16","27.31","30.00","0.16","1021.30","5.43","0.00","0.00","278.35","1.48","3727.56","2.35","1029.04","0.65","898.67","0.57","507.13","0.32"
2022,2023,"SWKE0033","SWKB0136","723.14","5.61","0.00","0.00","1404.75","10.89","359.04","2.78","0.00","0.00","0.00","0.00","0.00","0.00","50.00","0.39","2049.82","15.89","170.38","1.32","1858.61","14.41","8881.31","4.52","3400.90","1.73","2480.48","1.26","1457.53","0.74"
2022,2023,"SWKE0111","SWKB0137","0.00","0.00","0.00","0.00","14907.22","72.37","1040.41","5.05","0.00","0.00","0.00","0.00","15961.08","77.48","80.00","0.39","2753.16","13.36","1387.55","6.74","2816.39","13.67","0.00","0.00","6114.08","2.85","2844.13","1.32","77.17","0.04"
2022,2023,"SWKE0192","SWKB0138","1466.00","11.73","0.00","0.00","482.88","3.86","436.88","3.50","0.00","0.00","0.00","0.00","9126.56","73.01","80.00","0.64","2757.12","22.06","115.12","0.92","0.00","0.00","4042.15","2.40","1352.88","0.80","1512.56","0.90","1799.51","1.07"
2022,2023,"SWKE0198","SWKB0139","146.54","2.25","0.00","0.00","105.59","1.62","74.49","1.15","0.00","0.00","0.00","0.00","526.06","8.09","10.00","0.15","343.32","5.28","0.00","0.00","214.03","3.29","10806.74","4.00","4473.97","1.65","1968.42","0.73","1238.25","0.46"
2022,2023,"SWKE0156","SWKB0140","4269.99","7.41","0.00","0.00","6454.35","11.21","3658.44","6.35","0.00","0.00","0.00","0.00","0.00","0.00","290.00","0.50","12381.63","21.50","650.40","1.13","9961.29","17.29","18101.96","8.44","6570.48","3.06","4272.51","1.99","2078.74","0.97"
2022,2023,"SWKE0144","SWKB0141","230.46","3.84","0.00","0.00","1099.62","18.33","0.00","0.00","0.00","0.00","0.00","0.00","0.00","0.00","20.00","0.33","553.36","9.22","0.00","0.00","44.32","0.74","922.15","2.24","548.00","1.33","40.50","0.10","7.50","0.02"
2022,2023,"SWKE0201","SWKB0142","2032.91","10.16","0.00","0.00","2851.22","14.26","731.91","3.66","0.00","0.00","2080.60","10.40","0.00","0.00","130.00","0.65","5350.07","26.75","310.73","1.55","5275.49","26.38","36636.71","8.79","15477.74","3.71","7328.70","1.76","4457.84","1.07"
2022,2023,"SWKE0031","SWKB0143","314.72","18.51","0.00","0.00","58.35","3.43","212.50","12.50","0.00","0.00","0.00","0.00","0.00","0.00","20.00","1.18","766.87","45.11","0.00","0.00","1464.46","86.14","627.63","36.92","0.00","0.00","17.40","1.02","0.00","0.00"
2022,2023,"SWKE0198","SWKB0144","319.11","4.49","0.00","0.00","148.26","2.09","627.30","8.84","0.00","0.00","0.00","0.00","0.00","0.00","30.00","0.42","1282.95","18.07","0.00","0.00","532.05","7.49","10806.74","4.00","4473.97","1.65","1968.42","0.73","1238.25","0.46"
2022,2023,"SWKE0198","SWKB0145","263.04","3.65","0.00","0.00","625.24","8.68","399.26","5.55","0.00","0.00","0.00","0.00","0.00","0.00","20.00","0.28","855.30","11.88","0.00","0.00","350.26","4.86","10806.74","4.00","4473.97","1.65","1968.42","0.73","1238.25","0.46"
2022,2023,"SWKE0329","SWKB0146","1851.25","10.40","0.00","0.00","5981.16","33.60","1098.82","6.17","0.00","0.00","1667.32","9.37","0.00","0.00","100.00","0.56","4288.02","24.09","115.72","0.65","2322.82","13.05","67056.41","7.86","57695.83","6.77","7120.45","0.84","2827.45","0.33"
2022,2023,"SWKE0220","SWKB0147","3477.63","8.22","0.00","0.00","4379.97","10.35","3231.32","7.64","0.00","0.00","6438.58","15.22","0.00","0.00","260.00","0.61","9375.78","22.16","0.00","0.00","3280.76","7.76","9538.91","6.28","11292.23","7.43","2533.64","1.67","3053.70","2.01"
2022,2023,"SWKE0288","SWKB0148","2255.40","19.61","0.00","0.00","761.30","6.62","15543.70","135.16","0.00","0.00","0.00","0.00","0.00","0.00","80.00","0.70","3222.66","28.02","0.00","0.00","1779.66","15.48","36388.87","5.99","15134.54","2.49","3958.58","0.65","5509.76","0.91"
2022,2023,"SWKE0217","SWKB0149","715.97","8.33","0.00","0.00","218.98","2.55","902.10","10.49","0.00","0.00","0.00","0.00","0.00","0.00","50.00","0.58","1721.23","20.01","0.00","0.00","2703.29","31.43","9768.12","4.97","4798.38","2.44","1490.04","0.76","1113.40","0.57"
2022,2023,"SWKE0208","SWKB0150","841.64","8.50","0.00","0.00","447.82","4.52","341.03","3.44","0.00","0.00","0.00","0.00","0.00","0.00","90.00","0.91","3094.51","31.26","0.00","0.00","3199.54","32.32","2403.71","0.97","5063.13","2.04","2800.57","1.13","1360.06","0.55"
2022,2023,"SWKE0063","SWKB0151","1502.97","6.40","0.00","0.00","1417.55","6.03","1494.37","6.36","0.00","0.00","1155.28","4.92","0.00","0.00","100.00","0.43","4260.24","18.13","0.00","0.00","2517.26","10.71","9158.60","8.77","10675.16","10.23","1325.42","1.27","4851.39","4.65"
2022,2023,"SWKE0033","SWKB0152","340.83","3.04","0.00","0.00","254.05","2.27","227.56","2.03","0.00","0.00","0.00","0.00","0.00","0.00","30.00","0.27","1111.51","9.92","93.44","0.83","1027.26","9.17","8881.31","4.52","3400.90","1.73","2480.48","1.26","1457.53","0.74"
2022,2023,"SWKE0060","SWKB0153","3696.96","17.77","0.00","0.00","4083.43","19.63","1635.08","7.86","2562.99","12.32","0.00","0.00","17408.81","83.70","110.00","0.53","4129.88","19.86","798.79","3.84","3963.79","19.06","2682.32","2.41","3077.49","2.77","1533.87","1.38","459.83","0.41"
2022,2023,"SWKE0206","SWKB0154","458.47","4.54","0.00","0.00","209.73","2.08","509.54","5.04","0.00","0.00","535.03","5.30","0.00","0.00","30.00","0.30","1277.87","12.65","41.86","0.41","1208.77","11.97","3822.84","8.07","3331.97","7.03","89.34","0.19","177.68","0.37"
2022,2023,"SWKE0201","SWKB0155","742.09","14.27","0.00","0.00","836.42","16.09","430.11","8.27","0.00","0.00","1335.93","25.69","0.00","0.00","40.00","0.77","1705.18","32.79","180.06","3.46","1658.61","31.90","36636.71","8.79","15477.74","3.71","7328.70","1.76","4457.84","1.07"
2022,2023,"SWKE0254","SWKB0156","1527.68","16.97","0.00","0.00","310.39","3.45","417.16","4.64","0.00","0.00","0.00","0.00","10626.25","118.07","40.00","0.44","1365.94","15.18","91.70","1.02","1563.69","17.37","28014.15","5.93","12841.99","2.72","3467.67","0.73","2878.73","0.61"
2022,2023,"SWKE0254","SWKB0157","963.19","17.51","0.00","0.00","337.41","6.13","395.61","7.19","0.00","0.00","0.00","0.00","6536.23","118.84","20.00","0.36","691.27","12.57","0.00","0.00","1107.95","20.14","28014.15","5.93","12841.99","2.72","3467.67","0.73","2878.73","0.61"
2022,2023,"SWKE0254","SWKB0158","1353.00","24.16","0.00","0.00","544.41","9.72","543.96","9.71","0.00","0.00","0.00","0.00","9097.20","162.45","30.00","0.54","1029.96","18.39","0.00","0.00","1525.41","27.24","28014.15","5.93","12841.99","2.72","3467.67","0.73","2878.73","0.61"
2022,2023,"SWKE0045","SWKB0159","1989.84","17.01","0.00","0.00","2013.45","17.21","692.07","5.92","0.00","0.00","0.00","0.00","10857.63","92.80","60.00","0.51","2300.61","19.66","0.00","0.00","1851.90","15.83","21208.02","7.64","7811.54","2.81","2210.07","0.80","2040.28","0.73"
2022,2023,"SWKE0109","SWKB0160","76.82","3.20","0.00","0.00","98.28","4.10","0.00","0.00","0.00","0.00","0.00","0.00","0.00","0.00","10.00","0.42","422.23","17.59","0.00","0.00","0.00","0.00","28993.09","7.77","13027.12","3.49","5731.74","1.54","8768.26","2.35"
2022,2023,"SWKE0109","SWKB0161","84.75","3.53","0.00","0.00","177.64","7.40","0.00","0.00","0.00","0.00","0.00","0.00","0.00","0.00","10.00","0.42","422.23","17.59","0.00","0.00","0.00","0.00","28993.09","7.77","13027.12","3.49","5731.74","1.54","8768.26","2.35"
2022,2023,"SWKE0109","SWKB0162","175.17","7.30","0.00","0.00","0.00","0.00","0.00","0.00","0.00","0.00","0.00","0.00","0.00","0.00","30.00","1.25","1266.69","52.78","0.00","0.00","0.00","0.00","28993.09","7.77","13027.12","3.49","5731.74","1.54","8768.26","2.35"
2022,2023,"SWKE0109","SWKB0163","224.88","9.37","0.00","0.00","368.22","15.34","0.00","0.00","0.00","0.00","0.00","0.00","0.00","0.00","30.00","1.25","1266.69","52.78","0.00","0.00","0.00","0.00","28993.09","7.77","13027.12","3.49","5731.74","1.54","8768.26","2.35"
2022,2023,"SWKE0109","SWKB0164","270.54","11.27","0.00","0.00","154.92","6.46","0.00","0.00","0.00","0.00","0.00","0.00","0.00","0.00","40.00","1.67","1688.92","70.37","0.00","0.00","0.00","0.00","28993.09","7.77","13027.12","3.49","5731.74","1.54","8768.26","2.35"
2022,2023,"SWKE0109","SWKB0165","54.09","2.25","0.00","0.00","0.00","0.00","0.00","0.00","0.00","0.00","0.00","0.00","0.00","0.00","10.00","0.42","422.23","17.59","0.00","0.00","0.00","0.00","28993.09","7.77","13027.12","3.49","5731.74","1.54","8768.26","2.35"
2022,2023,"SWKE0032","SWKB0166","1471.18","8.17","0.00","0.00","1056.72","5.87","1638.90","9.11","0.00","0.00","1223.22","6.80","0.00","0.00","120.00","0.67","4788.92","26.61","0.00","0.00","2272.12","12.62","2366.02","13.14","1191.72","6.62","174.32","0.97","0.00","0.00"
2022,2023,"SWKE0087","SWKB0167","383.54","3.49","0.00","0.00","738.81","6.72","141.44","1.29","0.00","0.00","326.95","2.97","0.00","0.00","30.00","0.27","1111.51","10.10","74.32","0.68","976.35","8.88","9590.04","5.73","5415.19","3.23","1480.71","0.88","1213.61","0.72"
2022,2023,"SWKE0349","SWKB0168","0.00","0.00","57.89","0.33","1124.38","6.50","40.23","0.23","0.00","0.00","0.00","0.00","0.00","0.00","60.00","0.35","2156.63","12.47","10.94","0.06","2267.94","13.11","0.00","0.00","1582.45","1.31","2848.68","2.37","484.26","0.40"
2022,2023,"SWKE0156","SWKB0169","1608.88","5.44","0.00","0.00","2289.71","7.74","1355.32","4.58","0.00","0.00","0.00","0.00","0.00","0.00","120.00","0.41","4839.29","16.35","0.00","0.00","3696.38","12.49","18101.96","8.44","6570.48","3.06","4272.51","1.99","2078.74","0.97"
2022,2023,"SWKE0034","SWKB0170","559.64","13.32","0.00","0.00","372.64","8.87","674.04","16.05","0.00","0.00","0.00","0.00","0.00","0.00","40.00","0.95","1710.60","40.73","130.84","3.12","1365.08","32.50","1571.85","18.71","731.71","8.71","46.90","0.56","0.00","0.00"
2022,2023,"SWKE0298","SWKB0171","1389.80","23.16","0.00","0.00","1400.40","23.34","21.05","0.35","0.00","0.00","0.00","0.00","8379.20","139.65","50.00","0.83","1723.20","28.72","0.00","0.00","42.60","0.71","4966.35","7.74","1032.35","1.61","1764.12","2.75","257.82","0.40"
2022,2023,"SWKE0298","SWKB0172","56.81","1.89","0.00","0.00","0.00","0.00","0.00","0.00","0.00","0.00","0.00","0.00","0.00","0.00","0.00","0.00","0.00","0.00","0.00","0.00","8.52","0.28","4966.35","7.74","1032.35","1.61","1764.12","2.75","257.82","0.40"
2022,2023,"SWKE0298","SWKB0173","1111.68","20.21","0.00","0.00","114.80","2.09","161.28","2.93","0.00","0.00","0.00","0.00","7562.76","137.50","40.00","0.73","1378.56","25.06","0.00","0.00","34.08","0.62","4966.35","7.74","1032.35","1.61","1764.12","2.75","257.82","0.40"
2022,2023,"SWKE0263","SWKB0174","15288.38","17.65","0.00","0.00","10608.68","12.25","1278.04","1.48","0.00","0.00","0.00","0.00","84473.55","97.54","850.00","0.98","21310.92","24.61","0.00","0.00","7518.28","8.68","15356.34","12.74","6185.99","5.13","5900.07","4.90","2608.91","2.17"
2022,2023,"SWKE0100","SWKB0175","731.65","4.06","0.00","0.00","1028.31","5.71","612.44","3.40","0.00","0.00","919.65","5.11","0.00","0.00","240.00","1.33","1955.97","10.87","58.77","0.33","1846.83","10.26","3943.26","1.58","15133.29","6.06","3262.17","1.31","2132.32","0.85"
2022,2023,"SWKE0329","SWKB0176","1553.03","10.28","0.00","0.00","3338.56","22.11","1246.05","8.25","0.00","0.00","1465.86","9.71","0.00","0.00","140.00","0.93","4167.33","27.60","227.16","1.50","2426.76","16.07","67056.41","7.86","57695.83","6.77","7120.45","0.84","2827.45","0.33"
2022,2023,"SWKE0329","SWKB0177","728.04","8.77","0.00","0.00","1159.57","13.97","744.00","8.96","0.00","0.00","698.01","8.41","0.00","0.00","50.00","0.60","2039.58","24.57","196.81","2.37","1176.30","14.17","67056.41","7.86","57695.83","6.77","7120.45","0.84","2827.45","0.33"
2022,2023,"SWKE0329","SWKB0178","900.48","13.44","0.00","0.00","285.39","4.26","1371.70","20.47","0.00","0.00","1000.51","14.93","0.00","0.00","70.00","1.04","2889.46","43.13","0.00","0.00","1643.03","24.52","67056.41","7.86","57695.83","6.77","7120.45","0.84","2827.45","0.33"
2022,2023,"SWKE0316","SWKB0179","884.02","8.19","0.00","0.00","886.42","8.21","694.84","6.43","0.00","0.00","0.00","0.00","0.00","0.00","90.00","0.83","3256.94","30.16","0.00","0.00","2294.54","21.25","29606.81","9.09","8008.07","2.46","3575.40","1.10","1671.91","0.51"
2022,2023,"SWKE0159","SWKB0180","822.36","10.03","0.00","0.00","560.35","6.83","882.98","10.77","0.00","0.00","0.00","0.00","0.00","0.00","60.00","0.73","2039.10","24.87","0.00","0.00","2706.56","33.01","6810.30","6.48","9513.82","9.05","1331.17","1.27","444.73","0.42"
2022,2023,"SWKE0159","SWKB0181","1806.40","16.13","0.00","0.00","2483.15","22.17","2051.73","18.32","0.00","0.00","0.00","0.00","0.00","0.00","120.00","1.07","4193.33","37.44","0.00","0.00","4859.35","43.39","6810.30","6.48","9513.82","9.05","1331.17","1.27","444.73","0.42"
2022,2023,"SWKE0159","SWKB0182","1177.96","8.66","0.00","0.00","1173.90","8.63","2157.42","15.86","0.00","0.00","1036.41","7.62","0.00","0.00","70.00","0.51","2878.02","21.16","0.00","0.00","2150.24","15.81","6810.30","6.48","9513.82","9.05","1331.17","1.27","444.73","0.42"
2022,2023,"SWKE0037","SWKB0183","127.97","3.20","0.00","0.00","99.62","2.49","77.66","1.94","0.00","0.00","0.00","0.00","0.00","0.00","10.00","0.25","344.64","8.62","80.14","2.00","387.29","9.68","269.45","6.74","0.00","0.00","20.86","0.52","0.00","0.00"
2022,2023,"SWKE0038","SWKB0184","127.48","3.19","0.00","0.00","131.74","3.29","89.31","2.23","0.00","0.00","0.00","0.00","0.00","0.00","10.00","0.25","344.64","8.62","0.00","0.00","373.83","9.35","269.45","6.74","0.00","0.00","28.99","0.72","36.86","0.92"
2022,2023,"SWKE0036","SWKB0185","363.76","3.22","0.00","0.00","529.95","4.69","65.52","0.58","0.00","0.00","0.00","0.00","0.00","0.00","30.00","0.27","1120.05","9.91","79.10","0.70","677.35","5.99","545.57","4.83","515.55","4.56","104.50","0.92","0.00","0.00"
2022,2023,"SWKE0112","SWKB0186","2013.37","7.96","0.00","0.00","2850.14","11.27","427.74","1.69","0.00","0.00","4053.40","16.02","0.00","0.00","130.00","0.51","4465.43","17.65","0.00","0.00","4683.87","18.51","37372.02","7.97","29578.18","6.31","5048.69","1.08","2283.47","0.49"
2022,2023,"SWKE0340","SWKB0187","2231.46","9.38","0.00","0.00","2099.14","8.82","4121.87","17.32","0.00","0.00","1857.08","7.80","0.00","0.00","150.00","0.63","4997.42","21.00","1010.63","4.25","4014.44","16.87","10799.97","3.41","2194.90","0.69","856.94","0.27","928.95","0.29"
2022,2023,"SWKE0039","SWKB0188","3265.00","7.34","0.00","0.00","3247.83","7.30","4474.14","10.05","0.00","0.00","2875.96","6.46","0.00","0.00","400.00","0.90","8702.01","19.56","815.76","1.83","5872.87","13.20","4520.71","10.16","1833.05","4.12","211.06","0.47","96.99","0.22"
2022,2023,"SWKE0201","SWKB0189","1107.17","7.91","0.00","0.00","1912.76","13.66","461.46","3.30","0.00","0.00","1127.46","8.05","0.00","0.00","70.00","0.50","2816.69","20.12","0.00","0.00","2723.62","19.45","36636.71","8.79","15477.74","3.71","7328.70","1.76","4457.84","1.07"
2022,2023,"SWKE0040","SWKB0190","347.27","14.47","0.00","0.00","1820.47","75.85","209.15","8.71","0.00","0.00","0.00","0.00","0.00","0.00","10.00","0.42","422.23","17.59","24.53","1.02","312.58","13.02","243.20","5.79","398.20","9.48","42.36","1.01","0.00","0.00"
2022,2023,"SWKE0120","SWKB0191","1304.15","12.79","0.00","0.00","4971.25","48.74","1271.84","12.47","0.00","0.00","0.00","0.00","0.00","0.00","260.00","2.55","2971.87","29.14","70.22","0.69","2723.57","26.70","14622.22","2.98","9062.23","1.85","5281.87","1.08","1329.84","0.27"
2022,2023,"SWKE0288","SWKB0192","1956.02","12.70","0.00","0.00","914.75","5.94","11520.59","74.81","0.00","0.00","976.19","6.34","0.00","0.00","70.00","0.45","2800.43","18.18","0.00","0.00","2258.66","14.67","36388.87","5.99","15134.54","2.49","3958.58","0.65","5509.76","0.91"
2022,2023,"SWKE0288","SWKB0193","2985.08","18.09","0.00","0.00","1248.06","7.56","18557.16","112.47","0.00","0.00","1553.90","9.42","0.00","0.00","90.00","0.55","3772.71","22.86","0.00","0.00","3183.32","19.29","36388.87","5.99","15134.54","2.49","3958.58","0.65","5509.76","0.91"
2022,2023,"SWKE0288","SWKB0194","2156.77","11.17","0.00","0.00","541.91","2.81","14107.99","73.10","0.00","0.00","0.00","0.00","0.00","0.00","70.00","0.36","2983.39","15.46","0.00","0.00","2653.85","13.75","36388.87","5.99","15134.54","2.49","3958.58","0.65","5509.76","0.91"
2022,2023,"SWKE0288","SWKB0195","3087.78","19.06","0.00","0.00","157.68","0.97","20110.29","124.14","0.00","0.00","0.00","0.00","0.00","0.00","120.00","0.74","4833.99","29.84","0.00","0.00","3896.19","24.05","36388.87","5.99","15134.54","2.49","3958.58","0.65","5509.76","0.91"
2022,2023,"SWKE0352","SWKB0196","1141.10","6.01","0.00","0.00","2002.10","10.54","1289.48","6.79","0.00","0.00","0.00","0.00","0.00","0.00","80.00","0.42","3321.93","17.48","0.00","0.00","2914.93","15.34","7891.72","2.79","6970.78","2.46","3122.20","1.10","1356.29","0.48"
2022,2023,"SWKE0041","SWKB0197","4760.08","11.90","0.00","0.00","5754.66","14.39","2015.08","5.04","0.00","0.00","3404.68","8.51","24090.28","60.23","140.00","0.35","5746.40","14.37","444.80","1.11","3379.06","8.45","66294.63","5.02","43369.16","3.28","23493.13","1.78","6607.17","0.50"
2022,2023,"SWKE0043","SWKB0198","185.25","5.15","0.00","0.00","65.35","1.82","111.45","3.10","0.00","0.00","0.00","0.00","0.00","0.00","10.00","0.28","422.23","11.73","43.61","1.21","424.62","11.80","395.15","10.98","334.49","9.29","55.56","1.54","0.00","0.00"
2022,2023,"SWKE0145","SWKB0199","172.35","3.59","0.00","0.00","314.48","6.55","-4037.63","-84.12","0.00","0.00","0.00","0.00","0.00","0.00","50.00","1.04","2045.34","42.61","168.97","3.52","2257.48","47.03","28851.81","5.32","12285.67","2.26","6990.17","1.29","3304.06","0.61"
2022,2023,"SWKE0145","SWKB0200","603.92","12.32","0.00","0.00","1543.71","31.50","366.87","7.49","0.00","0.00","0.00","0.00","0.00","0.00","40.00","0.82","1622.51","33.11","130.09","2.65","1634.91","33.37","28851.81","5.32","12285.67","2.26","6990.17","1.29","3304.06","0.61"
2022,2023,"SWKE0145","SWKB0201","128.21","2.67","0.00","0.00","97.95","2.04","103.64","2.16","0.00","0.00","0.00","0.00","0.00","0.00","10.00","0.21","422.23","8.80","32.70","0.68","436.93","9.10","28851.81","5.32","12285.67","2.26","6990.17","1.29","3304.06","0.61"
2022,2023,"SWKE0044","SWKB0202","0.00","0.00","0.00","0.00","187.20","1.95","2233.08","23.26","0.00","0.00","0.00","0.00","0.00","0.00","90.00","0.94","3800.07","39.58","540.64","5.63","3585.33","37.35","0.00","0.00","4374.81","7.15","1426.26","2.33","1750.32","2.86"
2022,2023,"SWKE0044","SWKB0203","0.00","0.00","0.00","0.00","3334.94","34.74","1961.61","20.43","0.00","0.00","0.00","0.00","0.00","0.00","70.00","0.73","2955.61","30.79","0.00","0.00","2788.59","29.05","0.00","0.00","4374.81","7.15","1426.26","2.33","1750.32","2.86"
2022,2023,"SWKE0044","SWKB0204","0.00","0.00","0.00","0.00","1283.52","13.37","2006.32","20.90","0.00","0.00","0.00","0.00","0.00","0.00","80.00","0.83","3377.84","35.19","506.88","5.28","3186.96","33.20","0.00","0.00","4374.81","7.15","1426.26","2.33","1750.32","2.86"
2022,2023,"SWKE0044","SWKB0205","0.00","0.00","0.00","0.00","857.97","8.94","2230.92","23.24","0.00","0.00","0.00","0.00","0.00","0.00","120.00","1.25","3800.07","39.58","0.00","0.00","3585.33","37.35","0.00","0.00","4374.81","7.15","1426.26","2.33","1750.32","2.86"
2022,2023,"SWKE0329","SWKB0206","2672.67","10.16","0.00","0.00","1635.03","6.22","1527.11","5.81","0.00","0.00","2433.34","9.25","0.00","0.00","190.00","0.72","8410.41","31.98","514.66","1.96","6762.22","25.71","67056.41","7.86","57695.83","6.77","7120.45","0.84","2827.45","0.33"
2022,2023,"SWKE0316","SWKB0207","2068.95","8.24","0.00","0.00","3463.32","13.80","1242.82","4.95","0.00","0.00","2243.17","8.94","0.00","0.00","180.00","0.72","6156.58","24.53","0.00","0.00","3842.47","15.31","29606.81","9.09","8008.07","2.46","3575.40","1.10","1671.91","0.51"
2022,2023,"SWKE0129","SWKB0208","754.36","6.18","0.00","0.00","961.16","7.88","1239.52","10.16","0.00","0.00","1109.40","9.09","0.00","0.00","40.00","0.33","1688.92","13.84","0.00","0.00","1426.44","11.69","33233.44","5.71","15254.16","2.62","6285.16","1.08","4205.47","0.72"
2022,2023,"SWKE0145","SWKB0209","1321.10","8.47","0.00","0.00","2151.50","13.79","1556.10","9.98","0.00","0.00","0.00","0.00","0.00","0.00","100.00","0.64","4222.30","27.07","81.70","0.52","3312.90","21.24","28851.81","5.32","12285.67","2.26","6990.17","1.29","3304.06","0.61"
2022,2023,"SWKE0248","SWKB0210","435.84","2.87","0.00","0.00","418.93","2.76","97.75","0.64","0.00","0.00","440.55","2.90","0.00","0.00","50.00","0.33","1713.56","11.27","0.00","0.00","1019.59","6.71","5528.05","3.65","4264.51","2.81","2492.04","1.64","260.49","0.17"
2022,2023,"SWKE0129","SWKB0211","801.90","6.85","0.00","0.00","2209.45","18.88","487.05","4.16","0.00","0.00","0.00","0.00","0.00","0.00","50.00","0.43","1716.60","14.67","0.00","0.00","1975.65","16.89","33233.44","5.71","15254.16","2.62","6285.16","1.08","4205.47","0.72"
2022,2023,"SWKE0275","SWKB0212","2861.86","9.48","0.00","0.00","2183.17","7.23","2358.63","7.81","0.00","0.00","3573.52","11.83","13713.55","45.41","100.00","0.33","3679.17","12.18","314.16","1.04","1812.80","6.00","1037.38","0.86","1282.91","1.07","295.97","0.25","242.45","0.20"
2022,2023,"SWKE0201","SWKB0213","1259.92","8.29","0.00","0.00","1974.42","12.99","452.46","2.98","0.00","0.00","1973.75","12.99","0.00","0.00","70.00","0.46","2966.45","19.52","100.39","0.66","3054.92","20.10","36636.71","8.79","15477.74","3.71","7328.70","1.76","4457.84","1.07"
2022,2023,"SWKE0017","SWKB0214","1043.85","4.97","0.00","0.00","1095.75","5.22","787.32","3.75","0.00","0.00","0.00","0.00","0.00","0.00","90.00","0.43","3089.88","14.71","130.80","0.62","2017.62","9.61","11038.97","5.77","3490.54","1.83","1723.70","0.90","13544.02","7.08"
2022,2023,"SWKE0324","SWKB0292","1.97","0.03","0.00","0.00","0.00","0.00","0.00","0.00","0.00","0.00","0.00","0.00","0.00","0.00","230.00","3.33","0.00","0.00","0.00","0.00","0.00","0.00","107.58","0.07","13.33","0.01","16.92","0.01","26.16","0.02"
2022,2023,"SWKE0046","SWKB0215","398.52","11.07","0.00","0.00","1044.94","29.03","55.02","1.53","0.00","0.00","0.00","0.00","0.00","0.00","20.00","0.56","844.46","23.46","98.10","2.73","531.64","14.77","589.20","16.37","492.50","13.68","131.50","3.65","197.86","5.50"
2022,2023,"SWKE0192","SWKB0216","3399.16","15.04","0.00","0.00","3919.64","17.34","2426.16","10.74","0.00","0.00","7918.50","35.04","0.00","0.00","190.00","0.84","7861.11","34.78","0.00","0.00","5423.32","24.00","4042.15","2.40","1352.88","0.80","1512.56","0.90","1799.51","1.07"
2022,2023,"SWKE0328","SWKB0217","6506.29","25.32","0.00","0.00","2941.90","11.45","4668.10","18.16","0.00","0.00","0.00","0.00","31901.62","124.13","200.00","0.78","8404.95","32.70","0.00","0.00","6068.16","23.61","16278.41","11.42","33261.27","23.34","7166.77","5.03","1330.05","0.93"
2022,2023,"SWKE0316","SWKB0218","688.32","4.75","0.00","0.00","261.45","1.80","947.37","6.53","0.00","0.00","0.00","0.00","0.00","0.00","60.00","0.41","2378.58","16.40","0.00","0.00","1806.59","12.46","29606.81","9.09","8008.07","2.46","3575.40","1.10","1671.91","0.51"
2022,2023,"SWKE0248","SWKB0219","328.56","6.08","0.00","0.00","215.84","4.00","279.72","5.18","0.00","0.00","0.00","0.00","0.00","0.00","40.00","0.74","1373.28","25.43","0.00","0.00","603.52","11.18","5528.05","3.65","4264.51","2.81","2492.04","1.64","260.49","0.17"
2022,2023,"SWKE0248","SWKB0220","1081.34","2.98","0.00","0.00","1722.37","4.74","429.26","1.18","0.00","0.00","0.00","0.00","0.00","0.00","130.00","0.36","4463.16","12.30","0.00","0.00","1556.23","4.29","5528.05","3.65","4264.51","2.81","2492.04","1.64","260.49","0.17"
2022,2023,"SWKE0047","SWKB0221","2638.06","6.94","0.00","0.00","2971.49","7.82","2653.79","6.98","0.00","0.00","3038.46","8.00","0.00","0.00","230.00","0.61","9253.12","24.35","0.00","0.00","3388.93","8.92","2293.26","5.97","2219.58","5.78","521.78","1.36","40.89","0.11"
2022,2023,"SWKE0205","SWKB0222","724.82","5.10","0.00","0.00","514.07","3.62","223.43","1.57","0.00","0.00","900.79","6.34","0.00","0.00","50.00","0.35","1961.39","13.81","160.28","1.13","1678.94","11.82","5394.51","9.75","4703.63","8.51","599.78","1.08","95.62","0.17"
2022,2023,"SWKE0087","SWKB0223","647.27","5.88","0.00","0.00","999.04","9.08","368.30","3.35","0.00","0.00","646.93","5.88","0.00","0.00","50.00","0.45","1955.97","17.78","0.00","0.00","1686.64","15.33","9590.04","5.73","5415.19","3.23","1480.71","0.88","1213.61","0.72"
2022,2023,"SWKE0112","SWKB0224","1183.50","10.29","0.00","0.00","1028.44","8.94","521.28","4.53","0.00","0.00","4114.96","35.78","0.00","0.00","60.00","0.52","2378.20","20.68","0.00","0.00","2239.36","19.47","37372.02","7.97","29578.18","6.31","5048.69","1.08","2283.47","0.49"
2022,2023,"SWKE0049","SWKB0225","856.17","11.57","0.00","0.00","1005.49","13.59","309.15","4.18","0.00","0.00","0.00","0.00","0.00","0.00","60.00","0.81","2382.30","32.19","376.09","5.08","2019.75","27.29","1014.91","10.25","1406.37","14.21","47.67","0.48","0.00","0.00"
2022,2023,"SWKE0288","SWKB0226","2718.98","17.66","0.00","0.00","2099.48","13.63","17279.40","112.20","0.00","0.00","0.00","0.00","0.00","0.00","90.00","0.58","3870.02","25.13","0.00","0.00","2306.21","14.98","36388.87","5.99","15134.54","2.49","3958.58","0.65","5509.76","0.91"
2022,2023,"SWKE0177","SWKB0227","4295.20","7.88","0.00","0.00","7692.97","14.12","7686.70","14.10","0.00","0.00","5603.80","10.28","0.00","0.00","230.00","0.42","8320.02","15.27","800.64","1.47","5868.11","10.77","13790.80","7.27","1405.18","0.74","2090.00","1.10","3877.80","2.04"
2022,2023,"SWKE0027","SWKB0228","256.11","16.01","0.00","0.00","29.19","1.82","0.00","0.00","0.00","0.00","0.00","0.00","1866.46","116.65","10.00","0.63","422.23","26.39","0.00","0.00","0.00","0.00","4847.57","2.50","1070.16","0.55","899.57","0.46","563.44","0.29"
2022,2023,"SWKE0201","SWKB0229","2237.77","11.19","0.00","0.00","3050.95","15.25","1412.55","7.06","0.00","0.00","3060.69","15.30","0.00","0.00","130.00","0.65","5431.58","27.16","413.58","2.07","5347.33","26.74","36636.71","8.79","15477.74","3.71","7328.70","1.76","4457.84","1.07"
2022,2023,"SWKE0115","SWKB0230","721.44","12.02","0.00","0.00","733.95","12.23","0.00","0.00","0.00","0.00","0.00","0.00","4849.92","80.83","30.00","0.50","1033.92","17.23","0.00","0.00","65.94","1.10","414.48","0.51","342.60","0.42","127.50","0.16","0.00","0.00"
2022,2023,"SWKE0217","SWKB0231","724.65","4.26","0.00","0.00","848.39","4.99","608.76","3.58","0.00","0.00","0.00","0.00","0.00","0.00","60.00","0.35","2064.55","12.14","0.00","0.00","1797.03","10.57","9768.12","4.97","4798.38","2.44","1490.04","0.76","1113.40","0.57"
2022,2023,"SWKE0259","SWKB0232","1570.84","8.63","0.00","0.00","3728.25","20.48","1742.40","9.57","0.00","0.00","1434.42","7.88","0.00","0.00","90.00","0.49","3089.88","16.98","1059.68","5.82","2707.02","14.87","7056.09","2.49","10017.05","3.54","3543.05","1.25","651.89","0.23"
2022,2023,"SWKE0092","SWKB0233","1149.72","9.50","0.00","0.00","1662.44","13.74","0.00","0.00","0.00","0.00","0.00","0.00","6905.59","57.07","40.00","0.33","1362.78","11.26","0.00","0.00","241.25","1.99","25129.33","11.15","3853.35","1.71","3984.36","1.77","858.81","0.38"
2022,2023,"SWKE0352","SWKB0234","510.03","4.44","0.00","0.00","273.81","2.38","599.57","5.21","0.00","0.00","0.00","0.00","0.00","0.00","40.00","0.35","1611.33","14.01","0.00","0.00","1766.67","15.36","7891.72","2.79","6970.78","2.46","3122.20","1.10","1356.29","0.48"
2022,2023,"SWKE0113","SWKB0235","908.31","5.41","0.00","0.00","547.68","3.26","989.25","5.89","0.00","0.00","0.00","0.00","0.00","0.00","80.00","0.48","3155.91","18.79","18.31","0.11","2801.67","16.68","9091.91","4.49","5982.86","2.95","2399.88","1.18","1941.64","0.96"
2022,2023,"SWKE0050","SWKB0236","808.01","5.61","0.00","0.00","418.95","2.91","958.86","6.66","0.00","0.00","0.00","0.00","0.00","0.00","70.00","0.49","2955.61","20.53","228.90","1.59","2072.14","14.39","2347.82","6.67","1077.61","3.06","291.83","0.83","0.00","0.00"
2022,2023,"SWKE0220","SWKB0237","981.72","5.11","0.00","0.00","1288.62","6.71","773.28","4.03","0.00","0.00","1443.96","7.52","0.00","0.00","60.00","0.31","2565.90","13.36","0.00","0.00","1427.76","7.44","9538.91","6.28","11292.23","7.43","2533.64","1.67","3053.70","2.01"
2022,2023,"SWKE0291","SWKB0238","1245.56","14.65","0.00","0.00","75.50","0.89","0.00","0.00","0.00","0.00","0.00","0.00","7497.01","88.20","70.00","0.82","2402.84","28.27","0.00","0.00","642.25","7.56","58565.61","12.97","9635.91","2.13","7060.54","1.56","879.53","0.19"
2022,2023,"SWKE0291","SWKB0239","1034.92","10.15","0.00","0.00","129.03","1.27","0.00","0.00","0.00","0.00","0.00","0.00","6065.12","59.46","50.00","0.49","1695.78","16.63","0.00","0.00","899.87","8.82","58565.61","12.97","9635.91","2.13","7060.54","1.56","879.53","0.19"
2022,2023,"SWKE0291","SWKB0240","4210.44","16.01","0.00","0.00","6974.49","26.52","672.64","2.56","0.00","0.00","2647.22","10.07","18656.54","70.94","170.00","0.65","6275.39","23.86","0.00","0.00","2269.39","8.63","58565.61","12.97","9635.91","2.13","7060.54","1.56","879.53","0.19"
2022,2023,"SWKE0291","SWKB0241","616.95","7.26","0.00","0.00","676.17","7.95","0.00","0.00","0.00","0.00","0.00","0.00","3332.04","39.20","30.00","0.35","1033.92","12.16","0.00","0.00","291.93","3.43","58565.61","12.97","9635.91","2.13","7060.54","1.56","879.53","0.19"
2022,2023,"SWKE0291","SWKB0242","1487.23","17.50","0.00","0.00","1218.86","14.34","57.59","0.68","0.00","0.00","0.00","0.00","8072.34","94.97","80.00","0.94","2742.66","32.27","0.00","0.00","720.10","8.47","58565.61","12.97","9635.91","2.13","7060.54","1.56","879.53","0.19"
2022,2023,"SWKE0056","SWKB0243","805.20","6.24","0.00","0.00","677.08","5.25","643.04","4.98","0.00","0.00","0.00","0.00","0.00","0.00","80.00","0.62","2751.19","21.33","0.00","0.00","1175.26","9.11","11236.68","7.22","2379.71","1.53","2129.49","1.37","2380.20","1.53"
2022,2023,"SWKE0021","SWKB0244","1283.92","6.17","0.00","0.00","1872.44","9.00","618.60","2.97","0.00","0.00","0.00","0.00","7049.54","33.89","40.00","0.19","1540.36","7.41","0.00","0.00","931.18","4.48","11477.97","0.96","6872.37","0.57","2775.59","0.23","5106.47","0.43"
2022,2023,"SWKE0051","SWKB0245","797.76","13.30","0.00","0.00","3444.68","57.41","675.48","11.26","0.00","0.00","643.16","10.72","0.00","0.00","30.00","0.50","1378.56","22.98","0.00","0.00","1329.16","22.15","474.20","7.90","0.00","0.00","32.52","0.54","0.00","0.00"
2022,2023,"SWKE0052","SWKB0246","550.26","9.17","0.00","0.00","1937.19","32.29","504.36","8.41","0.00","0.00","478.47","7.97","0.00","0.00","30.00","0.50","1033.92","17.23","196.23","3.27","996.87","16.61","355.65","5.93","0.00","0.00","0.00","0.00","0.00","0.00"
2022,2023,"SWKE0157","SWKB0247","0.00","0.00","0.00","0.00","1045.94","4.43","2165.80","9.18","0.00","0.00","958.37","4.06","0.00","0.00","70.00","0.30","2403.24","10.18","12962.58","54.93","3766.84","15.96","0.00","0.00","12815.76","5.85","10556.31","4.82","1043.51","0.48"
2022,2023,"SWKE0055","SWKB0248","1385.71","9.43","0.00","0.00","634.04","4.31","1049.74","7.14","0.00","0.00","0.00","0.00","0.00","0.00","110.00","0.75","3789.27","25.78","0.00","0.00","2190.12","14.90","5144.63","16.13","5435.78","17.04","597.19","1.87","785.89","2.46"
2022,2023,"SWKE0210","SWKB0249","2139.96","10.29","0.00","0.00","2079.06","10.00","242.76","1.17","0.00","0.00","0.00","0.00","13077.00","62.87","60.00","0.29","2087.70","10.04","0.00","0.00","2024.22","9.73","18399.95","6.76","6510.11","2.39","3421.44","1.26","2839.76","1.04"
2022,2023,"SWKE0053","SWKB0250","173.63","6.43","0.00","0.00","70.99","2.63","525.00","19.44","0.00","0.00","0.00","0.00","0.00","0.00","210.00","7.78","1024.28","37.94","0.00","0.00","0.00","0.00","0.00","0.00","0.00","0.00","116.03","4.30","0.00","0.00"
2022,2023,"SWKE0054","SWKB0251","886.55","18.47","0.00","0.00","680.33","14.17","465.99","9.71","0.00","0.00","0.00","0.00","0.00","0.00","60.00","1.25","2955.61","61.58","0.00","0.00","1757.98","36.62","660.03","13.75","2048.76","42.68","296.66","6.18","0.00","0.00"
2022,2023,"SWKE0148","SWKB0252","1995.16","5.42","0.00","0.00","2125.44","5.78","565.76","1.54","0.00","0.00","2926.32","7.95","0.00","0.00","160.00","0.43","5511.64","14.98","369.24","1.00","5005.04","13.60","2543.66","2.65","3732.20","3.89","801.83","0.84","396.97","0.41"
2022,2023,"SWKE0084","SWKB0253","3657.71","12.23","0.00","0.00","3137.52","10.49","590.04","1.97","0.00","0.00","0.00","0.00","21957.47","73.44","140.00","0.47","5053.42","16.90","0.00","0.00","3503.06","11.72","9947.29","3.00","6767.48","2.04","5024.55","1.52","1002.80","0.30"
2022,2023,"SWKE0227","SWKB0254","241.05","2.01","0.00","0.00","0.00","0.00","0.00","0.00","0.00","0.00","0.00","0.00","0.00","0.00","30.00","0.25","1021.30","8.51","103.01","0.86","257.41","2.15","20224.97","9.68","9128.09","4.37","4000.84","1.91","2920.21","1.40"
2022,2023,"SWKE0220","SWKB0255","2999.34","6.94","0.00","0.00","2881.41","6.67","1440.71","3.33","0.00","0.00","4297.93","9.95","0.00","0.00","210.00","0.49","9725.17","22.51","0.00","0.00","4022.92","9.31","9538.91","6.28","11292.23","7.43","2533.64","1.67","3053.70","2.01"
2022,2023,"SWKE0215","SWKB0256","416.82","4.43","0.00","0.00","1674.16","17.81","279.34","2.97","0.00","0.00","712.58","7.58","0.00","0.00","20.00","0.21","844.46","8.98","617.58","6.57","0.00","0.00","0.00","0.00","0.00","0.00","41.16","0.13","18.81","0.06"
2022,2023,"SWKE0253","SWKB0257","1653.85","25.84","0.00","0.00","1958.50","30.60","350.35","5.47","0.00","0.00","0.00","0.00","7736.85","120.89","50.00","0.78","2111.15","32.99","286.20","4.47","1952.55","30.51","22883.13","8.88","4446.78","1.72","1017.29","0.39","7492.98","2.91"
2022,2023,"SWKE0177","SWKB0258","1707.62","5.11","0.00","0.00","1129.93","3.38","6530.58","19.55","0.00","0.00","0.00","0.00","0.00","0.00","100.00","0.30","3448.41","10.32","0.00","0.00","2402.02","7.19","13790.80","7.27","1405.18","0.74","2090.00","1.10","3877.80","2.04"
2022,2023,"SWKE0145","SWKB0259","3028.35","6.44","0.00","0.00","3509.38","7.47","4021.48","8.56","0.00","0.00","0.00","0.00","0.00","0.00","280.00","0.60","11832.59","25.18","159.11","0.34","5005.46","10.65","28851.81","5.32","12285.67","2.26","6990.17","1.29","3304.06","0.61"
2022,2023,"SWKE0349","SWKB0260","0.00","0.00","45.82","0.31","1940.14","13.11","26.59","0.18","0.00","0.00","0.00","0.00","0.00","0.00","60.00","0.41","2134.98","14.43","100.51","0.68","2048.92","13.84","0.00","0.00","1582.45","1.31","2848.68","2.37","484.26","0.40"
2022,2023,"SWKE0349","SWKB0261","0.00","0.00","64.89","0.41","760.97","4.85","517.58","3.30","0.00","0.00","0.00","0.00","0.00","0.00","70.00","0.45","2403.24","15.31","148.05","0.94","2325.33","14.81","0.00","0.00","1582.45","1.31","2848.68","2.37","484.26","0.40"
2022,2023,"SWKE0349","SWKB0262","0.00","0.00","57.89","0.29","696.72","3.48","34.82","0.17","0.00","0.00","0.00","0.00","0.00","0.00","60.00","0.30","2156.63","10.78","107.43","0.54","2311.57","11.56","0.00","0.00","1582.45","1.31","2848.68","2.37","484.26","0.40"
2022,2023,"SWKE0057","SWKB0263","3837.55","17.52","0.00","0.00","4476.06","20.44","2505.18","11.44","0.00","0.00","0.00","0.00","19498.71","89.04","310.00","1.42","4590.01","20.96","0.00","0.00","3155.24","14.41","2281.57","5.23","3566.90","8.18","812.32","1.86","0.00","0.00"
2022,2023,"SWKE0057","SWKB0264","2279.22","10.50","0.00","0.00","2968.34","13.68","415.72","1.92","0.00","0.00","0.00","0.00","12032.98","55.45","80.00","0.37","2939.77","13.55","0.00","0.00","1924.83","8.87","2281.57","5.23","3566.90","8.18","812.32","1.86","0.00","0.00"
2022,2023,"SWKE0352","SWKB0265","472.99","4.93","0.00","0.00","874.13","9.11","388.97","4.05","0.00","0.00","0.00","0.00","0.00","0.00","30.00","0.31","1187.78","12.37","0.00","0.00","1577.66","16.43","7891.72","2.79","6970.78","2.46","3122.20","1.10","1356.29","0.48"
2022,2023,"SWKE0201","SWKB0266","1192.07","10.37","0.00","0.00","2524.07","21.95","701.18","6.10","0.00","0.00","1203.61","10.47","0.00","0.00","80.00","0.70","3306.27","28.75","181.98","1.58","1738.16","15.11","36636.71","8.79","15477.74","3.71","7328.70","1.76","4457.84","1.07"
2022,2023,"SWKE0082","SWKB0267","1357.59","7.38","0.00","0.00","1933.49","10.51","592.84","3.22","0.00","0.00","0.00","0.00","0.00","0.00","130.00","0.71","4437.18","24.12","0.00","0.00","2816.05","15.30","13658.39","7.08","5272.73","2.73","3668.66","1.90","2674.92","1.39"
2022,2023,"SWKE0058","SWKB0268","96.05","19.21","0.00","0.00","336.31","67.26","0.00","0.00","0.00","0.00","0.00","0.00","0.00","0.00","10.00","2.00","276.68","55.34","0.00","0.00","0.00","0.00","121.50","0.14","468.60","0.53","308.70","0.35","143.82","0.16"
2022,2023,"SWKE0058","SWKB0269","66.41","13.28","0.00","0.00","39.88","7.98","0.00","0.00","0.00","0.00","0.00","0.00","0.00","0.00","10.00","2.00","276.68","55.34","0.00","0.00","0.00","0.00","121.50","0.14","468.60","0.53","308.70","0.35","143.82","0.16"
2022,2023,"SWKE0058","SWKB0270","66.41","13.28","0.00","0.00","39.88","7.98","0.00","0.00","0.00","0.00","0.00","0.00","0.00","0.00","10.00","2.00","276.68","55.34","0.00","0.00","0.00","0.00","121.50","0.14","468.60","0.53","308.70","0.35","143.82","0.16"
2022,2023,"SWKE0059","SWKB0271","775.88","25.86","0.00","0.00","387.72","12.92","892.56","29.75","0.00","0.00","0.00","0.00","0.00","0.00","40.00","1.33","1378.56","45.95","0.00","0.00","2057.80","68.59","1100.44","10.48","2559.12","24.37","356.24","3.39","2068.16","19.70"
2022,2023,"SWKE0288","SWKB0272","4165.53","43.85","0.00","0.00","2982.84","31.40","27354.45","287.94","0.00","0.00","2943.51","30.98","0.00","0.00","110.00","1.16","4505.61","47.43","0.00","0.00","2043.28","21.51","36388.87","5.99","15134.54","2.49","3958.58","0.65","5509.76","0.91"
2022,2023,"SWKE0341","SWKB0273","0.00","0.00","0.00","0.00","4279.33","9.01","4469.53","9.41","0.00","0.00","5954.53","12.54","0.00","0.00","290.00","0.61","11851.90","24.95","11985.03","25.23","12603.37","26.53","0.00","0.00","0.00","0.00","1195.84","2.52","129.63","0.27"
2022,2023,"SWKE0324","SWKB0274","0.00","0.00","0.00","0.00","0.00","0.00","0.00","0.00","0.00","0.00","0.00","0.00","0.00","0.00","40.00","1.43","0.00","0.00","0.00","0.00","0.00","0.00","107.58","0.07","13.33","0.01","16.92","0.01","26.16","0.02"
2022,2023,"SWKE0324","SWKB0275","0.00","0.00","0.00","0.00","0.00","0.00","0.00","0.00","0.00","0.00","0.00","0.00","0.00","0.00","10.00","0.71","0.00","0.00","0.00","0.00","0.00","0.00","107.58","0.07","13.33","0.01","16.92","0.01","26.16","0.02"
2022,2023,"SWKE0324","SWKB0276","0.00","0.00","0.00","0.00","0.00","0.00","0.00","0.00","0.00","0.00","0.00","0.00","0.00","0.00","10.00","0.71","0.00","0.00","0.00","0.00","0.00","0.00","107.58","0.07","13.33","0.01","16.92","0.01","26.16","0.02"
2022,2023,"SWKE0324","SWKB0277","0.00","0.00","0.00","0.00","0.00","0.00","0.00","0.00","0.00","0.00","0.00","0.00","0.00","0.00","10.00","0.36","0.00","0.00","0.00","0.00","0.00","0.00","107.58","0.07","13.33","0.01","16.92","0.01","26.16","0.02"
2022,2023,"SWKE0324","SWKB0278","0.00","0.00","0.00","0.00","0.00","0.00","0.00","0.00","0.00","0.00","0.00","0.00","0.00","0.00","20.00","0.69","0.00","0.00","0.00","0.00","0.00","0.00","107.58","0.07","13.33","0.01","16.92","0.01","26.16","0.02"
2022,2023,"SWKE0324","SWKB0279","0.00","0.00","0.00","0.00","0.00","0.00","0.00","0.00","0.00","0.00","0.00","0.00","0.00","0.00","10.00","0.36","0.00","0.00","0.00","0.00","0.00","0.00","107.58","0.07","13.33","0.01","16.92","0.01","26.16","0.02"
2022,2023,"SWKE0324","SWKB0280","0.00","0.00","0.00","0.00","0.00","0.00","0.00","0.00","0.00","0.00","0.00","0.00","0.00","0.00","30.00","1.07","0.00","0.00","0.00","0.00","0.00","0.00","107.58","0.07","13.33","0.01","16.92","0.01","26.16","0.02"
2022,2023,"SWKE0324","SWKB0281","0.00","0.00","0.00","0.00","0.00","0.00","0.00","0.00","0.00","0.00","0.00","0.00","0.00","0.00","20.00","0.71","0.00","0.00","0.00","0.00","0.00","0.00","107.58","0.07","13.33","0.01","16.92","0.01","26.16","0.02"
2022,2023,"SWKE0324","SWKB0282","0.00","0.00","0.00","0.00","0.00","0.00","0.00","0.00","0.00","0.00","0.00","0.00","0.00","0.00","20.00","0.71","0.00","0.00","0.00","0.00","0.00","0.00","107.58","0.07","13.33","0.01","16.92","0.01","26.16","0.02"
2022,2023,"SWKE0324","SWKB0283","0.00","0.00","0.00","0.00","0.00","0.00","0.00","0.00","0.00","0.00","0.00","0.00","0.00","0.00","10.00","0.34","0.00","0.00","0.00","0.00","0.00","0.00","107.58","0.07","13.33","0.01","16.92","0.01","26.16","0.02"
2022,2023,"SWKE0324","SWKB0284","0.00","0.00","0.00","0.00","0.00","0.00","0.00","0.00","0.00","0.00","0.00","0.00","0.00","0.00","30.00","0.71","0.00","0.00","0.00","0.00","0.00","0.00","107.58","0.07","13.33","0.01","16.92","0.01","26.16","0.02"
2022,2023,"SWKE0324","SWKB0285","99.06","2.75","0.00","0.00","0.00","0.00","131.16","3.64","0.00","0.00","0.00","0.00","0.00","0.00","10.00","0.28","422.23","11.73","0.00","0.00","413.16","11.48","107.58","0.07","13.33","0.01","16.92","0.01","26.16","0.02"
2022,2023,"SWKE0324","SWKB0286","0.00","0.00","0.00","0.00","0.00","0.00","0.00","0.00","0.00","0.00","0.00","0.00","0.00","0.00","10.00","0.36","0.00","0.00","0.00","0.00","0.00","0.00","107.58","0.07","13.33","0.01","16.92","0.01","26.16","0.02"
2022,2023,"SWKE0324","SWKB0287","318.22","4.42","0.00","0.00","205.47","2.85","471.48","6.55","0.00","0.00","0.00","0.00","0.00","0.00","220.00","3.06","1266.69","17.59","83.24","1.16","1083.12","15.04","107.58","0.07","13.33","0.01","16.92","0.01","26.16","0.02"
2022,2023,"SWKE0324","SWKB0288","0.00","0.00","0.00","0.00","0.00","0.00","0.00","0.00","0.00","0.00","0.00","0.00","0.00","0.00","30.00","0.71","0.00","0.00","0.00","0.00","0.00","0.00","107.58","0.07","13.33","0.01","16.92","0.01","26.16","0.02"
2022,2023,"SWKE0324","SWKB0289","0.00","0.00","0.00","0.00","0.00","0.00","0.00","0.00","0.00","0.00","0.00","0.00","0.00","0.00","10.00","0.24","0.00","0.00","0.00","0.00","0.00","0.00","107.58","0.07","13.33","0.01","16.92","0.01","26.16","0.02"
2022,2023,"SWKE0324","SWKB0290","224.44","6.23","0.00","0.00","255.56","7.10","269.98","7.50","0.00","0.00","0.00","0.00","0.00","0.00","20.00","0.56","844.46","23.46","0.00","0.00","826.32","22.95","107.58","0.07","13.33","0.01","16.92","0.01","26.16","0.02"
2022,2023,"SWKE0324","SWKB0293","0.00","0.00","0.00","0.00","0.00","0.00","0.00","0.00","0.00","0.00","0.00","0.00","0.00","0.00","30.00","0.71","0.00","0.00","0.00","0.00","0.00","0.00","107.58","0.07","13.33","0.01","16.92","0.01","26.16","0.02"
2022,2023,"SWKE0324","SWKB0294","0.00","0.00","0.00","0.00","0.00","0.00","0.00","0.00","0.00","0.00","0.00","0.00","0.00","0.00","20.00","0.36","0.00","0.00","0.00","0.00","0.00","0.00","107.58","0.07","13.33","0.01","16.92","0.01","26.16","0.02"
2022,2023,"SWKE0129","SWKB0295","2064.41","11.93","0.00","0.00","801.79","4.63","13167.18","76.11","0.00","0.00","0.00","0.00","0.00","0.00","70.00","0.40","2499.95","14.45","0.00","0.00","1799.50","10.40","33233.44","5.71","15254.16","2.62","6285.16","1.08","4205.47","0.72"
2022,2023,"SWKE0129","SWKB0296","266.98","1.15","0.00","0.00","159.68","0.69","121.77","0.52","0.00","0.00","585.69","2.51","0.00","0.00","20.00","0.09","766.87","3.29","55.17","0.24","468.11","2.01","33233.44","5.71","15254.16","2.62","6285.16","1.08","4205.47","0.72"
2022,2023,"SWKE0059","SWKB0297","589.24","7.86","0.00","0.00","165.92","2.21","482.88","6.44","0.00","0.00","0.00","0.00","0.00","0.00","40.00","0.53","1378.56","18.38","0.00","0.00","823.12","10.97","1100.44","10.48","2559.12","24.37","356.24","3.39","2068.16","19.70"
2022,2023,"SWKE0060","SWKB0298","3946.92","5.80","0.00","0.00","1944.60","2.86","1334.76","1.96","3694.56","5.43","1562.40","2.30","20698.32","30.44","310.00","0.46","4067.88","5.98","460.44","0.68","3059.16","4.50","2682.32","2.41","3077.49","2.77","1533.87","1.38","459.83","0.41"
2022,2023,"SWKE0061","SWKB0299","1716.00","11.92","0.00","0.00","4094.09","28.43","1500.07","10.42","0.00","0.00","0.00","0.00","0.00","0.00","130.00","0.90","5488.99","38.12","425.10","2.95","3054.35","21.21","1202.63","8.35","1298.44","9.02","96.07","0.67","0.00","0.00"
2022,2023,"SWKE0010","SWKB0300","0.00","0.00","0.00","0.00","119.54","1.42","2326.52","27.70","0.00","0.00","0.00","0.00","0.00","0.00","10.00","0.12","338.99","4.04","4.13","0.05","486.51","5.79","7.03","0.02","1339.64","3.72","369.90","1.03","0.00","0.00"
2022,2023,"SWKE0010","SWKB0301","0.00","0.00","0.00","0.00","197.32","4.70","4976.71","118.49","0.00","0.00","0.00","0.00","0.00","0.00","10.00","0.24","427.65","10.18","0.00","0.00","538.12","12.81","7.03","0.02","1339.64","3.72","369.90","1.03","0.00","0.00"
2022,2023,"SWKE0159","SWKB0302","805.63","7.75","0.00","0.00","600.46","5.77","1311.51","12.61","0.00","0.00","0.00","0.00","0.00","0.00","50.00","0.48","2059.92","19.81","0.00","0.00","2202.87","21.18","6810.30","6.48","9513.82","9.05","1331.17","1.27","444.73","0.42"
2022,2023,"SWKE0145","SWKB0303","633.09","9.74","0.00","0.00","666.36","10.25","981.22","15.10","0.00","0.00","834.84","12.84","0.00","0.00","40.00","0.62","1705.18","26.23","135.85","2.09","1158.42","17.82","28851.81","5.32","12285.67","2.26","6990.17","1.29","3304.06","0.61"
2022,2023,"SWKE0145","SWKB0304","781.52","11.16","0.00","0.00","1332.48","19.04","938.64","13.41","0.00","0.00","1597.04","22.81","0.00","0.00","40.00","0.57","1710.60","24.44","130.80","1.87","1224.96","17.50","28851.81","5.32","12285.67","2.26","6990.17","1.29","3304.06","0.61"
2022,2023,"SWKE0145","SWKB0305","177.54","2.37","0.00","0.00","115.50","1.54","270.95","3.61","0.00","0.00","321.79","4.29","0.00","0.00","10.00","0.13","433.41","5.78","34.88","0.47","347.27","4.63","28851.81","5.32","12285.67","2.26","6990.17","1.29","3304.06","0.61"
2022,2023,"SWKE0008","SWKB0306","1169.92","6.50","0.00","0.00","1432.80","7.96","797.28","4.43","0.00","0.00","0.00","0.00","0.00","0.00","160.00","0.89","5507.08","30.59","0.00","0.00","1489.92","8.28","3589.01","1.56","3127.38","1.36","2324.56","1.01","3032.25","1.32"
2022,2023,"SWKE0215","SWKB0307","142.92","1.52","0.00","0.00","202.65","2.16","353.28","3.76","0.00","0.00","395.52","4.21","0.00","0.00","10.00","0.11","422.23","4.49","35.49","0.38","0.00","0.00","0.00","0.00","0.00","0.00","41.16","0.13","18.81","0.06"
2022,2023,"SWKE0310","SWKB0308","1433.81","5.33","0.00","0.00","1739.81","6.47","2296.70","8.54","0.00","0.00","0.00","0.00","0.00","0.00","140.00","0.52","4779.15","17.77","238.16","0.89","2740.86","10.19","2706.91","4.79","88.40","0.16","328.58","0.58","949.71","1.68"
2022,2023,"SWKE0041","SWKB0309","820.45","18.65","0.00","0.00","288.68","6.56","498.80","11.34","0.00","0.00","0.00","0.00","5551.58","126.17","20.00","0.45","1025.63","23.31","0.00","0.00","148.32","3.37","66294.63","5.02","43369.16","3.28","23493.13","1.78","6607.17","0.50"
2022,2023,"SWKE0041","SWKB0310","808.46","14.18","0.00","0.00","528.71","9.28","63.43","1.11","0.00","0.00","0.00","0.00","5027.71","88.21","30.00","0.53","1021.30","17.92","0.00","0.00","786.50","13.80","66294.63","5.02","43369.16","3.28","23493.13","1.78","6607.17","0.50"
2022,2023,"SWKE0041","SWKB0311","685.71","18.05","0.00","0.00","0.00","0.00","346.53","9.12","0.00","0.00","0.00","0.00","4738.71","124.70","30.00","0.79","1016.97","26.76","0.00","0.00","132.48","3.49","66294.63","5.02","43369.16","3.28","23493.13","1.78","6607.17","0.50"
2022,2023,"SWKE0041","SWKB0312","382.33","6.71","0.00","0.00","1471.09","25.81","0.00","0.00","0.00","0.00","0.00","0.00","1557.39","27.32","10.00","0.18","338.99","5.95","0.00","0.00","248.37","4.36","66294.63","5.02","43369.16","3.28","23493.13","1.78","6607.17","0.50"
2022,2023,"SWKE0079","SWKB0313","344.31","8.20","0.00","0.00","594.48","14.15","144.87","3.45","0.00","0.00","0.00","0.00","0.00","0.00","30.00","0.71","1033.92","24.62","0.00","0.00","900.69","21.45","17553.15","17.82","7775.92","7.89","656.97","0.67","120.30","0.12"
2022,2023,"SWKE0079","SWKB0314","1227.60","12.79","0.00","0.00","4156.00","43.29","779.68","8.12","0.00","0.00","0.00","0.00","0.00","0.00","50.00","0.52","3377.84","35.19","0.00","0.00","1502.40","15.65","17553.15","17.82","7775.92","7.89","656.97","0.67","120.30","0.12"
2022,2023,"SWKE0065","SWKB0315","247.58","6.52","0.00","0.00","770.90","20.29","164.38","4.33","0.00","0.00","0.00","0.00","0.00","0.00","20.00","0.53","689.28","18.14","0.00","0.00","716.98","18.87","129.32","1.29","0.00","0.00","5.02","0.05","0.00","0.00"
2022,2023,"SWKE0066","SWKB0316","508.04","7.06","0.00","0.00","2332.88","32.40","296.84","4.12","0.00","0.00","592.26","8.23","0.00","0.00","20.00","0.28","844.46","11.73","0.00","0.00","664.58","9.23","240.72","3.34","0.00","0.00","108.58","1.51","0.00","0.00"
2022,2023,"SWKE0067","SWKB0317","106.13","2.53","0.00","0.00","100.25","2.39","42.82","1.02","0.00","0.00","0.00","0.00","0.00","0.00","10.00","0.24","344.64","8.21","31.15","0.74","452.68","10.78","89.80","2.14","0.00","0.00","0.00","0.00","0.00","0.00"
2022,2023,"SWKE0068","SWKB0318","922.25","5.12","0.00","0.00","319.41","1.77","312.48","1.74","0.00","0.00","1316.63","7.31","0.00","0.00","70.00","0.39","2955.61","16.42","0.00","0.00","2180.85","12.12","2535.02","9.05","1193.40","4.26","37.74","0.13","0.00","0.00"
2022,2023,"SWKE0316","SWKB0319","1448.24","9.00","0.00","0.00","1431.24","8.89","1280.62","7.95","0.00","0.00","0.00","0.00","0.00","0.00","140.00","0.87","4754.83","29.53","0.00","0.00","4291.64","26.66","29606.81","9.09","8008.07","2.46","3575.40","1.10","1671.91","0.51"
2022,2023,"SWKE0329","SWKB0320","1416.89","6.62","0.00","0.00","3835.37","17.92","814.09","3.80","0.00","0.00","0.00","0.00","0.00","0.00","100.00","0.47","4001.31","18.70","0.00","0.00","3028.38","14.15","67056.41","7.86","57695.83","6.77","7120.45","0.84","2827.45","0.33"
2022,2023,"SWKE0210","SWKB0321","1542.40","10.71","0.00","0.00","1996.48","13.86","221.56","1.54","0.00","0.00","0.00","0.00","9163.88","63.64","40.00","0.28","1391.80","9.67","0.00","0.00","1390.68","9.66","18399.95","6.76","6510.11","2.39","3421.44","1.26","2839.76","1.04"
2022,2023,"SWKE0295","SWKB0322","730.97","29.24","0.00","0.00","272.02","10.88","582.34","23.29","0.00","0.00","0.00","0.00","4305.66","172.23","30.00","1.20","1021.30","40.85","0.00","0.00","257.61","10.30","10417.58","8.08","4709.15","3.65","2153.62","1.67","37.12","0.03"
2022,2023,"SWKE0072","SWKB0323","130.60","3.96","0.00","0.00","22.82","0.69","79.24","2.40","0.00","0.00","0.00","0.00","0.00","0.00","20.00","0.61","844.46","25.59","0.00","0.00","0.00","0.00","0.00","0.00","359.40","10.89","0.00","0.00","0.00","0.00"
2022,2023,"SWKE0073","SWKB0324","183.70","5.57","0.00","0.00","0.00","0.00","138.63","4.20","0.00","0.00","0.00","0.00","0.00","0.00","30.00","0.91","1189.10","36.03","0.00","0.00","0.00","0.00","0.00","0.00","509.15","15.43","0.00","0.00","0.00","0.00"
2022,2023,"SWKE0074","SWKB0325","53.67","1.73","0.00","0.00","11.75","0.38","30.57","0.99","0.00","0.00","0.00","0.00","0.00","0.00","10.00","0.32","344.64","11.12","0.00","0.00","0.00","0.00","0.00","0.00","149.77","4.83","0.00","0.00","0.00","0.00"
2022,2023,"SWKE0075","SWKB0326","109.63","3.32","0.00","0.00","0.00","0.00","0.00","0.00","0.00","0.00","0.00","0.00","0.00","0.00","20.00","0.61","766.87","23.24","0.00","0.00","0.00","0.00","0.00","0.00","329.45","9.98","0.00","0.00","0.00","0.00"
2022,2023,"SWKE0295","SWKB0327","654.24","26.17","0.00","0.00","78.94","3.16","582.32","23.29","0.00","0.00","0.00","0.00","3731.48","149.26","30.00","1.20","1021.30","40.85","0.00","0.00","257.61","10.30","10417.58","8.08","4709.15","3.65","2153.62","1.67","37.12","0.03"
2022,2023,"SWKE0295","SWKB0328","731.73","29.27","0.00","0.00","600.12","24.00","671.21","26.85","0.00","0.00","0.00","0.00","3896.15","155.85","30.00","1.20","1021.30","40.85","0.00","0.00","257.61","10.30","10417.58","8.08","4709.15","3.65","2153.62","1.67","37.12","0.03"
2022,2023,"SWKE0295","SWKB0329","422.32","17.60","0.00","0.00","98.48","4.10","371.38","15.47","0.00","0.00","0.00","0.00","2356.74","98.20","20.00","0.83","677.98","28.25","0.00","0.00","168.48","7.02","10417.58","8.08","4709.15","3.65","2153.62","1.67","37.12","0.03"
2022,2023,"SWKE0069","SWKB0330","184.16","5.58","0.00","0.00","27.48","0.83","115.91","3.51","0.00","0.00","0.00","0.00","0.00","0.00","30.00","0.91","1189.10","36.03","0.00","0.00","0.00","0.00","0.00","0.00","509.15","15.43","0.00","0.00","0.00","0.00"
2022,2023,"SWKE0070","SWKB0331","192.63","5.35","0.00","0.00","30.69","0.85","89.73","2.49","0.00","0.00","0.00","0.00","0.00","0.00","30.00","0.83","1266.69","35.19","0.00","0.00","0.00","0.00","0.00","0.00","539.16","14.98","0.00","0.00","0.00","0.00"
2022,2023,"SWKE0071","SWKB0332","67.21","2.04","0.00","0.00","12.67","0.38","57.51","1.74","0.00","0.00","0.00","0.00","0.00","0.00","10.00","0.30","422.23","12.79","0.00","0.00","0.00","0.00","0.00","0.00","179.70","5.45","0.00","0.00","0.00","0.00"
2022,2023,"SWKE0087","SWKB0333","238.35","1.77","0.00","0.00","134.55","1.00","141.89","1.05","0.00","0.00","302.92","2.24","0.00","0.00","20.00","0.15","766.87","5.68","37.85","0.28","678.99","5.03","9590.04","5.73","5415.19","3.23","1480.71","0.88","1213.61","0.72"
2022,2023,"SWKE0076","SWKB0334","980.56","10.54","0.00","0.00","450.64","4.85","156.28","1.68","0.00","0.00","0.00","0.00","0.00","0.00","70.00","0.75","2749.31","29.56","0.00","0.00","2616.92","28.14","1857.68","19.15","1024.15","10.56","906.76","9.35","43.91","0.45"
2022,2023,"SWKE0077","SWKB0335","703.92","7.74","0.00","0.00","733.91","8.06","228.80","2.51","0.00","0.00","0.00","0.00","0.00","0.00","50.00","0.55","1872.27","20.57","0.00","0.00","1913.01","21.02","2449.15","14.32","1531.60","8.96","172.26","1.01","0.00","0.00"
2022,2023,"SWKE0078","SWKB0336","1671.93","7.89","0.00","0.00","1526.65","7.20","800.29","3.77","0.00","0.00","0.00","0.00","0.00","0.00","180.00","0.85","6032.38","28.45","0.00","0.00","3489.60","16.46","5892.83","17.54","2540.09","7.56","718.13","2.14","241.42","0.72"
2022,2023,"SWKE0329","SWKB0337","743.68","4.04","0.00","0.00","739.02","4.02","427.60","2.32","0.00","0.00","0.00","0.00","0.00","0.00","70.00","0.38","2728.26","14.83","347.96","1.89","1506.00","8.18","67056.41","7.86","57695.83","6.77","7120.45","0.84","2827.45","0.33"
2022,2023,"SWKE0273","SWKB0338","640.61","6.41","0.00","0.00","366.90","3.67","552.16","5.52","0.00","0.00","892.55","8.93","0.00","0.00","50.00","0.50","1712.27","17.12","0.00","0.00","1812.98","18.13","7783.54","8.77","2721.49","3.06","1034.37","1.16","0.00","0.00"
2022,2023,"SWKE0273","SWKB0339","672.82","5.90","0.00","0.00","569.85","5.00","301.35","2.64","0.00","0.00","866.35","7.60","0.00","0.00","60.00","0.53","2373.38","20.82","0.00","0.00","1579.83","13.86","7783.54","8.77","2721.49","3.06","1034.37","1.16","0.00","0.00"
2022,2023,"SWKE0273","SWKB0340","1793.90","8.62","0.00","0.00","281.75","1.35","734.09","3.53","0.00","0.00","2520.29","12.12","0.00","0.00","160.00","0.77","6265.73","30.12","0.00","0.00","5119.03","24.61","7783.54","8.77","2721.49","3.06","1034.37","1.16","0.00","0.00"
2022,2023,"SWKE0096","SWKB0397","0.00","0.00","0.00","0.00","1463.25","9.15","702.50","4.39","0.00","0.00","0.00","0.00","0.00","0.00","40.00","0.25","1739.75","10.87","95.20","0.60","2747.00","17.17","0.00","0.00","217.15","1.36","84.40","0.53","0.00","0.00"
2022,2023,"SWKE0273","SWKB0341","376.47","3.49","0.00","0.00","528.29","4.89","275.89","2.55","0.00","0.00","420.05","3.89","0.00","0.00","30.00","0.28","1184.28","10.97","0.00","0.00","853.15","7.90","7783.54","8.77","2721.49","3.06","1034.37","1.16","0.00","0.00"
2022,2023,"SWKE0060","SWKB0342","3387.00","19.81","0.00","0.00","1505.92","8.81","2102.29","12.29","2526.19","14.77","0.00","0.00","18106.66","105.89","110.00","0.64","3604.27","21.08","50.89","0.30","3621.23","21.18","2682.32","2.41","3077.49","2.77","1533.87","1.38","459.83","0.41"
2022,2023,"SWKE0041","SWKB0343","1008.82","13.45","0.00","0.00","1068.96","14.25","1167.25","15.56","0.00","0.00","0.00","0.00","0.00","0.00","80.00","1.07","3284.81","43.80","296.49","3.95","1919.18","25.59","66294.63","5.02","43369.16","3.28","23493.13","1.78","6607.17","0.50"
2022,2023,"SWKE0205","SWKB0344","953.05","11.35","0.00","0.00","66.57","0.79","606.48","7.22","0.00","0.00","0.00","0.00","0.00","0.00","60.00","0.71","2993.55","35.64","0.00","0.00","2806.44","33.41","5394.51","9.75","4703.63","8.51","599.78","1.08","95.62","0.17"
2022,2023,"SWKE0017","SWKB0345","103.79","2.08","0.00","0.00","204.20","4.08","36.34","0.73","0.00","0.00","0.00","0.00","0.00","0.00","10.00","0.20","339.82","6.80","0.00","0.00","246.94","4.94","11038.97","5.77","3490.54","1.83","1723.70","0.90","13544.02","7.08"
2022,2023,"SWKE0080","SWKB0346","739.44","15.41","0.00","0.00","3222.80","67.14","664.32","13.84","0.00","0.00","0.00","0.00","0.00","0.00","40.00","0.83","1688.92","35.19","57.24","1.19","1034.64","21.56","0.00","0.00","1293.36","14.37","0.00","0.00","159.68","1.77"
2022,2023,"SWKE0080","SWKB0347","462.36","11.01","0.00","0.00","432.40","10.30","685.96","16.33","0.00","0.00","0.00","0.00","0.00","0.00","40.00","0.95","1688.92","40.21","55.16","1.31","1034.64","24.63","0.00","0.00","1293.36","14.37","0.00","0.00","159.68","1.77"
2022,2023,"SWKE0081","SWKB0348","272.66","5.93","0.00","0.00","106.06","2.31","411.08","8.94","0.00","0.00","0.00","0.00","0.00","0.00","20.00","0.43","844.46","18.36","29.86","0.65","618.50","13.45","0.00","0.00","632.62","13.75","84.10","1.83","0.00","0.00"
2022,2023,"SWKE0274","SWKB0349","66.48","9.50","0.00","0.00","0.00","0.00","0.00","0.00","0.00","0.00","0.00","0.00","0.00","0.00","10.00","1.43","343.32","49.05","0.00","0.00","83.32","11.90","4758.09","3.55","2896.30","2.16","1515.54","1.13","462.79","0.35"
2022,2023,"SWKE0274","SWKB0350","283.00","7.86","0.00","0.00","342.40","9.51","421.38","11.71","0.00","0.00","0.00","0.00","0.00","0.00","20.00","0.56","844.46","23.46","0.00","0.00","813.36","22.59","4758.09","3.55","2896.30","2.16","1515.54","1.13","462.79","0.35"
2022,2023,"SWKE0045","SWKB0351","522.31","14.51","0.00","0.00","146.32","4.06","142.47","3.96","0.00","0.00","0.00","0.00","3681.07","102.25","10.00","0.28","422.23","11.73","0.00","0.00","434.19","12.06","21208.02","7.64","7811.54","2.81","2210.07","0.80","2040.28","0.73"
2022,2023,"SWKE0274","SWKB0352","653.32","21.78","0.00","0.00","176.50","5.88","499.76","16.66","0.00","0.00","0.00","0.00","4491.30","149.71","20.00","0.67","689.28","22.98","0.00","0.00","335.98","11.20","4758.09","3.55","2896.30","2.16","1515.54","1.13","462.79","0.35"
2022,2023,"SWKE0274","SWKB0353","549.14","18.30","0.00","0.00","87.86","2.93","537.12","17.90","0.00","0.00","0.00","0.00","3500.80","116.69","20.00","0.67","689.28","22.98","0.00","0.00","335.98","11.20","4758.09","3.55","2896.30","2.16","1515.54","1.13","462.79","0.35"
2022,2023,"SWKE0274","SWKB0354","1725.69","33.84","0.00","0.00","1119.84","21.96","971.07","19.04","0.00","0.00","0.00","0.00","10672.59","209.27","60.00","1.18","2300.61","45.11","0.00","0.00","1069.74","20.98","4758.09","3.55","2896.30","2.16","1515.54","1.13","462.79","0.35"
2022,2023,"SWKE0274","SWKB0355","342.33","11.41","0.00","0.00","146.62","4.89","256.16","8.54","0.00","0.00","0.00","0.00","2263.09","75.44","10.00","0.33","344.64","11.49","0.00","0.00","242.58","8.09","4758.09","3.55","2896.30","2.16","1515.54","1.13","462.79","0.35"
2022,2023,"SWKE0274","SWKB0356","288.70","9.62","0.00","0.00","59.05","1.97","316.79","10.56","0.00","0.00","0.00","0.00","1739.74","57.99","10.00","0.33","344.64","11.49","0.00","0.00","256.56","8.55","4758.09","3.55","2896.30","2.16","1515.54","1.13","462.79","0.35"
2022,2023,"SWKE0274","SWKB0357","899.09","17.63","0.00","0.00","413.50","8.11","605.09","11.86","0.00","0.00","0.00","0.00","5362.53","105.15","30.00","0.59","1189.10","23.32","0.00","0.00","842.18","16.51","4758.09","3.55","2896.30","2.16","1515.54","1.13","462.79","0.35"
2022,2023,"SWKE0297","SWKB0358","4158.56","19.80","0.00","0.00","1100.33","5.24","15465.87","73.65","0.00","0.00","900.27","4.29","17751.65","84.53","70.00","0.33","2403.24","11.44","0.00","0.00","2009.84","9.57","5805.44","2.23","4462.90","1.71","1573.29","0.60","537.57","0.21"
2022,2023,"SWKE0129","SWKB0359","4354.29","25.77","0.00","0.00","3604.86","21.33","17892.18","105.87","0.00","0.00","0.00","0.00","14480.64","85.68","90.00","0.53","3089.88","18.28","0.00","0.00","1541.16","9.12","33233.44","5.71","15254.16","2.62","6285.16","1.08","4205.47","0.72"
2022,2023,"SWKE0129","SWKB0360","1892.00","33.19","0.00","0.00","258.96","4.54","7941.12","139.32","0.00","0.00","0.00","0.00","6799.16","119.28","40.00","0.70","1373.28","24.09","0.00","0.00","1243.20","21.81","33233.44","5.71","15254.16","2.62","6285.16","1.08","4205.47","0.72"
2022,2023,"SWKE0048","SWKB0361","0.00","0.00","0.00","0.00","60.85","0.42","527.36","3.66","0.00","0.00","2369.31","16.45","0.00","0.00","50.00","0.35","2033.56","14.12","118.90","0.83","2107.00","14.63","0.00","0.00","3803.49","1.48","4526.42","1.76","13547.48","5.26"
2022,2023,"SWKE0113","SWKB0362","746.31","4.01","0.00","0.00","1503.17","8.08","617.28","3.32","0.00","0.00","0.00","0.00","0.00","0.00","60.00","0.32","2466.63","13.26","162.63","0.87","1477.58","7.94","9091.91","4.49","5982.86","2.95","2399.88","1.18","1941.64","0.96"
2022,2023,"SWKE0217","SWKB0363","997.26","8.75","0.00","0.00","1617.66","14.19","203.40","1.78","0.00","0.00","1650.36","14.48","0.00","0.00","60.00","0.53","2533.38","22.22","185.88","1.63","2168.28","19.02","9768.12","4.97","4798.38","2.44","1490.04","0.76","1113.40","0.57"
2022,2023,"SWKE0217","SWKB0364","308.72","5.42","0.00","0.00","301.64","5.29","331.20","5.81","0.00","0.00","0.00","0.00","0.00","0.00","20.00","0.35","855.30","15.01","128.26","2.25","843.22","14.79","9768.12","4.97","4798.38","2.44","1490.04","0.76","1113.40","0.57"
2022,2023,"SWKE0105","SWKB0911","143.12","6.82","0.00","0.00","0.00","0.00","0.00","0.00","0.00","0.00","0.00","0.00","0.00","0.00","20.00","0.95","0.00","0.00","0.00","0.00","0.00","0.00","33935.52","29.74","17358.14","15.21","7283.26","6.38","5522.11","4.84"
2022,2023,"SWKE0298","SWKB0365","826.17","15.02","0.00","0.00","675.81","12.29","17.13","0.31","0.00","0.00","0.00","0.00","5041.68","91.67","30.00","0.55","1033.92","18.80","0.00","0.00","94.35","1.72","4966.35","7.74","1032.35","1.61","1764.12","2.75","257.82","0.40"
2022,2023,"SWKE0298","SWKB0366","773.07","19.33","0.00","0.00","68.61","1.72","0.00","0.00","0.00","0.00","0.00","0.00","5134.83","128.37","30.00","0.75","1033.92","25.85","0.00","0.00","94.38","2.36","4966.35","7.74","1032.35","1.61","1764.12","2.75","257.82","0.40"
2022,2023,"SWKE0298","SWKB0367","293.56","9.79","0.00","0.00","0.00","0.00","0.00","0.00","0.00","0.00","0.00","0.00","2093.15","69.77","10.00","0.33","344.64","11.49","0.00","0.00","31.46","1.05","4966.35","7.74","1032.35","1.61","1764.12","2.75","257.82","0.40"
2022,2023,"SWKE0056","SWKB0368","7625.25","16.22","0.00","0.00","16021.77","34.09","4302.36","9.15","0.00","0.00","5150.82","10.96","30227.88","64.31","210.00","0.45","8634.06","18.37","695.13","1.48","5222.58","11.11","11236.68","7.22","2379.71","1.53","2129.49","1.37","2380.20","1.53"
2022,2023,"SWKE0084","SWKB0369","3705.67","6.41","0.00","0.00","4565.66","7.90","3298.46","5.71","0.00","0.00","0.00","0.00","0.00","0.00","360.00","0.62","13788.51","23.86","0.00","0.00","9244.38","15.99","9947.29","3.00","6767.48","2.04","5024.55","1.52","1002.80","0.30"
2022,2023,"SWKE0208","SWKB0370","1099.42","8.27","0.00","0.00","1828.05","13.74","2225.49","16.73","0.00","0.00","0.00","0.00","0.00","0.00","70.00","0.53","2396.24","18.02","1548.17","11.64","2100.43","15.79","2403.71","0.97","5063.13","2.04","2800.57","1.13","1360.06","0.55"
2022,2023,"SWKE0085","SWKB0371","410.54","7.20","0.00","0.00","920.67","16.15","189.21","3.32","0.00","0.00","495.03","8.68","0.00","0.00","30.00","0.53","1108.04","19.44","87.22","1.53","1094.21","19.20","211.09","3.70","0.00","0.00","0.00","0.00","0.00","0.00"
2022,2023,"SWKE0086","SWKB0372","777.73","4.27","0.00","0.00","1779.68","9.78","569.17","3.13","0.00","0.00","0.00","0.00","0.00","0.00","70.00","0.38","2636.96","14.49","152.33","0.84","1876.60","10.31","413.41","0.90","1254.52","2.73","667.53","1.45","92.21","0.20"
2022,2023,"SWKE0086","SWKB0373","754.50","5.10","0.00","0.00","699.61","4.73","994.29","6.72","0.00","0.00","0.00","0.00","0.00","0.00","60.00","0.41","2571.66","17.38","208.26","1.41","2183.79","14.76","413.41","0.90","1254.52","2.73","667.53","1.45","92.21","0.20"
2022,2023,"SWKE0086","SWKB0374","794.57","6.11","0.00","0.00","1716.23","13.20","902.29","6.94","0.00","0.00","0.00","0.00","0.00","0.00","60.00","0.46","2457.10","18.90","178.47","1.37","1913.84","14.72","413.41","0.90","1254.52","2.73","667.53","1.45","92.21","0.20"
2022,2023,"SWKE0041","SWKB0375","4944.71","13.81","0.00","0.00","3528.52","9.86","3011.09","8.41","0.00","0.00","3654.08","10.21","22781.48","63.64","170.00","0.47","7154.52","19.98","567.93","1.59","4911.42","13.72","66294.63","5.02","43369.16","3.28","23493.13","1.78","6607.17","0.50"
2022,2023,"SWKE0041","SWKB0376","1986.62","15.52","0.00","0.00","900.68","7.04","1018.42","7.96","0.00","0.00","1345.76","10.51","10469.66","81.79","60.00","0.47","2544.22","19.88","230.25","1.80","2043.38","15.96","66294.63","5.02","43369.16","3.28","23493.13","1.78","6607.17","0.50"
2022,2023,"SWKE0352","SWKB0377","1690.55","3.54","0.00","0.00","1827.20","3.83","1013.95","2.13","0.00","0.00","1202.60","2.52","8233.90","17.26","240.00","0.50","2111.15","4.43","173.35","0.36","1236.10","2.59","7891.72","2.79","6970.78","2.46","3122.20","1.10","1356.29","0.48"
2022,2023,"SWKE0239","SWKB0378","191.25","4.78","0.00","0.00","211.32","5.28","91.56","2.29","0.00","0.00","0.00","0.00","0.00","0.00","30.00","0.75","830.04","20.75","0.00","0.00","0.00","0.00","3103.27","12.98","1702.83","7.12","0.00","0.00","27.81","0.12"
2022,2023,"SWKE0082","SWKB0379","93.49","0.66","0.00","0.00","211.40","1.49","75.84","0.53","0.00","0.00","0.00","0.00","0.00","0.00","10.00","0.07","339.82","2.39","0.00","0.00","129.21","0.91","13658.39","7.08","5272.73","2.73","3668.66","1.90","2674.92","1.39"
2022,2023,"SWKE0089","SWKB0380","339.02","9.42","0.00","0.00","1019.88","28.33","261.14","7.25","0.00","0.00","0.00","0.00","0.00","0.00","20.00","0.56","844.46","23.46","10.90","0.30","274.48","7.62","143.66","3.99","668.98","18.58","166.70","4.63","0.00","0.00"
2022,2023,"SWKE0041","SWKB0381","857.22","8.16","0.00","0.00","1522.62","14.50","994.14","9.47","0.00","0.00","0.00","0.00","0.00","0.00","50.00","0.48","2565.90","24.44","0.00","0.00","2037.54","19.41","66294.63","5.02","43369.16","3.28","23493.13","1.78","6607.17","0.50"
2022,2023,"SWKE0090","SWKB0382","396.72","11.02","0.00","0.00","327.78","9.11","280.59","7.79","0.00","0.00","0.00","0.00","0.00","0.00","30.00","0.83","1266.69","35.19","98.13","2.73","916.14","25.45","2514.89","34.93","0.00","0.00","0.00","0.00","0.00","0.00"
2022,2023,"SWKE0090","SWKB0383","540.32","15.01","0.00","0.00","671.16","18.64","253.76","7.05","0.00","0.00","0.00","0.00","0.00","0.00","40.00","1.11","1688.92","46.91","130.84","3.63","1221.52","33.93","2514.89","34.93","0.00","0.00","0.00","0.00","0.00","0.00"
2022,2023,"SWKE0041","SWKB0384","837.46","7.68","0.00","0.00","1769.38","16.23","719.88","6.60","0.00","0.00","0.00","0.00","0.00","0.00","60.00","0.55","2478.07","22.73","0.00","0.00","2058.70","18.89","66294.63","5.02","43369.16","3.28","23493.13","1.78","6607.17","0.50"
2022,2023,"SWKE0041","SWKB0385","2524.11","9.78","0.00","0.00","4925.79","19.09","3464.01","13.43","0.00","0.00","0.00","0.00","0.00","0.00","170.00","0.66","6193.65","24.01","0.00","0.00","6197.91","24.02","66294.63","5.02","43369.16","3.28","23493.13","1.78","6607.17","0.50"
2022,2023,"SWKE0041","SWKB0386","186.06","4.23","0.00","0.00","202.40","4.60","151.22","3.44","0.00","0.00","0.00","0.00","0.00","0.00","20.00","0.45","689.28","15.67","56.39","1.28","415.60","9.45","66294.63","5.02","43369.16","3.28","23493.13","1.78","6607.17","0.50"
2022,2023,"SWKE0105","SWKB0387","245.62","8.77","0.00","0.00","153.20","5.47","172.76","6.17","0.00","0.00","0.00","0.00","0.00","0.00","20.00","0.71","689.28","24.62","33.78","1.21","384.86","13.75","33935.52","29.74","17358.14","15.21","7283.26","6.38","5522.11","4.84"
2022,2023,"SWKE0112","SWKB0388","2618.13","12.47","0.00","0.00","6901.80","32.87","1613.92","7.69","0.00","0.00","0.00","0.00","0.00","0.00","180.00","0.86","7078.80","33.71","0.00","0.00","5700.25","27.14","37372.02","7.97","29578.18","6.31","5048.69","1.08","2283.47","0.49"
2022,2023,"SWKE0303","SWKB0389","274.59","2.80","0.00","0.00","110.49","1.13","168.66","1.72","0.00","0.00","0.00","0.00","0.00","0.00","30.00","0.31","1029.96","10.51","0.00","0.00","829.56","8.46","3913.26","2.53","4496.29","2.91","2112.97","1.37","4221.99","2.73"
2022,2023,"SWKE0041","SWKB0390","5881.62","14.70","0.00","0.00","6873.88","17.18","2623.40","6.56","0.00","0.00","4563.52","11.41","28982.94","72.46","180.00","0.45","7435.32","18.59","578.24","1.45","4162.94","10.41","66294.63","5.02","43369.16","3.28","23493.13","1.78","6607.17","0.50"
2022,2023,"SWKE0092","SWKB0391","9592.55","11.63","0.00","0.00","8625.05","10.45","3429.59","4.16","0.00","0.00","0.00","0.00","51938.24","62.96","290.00","0.35","10155.24","12.31","1037.85","1.26","10482.50","12.71","25129.33","11.15","3853.35","1.71","3984.36","1.77","858.81","0.38"
2022,2023,"SWKE0093","SWKB0392","0.00","0.00","0.00","0.00","31.28","1.74","2308.60","128.26","0.00","0.00","0.00","0.00","0.00","0.00","20.00","1.11","844.46","46.91","0.00","0.00","0.00","0.00","0.00","0.00","0.00","0.00","0.00","0.00","16.74","0.93"
2022,2023,"SWKE0094","SWKB0393","3710.32","14.49","0.00","0.00","2969.09","11.60","9076.84","35.46","0.00","0.00","2124.65","8.30","0.00","0.00","190.00","0.74","7971.93","31.14","0.00","0.00","4697.68","18.35","4084.52","15.96","4501.25","17.58","1288.58","5.03","387.75","1.51"
2022,2023,"SWKE0095","SWKB0394","1793.22","12.45","0.00","0.00","1760.72","12.23","1697.28","11.79","0.00","0.00","2213.38","15.37","0.00","0.00","130.00","0.90","4406.87","30.60","0.00","0.00","3241.29","22.51","3210.74","22.30","1298.44","9.02","103.09","0.72","0.00","0.00"
2022,2023,"SWKE0120","SWKB0395","583.60","6.08","0.00","0.00","282.10","2.94","824.95","8.59","0.00","0.00","0.00","0.00","0.00","0.00","240.00","2.50","2111.15","21.99","0.00","0.00","1929.20","20.10","14622.22","2.98","9062.23","1.85","5281.87","1.08","1329.84","0.27"
2022,2023,"SWKE0048","SWKB0396","0.00","0.00","0.00","0.00","25.38","0.18","1222.40","8.49","0.00","0.00","4288.00","29.78","0.00","0.00","110.00","0.76","4489.35","31.18","23.57","0.16","4649.93","32.29","0.00","0.00","3803.49","1.48","4526.42","1.76","13547.48","5.26"
2022,2023,"SWKE0097","SWKB0398","1652.04","11.16","0.00","0.00","634.68","4.29","395.54","2.67","0.00","0.00","0.00","0.00","0.00","0.00","170.00","1.15","6119.14","41.35","0.00","0.00","4922.98","33.26","3914.80","26.45","0.00","0.00","467.40","3.16","65.72","0.44"
2022,2023,"SWKE0098","SWKB0399","1133.07","8.27","0.00","0.00","1251.09","9.13","648.81","4.74","0.00","0.00","0.00","0.00","0.00","0.00","100.00","0.73","3418.98","24.96","0.00","0.00","2454.96","17.92","1084.09","7.91","1746.88","12.75","709.86","5.18","15.99","0.12"
2022,2023,"SWKE0268","SWKB0400","4592.50","10.93","0.00","0.00","1666.40","3.97","2615.60","6.23","0.00","0.00","1376.60","3.28","26735.80","63.66","100.00","0.24","3389.90","8.07","400.40","0.95","2624.90","6.25","8828.25","5.68","3319.91","2.14","1881.60","1.21","21548.45","13.88"
2022,2023,"SWKE0099","SWKB0401","500.16","11.91","0.00","0.00","577.24","13.74","581.84","13.85","0.00","0.00","0.00","0.00","0.00","0.00","40.00","0.95","1378.56","32.82","124.60","2.97","1964.68","46.78","359.20","8.55","0.00","0.00","15.48","0.37","0.00","0.00"
2022,2023,"SWKE0210","SWKB0402","742.71","18.57","0.00","0.00","192.48","4.81","516.30","12.91","0.00","0.00","0.00","0.00","4011.24","100.28","30.00","0.75","1033.92","25.85","98.10","2.45","984.60","24.62","18399.95","6.76","6510.11","2.39","3421.44","1.26","2839.76","1.04"
2022,2023,"SWKE0101","SWKB0403","1096.44","11.42","0.00","0.00","867.06","9.03","1264.56","13.17","0.00","0.00","0.00","0.00","0.00","0.00","50.00","0.52","2033.94","21.19","0.00","0.00","2371.68","24.71","2247.06","23.41","1881.48","19.60","298.32","3.11","0.00","0.00"
2022,2023,"SWKE0102","SWKB0404","319.12","9.12","0.00","0.00","1498.83","42.82","912.79","26.08","0.00","0.00","0.00","0.00","0.00","0.00","10.00","0.29","422.23","12.06","61.67","1.76","147.82","4.22","147.82","4.22","0.00","0.00","0.00","0.00","0.00","0.00"
2022,2023,"SWKE0329","SWKB0405","2177.61","10.57","0.00","0.00","1762.56","8.56","1611.26","7.82","0.00","0.00","1586.77","7.70","0.00","0.00","170.00","0.83","7105.74","34.49","0.00","0.00","5404.81","26.24","67056.41","7.86","57695.83","6.77","7120.45","0.84","2827.45","0.33"
2022,2023,"SWKE0103","SWKB0406","932.66","22.75","0.00","0.00","633.76","15.46","5331.98","130.05","0.00","0.00","0.00","0.00","0.00","0.00","20.00","0.49","677.98","16.54","0.00","0.00","1206.30","29.42","3394.90","14.15","3514.66","14.64","253.89","1.06","588.83","2.45"
2022,2023,"SWKE0103","SWKB0407","427.27","10.42","0.00","0.00","595.79","14.53","2214.45","54.01","0.00","0.00","0.00","0.00","0.00","0.00","10.00","0.24","344.64","8.41","0.00","0.00","502.62","12.26","3394.90","14.15","3514.66","14.64","253.89","1.06","588.83","2.45"
2022,2023,"SWKE0103","SWKB0408","1535.57","19.44","0.00","0.00","1589.16","20.12","7499.24","94.93","0.00","0.00","0.00","0.00","0.00","0.00","50.00","0.63","1648.27","20.86","0.00","0.00","1173.43","14.85","3394.90","14.15","3514.66","14.64","253.89","1.06","588.83","2.45"
2022,2023,"SWKE0103","SWKB0409","976.66","12.36","0.00","0.00","630.33","7.98","5026.12","63.62","0.00","0.00","0.00","0.00","0.00","0.00","30.00","0.38","1111.28","14.07","0.00","0.00","783.83","9.92","3394.90","14.15","3514.66","14.64","253.89","1.06","588.83","2.45"
2022,2023,"SWKE0208","SWKB0410","1521.97","10.79","0.00","0.00","5075.66","36.00","2159.73","15.32","0.00","0.00","0.00","0.00","0.00","0.00","140.00","0.99","3433.20","24.35","0.00","0.00","3165.78","22.45","2403.71","0.97","5063.13","2.04","2800.57","1.13","1360.06","0.55"
2022,2023,"SWKE0255","SWKB0411","578.52","3.38","0.00","0.00","490.29","2.87","187.22","1.09","0.00","0.00","0.00","0.00","0.00","0.00","60.00","0.35","2057.74","12.03","0.00","0.00","968.25","5.66","8620.80","9.69","4451.99","5.00","542.09","0.61","887.86","1.00"
2022,2023,"SWKE0104","SWKB0412","103.11","1.66","0.00","0.00","112.48","1.81","128.88","2.08","0.00","0.00","0.00","0.00","0.00","0.00","10.00","0.16","343.32","5.54","0.00","0.00","158.17","2.55","133.86","2.16","152.30","2.46","2.13","0.03","0.00","0.00"
2022,2023,"SWKE0288","SWKB0413","2658.32","20.45","0.00","0.00","984.88","7.58","17598.48","135.37","0.00","0.00","1472.56","11.33","0.00","0.00","80.00","0.62","3377.84","25.98","0.00","0.00","1841.68","14.17","36388.87","5.99","15134.54","2.49","3958.58","0.65","5509.76","0.91"
2022,2023,"SWKE0254","SWKB0414","3639.24","16.10","0.00","0.00","1644.43","7.28","340.82","1.51","0.00","0.00","291.08","1.29","25775.68","114.05","100.00","0.44","3405.53","15.07","42.06","0.19","2675.96","11.84","28014.15","5.93","12841.99","2.72","3467.67","0.73","2878.73","0.61"
2022,2023,"SWKE0254","SWKB0415","3447.07","18.34","0.00","0.00","1948.39","10.36","1010.88","5.38","0.00","0.00","326.40","1.74","24091.54","128.15","70.00","0.37","2451.83","13.04","163.50","0.87","2449.23","13.03","28014.15","5.93","12841.99","2.72","3467.67","0.73","2878.73","0.61"
2022,2023,"SWKE0254","SWKB0416","3027.97","14.56","0.00","0.00","1105.33","5.31","1052.76","5.06","0.00","0.00","201.92","0.97","22042.99","105.98","100.00","0.48","2175.15","10.46","64.18","0.31","1965.41","9.45","28014.15","5.93","12841.99","2.72","3467.67","0.73","2878.73","0.61"
2022,2023,"SWKE0254","SWKB0417","4498.08","20.54","0.00","0.00","2032.61","9.28","1478.69","6.75","0.00","0.00","418.05","1.91","30992.52","141.52","120.00","0.55","4015.55","18.34","240.12","1.10","3135.83","14.32","28014.15","5.93","12841.99","2.72","3467.67","0.73","2878.73","0.61"
2022,2023,"SWKE0109","SWKB0418","717.16","10.39","0.00","0.00","1317.80","19.10","685.30","9.93","0.00","0.00","1105.24","16.02","0.00","0.00","40.00","0.58","1533.74","22.23","125.12","1.81","1503.44","21.79","28993.09","7.77","13027.12","3.49","5731.74","1.54","8768.26","2.35"
2022,2023,"SWKE0109","SWKB0419","1464.60","17.03","0.00","0.00","793.91","9.23","2097.93","24.39","0.00","0.00","2064.37","24.00","0.00","0.00","120.00","1.40","3421.20","39.78","268.15","3.12","3761.93","43.74","28993.09","7.77","13027.12","3.49","5731.74","1.54","8768.26","2.35"
2022,2023,"SWKE0109","SWKB0420","508.90","7.48","0.00","0.00","480.54","7.07","612.82","9.01","0.00","0.00","1760.34","25.89","0.00","0.00","20.00","0.29","844.46","12.42","63.48","0.93","832.12","12.24","28993.09","7.77","13027.12","3.49","5731.74","1.54","8768.26","2.35"
2022,2023,"SWKE0352","SWKB0421","5998.68","12.58","0.00","0.00","5322.26","11.16","3936.84","8.25","0.00","0.00","5052.66","10.59","30407.68","63.75","370.00","0.78","7444.96","15.61","50.88","0.11","3858.92","8.09","7891.72","2.79","6970.78","2.46","3122.20","1.10","1356.29","0.48"
2022,2023,"SWKE0109","SWKB0422","459.64","4.60","0.00","0.00","822.06","8.22","300.87","3.01","0.00","0.00","0.00","0.00","0.00","0.00","30.00","0.30","1189.10","11.89","251.85","2.52","1330.91","13.31","28993.09","7.77","13027.12","3.49","5731.74","1.54","8768.26","2.35"
2022,2023,"SWKE0041","SWKB0423","4208.28","10.52","0.00","0.00","5878.95","14.70","1578.50","3.95","0.00","0.00","2874.44","7.19","21216.30","53.04","120.00","0.30","4984.35","12.46","389.20","0.97","2740.03","6.85","66294.63","5.02","43369.16","3.28","23493.13","1.78","6607.17","0.50"
2022,2023,"SWKE0083","SWKB0424","3576.71","17.36","0.00","0.00","6275.34","30.46","3543.84","17.20","0.00","0.00","2340.01","11.36","0.00","0.00","150.00","0.73","6344.29","30.80","0.00","0.00","5658.47","27.47","4370.10","16.01","2288.03","8.38","5546.71","20.32","4824.68","17.67"
2022,2023,"SWKE0106","SWKB0425","1632.87","28.65","0.00","0.00","13068.18","229.27","0.00","0.00","0.00","0.00","0.00","0.00","0.00","0.00","50.00","0.88","1719.24","30.16","0.00","0.00","68.06","1.19","191.98","1.68","349.66","3.07","72.38","0.63","2347.68","20.59"
2022,2023,"SWKE0106","SWKB0426","371.11","6.51","0.00","0.00","138.10","2.42","243.18","4.27","0.00","0.00","0.00","0.00","0.00","0.00","50.00","0.88","1719.24","30.16","0.00","0.00","122.11","2.14","191.98","1.68","349.66","3.07","72.38","0.63","2347.68","20.59"
2022,2023,"SWKE0087","SWKB0427","932.26","11.95","0.00","0.00","2738.72","35.11","246.66","3.16","0.00","0.00","0.00","0.00","0.00","0.00","80.00","1.03","2901.14","37.19","0.00","0.00","1892.42","24.26","9590.04","5.73","5415.19","3.23","1480.71","0.88","1213.61","0.72"
2022,2023,"SWKE0045","SWKB0428","264.25","8.26","0.00","0.00","238.96","7.47","174.86","5.46","0.00","0.00","0.00","0.00","0.00","0.00","20.00","0.63","766.87","23.96","67.46","2.11","666.86","20.84","21208.02","7.64","7811.54","2.81","2210.07","0.80","2040.28","0.73"
2022,2023,"SWKE0129","SWKB0429","845.56","6.76","0.00","0.00","1476.84","11.81","1415.28","11.32","0.00","0.00","1426.52","11.41","0.00","0.00","40.00","0.32","1688.92","13.51","0.00","0.00","1330.12","10.64","33233.44","5.71","15254.16","2.62","6285.16","1.08","4205.47","0.72"
2022,2023,"SWKE0268","SWKB0430","376.90","3.37","0.00","0.00","390.16","3.48","499.92","4.46","0.00","0.00","0.00","0.00","0.00","0.00","20.00","0.18","686.64","6.13","65.41","0.58","466.70","4.17","8828.25","5.68","3319.91","2.14","1881.60","1.21","21548.45","13.88"
2022,2023,"SWKE0048","SWKB0431","0.00","0.00","0.00","0.00","99.01","0.70","1597.22","11.25","0.00","0.00","0.00","0.00","0.00","0.00","110.00","0.77","3522.67","24.81","261.29","1.84","3878.75","27.32","0.00","0.00","3803.49","1.48","4526.42","1.76","13547.48","5.26"
2022,2023,"SWKE0299","SWKB0432","1222.60","22.23","0.00","0.00","255.29","4.64","127.06","2.31","0.00","0.00","0.00","0.00","8441.32","153.48","50.00","0.91","1712.27","31.13","0.00","0.00","263.65","4.79","3953.86","2.33","2935.48","1.73","5156.26","3.04","898.71","0.53"
2022,2023,"SWKE0299","SWKB0433","538.78","15.85","0.00","0.00","454.72","13.37","0.00","0.00","0.00","0.00","0.00","0.00","3511.50","103.28","20.00","0.59","686.64","20.20","0.00","0.00","147.76","4.35","3953.86","2.33","2935.48","1.73","5156.26","3.04","898.71","0.53"
2022,2023,"SWKE0198","SWKB0434","412.18","6.25","0.00","0.00","84.90","1.29","54.78","0.83","0.00","0.00","0.00","0.00","1373.68","20.81","30.00","0.45","1104.54","16.74","63.30","0.96","897.31","13.60","10806.74","4.00","4473.97","1.65","1968.42","0.73","1238.25","0.46"
2022,2023,"SWKE0174","SWKB0435","1956.00","54.33","0.00","0.00","822.84","22.86","191.94","5.33","0.00","0.00","0.00","0.00","12524.82","347.91","60.00","1.67","2533.38","70.37","153.66","4.27","1832.28","50.90","6623.36","6.52","6537.01","6.43","871.95","0.86","35.77","0.04"
2022,2023,"SWKE0001","SWKB0436","2680.17","14.89","0.00","0.00","4271.35","23.73","3085.19","17.14","0.00","0.00","0.00","0.00","7510.71","41.73","130.00","0.72","4379.98","24.33","537.78","2.99","3672.21","20.40","4216.67","3.51","1084.33","0.90","457.19","0.38","162.57","0.14"
2022,2023,"SWKE0021","SWKB0437","1940.56","9.33","0.00","0.00","6609.05","31.77","713.48","3.43","0.00","0.00","0.00","0.00","8168.08","39.27","50.00","0.24","1717.20","8.26","0.00","0.00","1163.98","5.60","11477.97","0.96","6872.37","0.57","2775.59","0.23","5106.47","0.43"
2022,2023,"SWKE0027","SWKB0438","124.22","6.21","0.00","0.00","98.02","4.90","0.00","0.00","0.00","0.00","0.00","0.00","0.00","0.00","20.00","1.00","689.28","34.46","0.00","0.00","49.34","2.47","4847.57","2.50","1070.16","0.55","899.57","0.46","563.44","0.29"
2022,2023,"SWKE0027","SWKB0439","151.60","2.53","0.00","0.00","371.90","6.20","0.00","0.00","0.00","0.00","0.00","0.00","0.00","0.00","20.00","0.33","689.28","11.49","0.00","0.00","49.34","0.82","4847.57","2.50","1070.16","0.55","899.57","0.46","563.44","0.29"
2022,2023,"SWKE0027","SWKB0440","124.69","6.23","0.00","0.00","674.88","33.74","0.00","0.00","0.00","0.00","0.00","0.00","0.00","0.00","10.00","0.50","344.64","17.23","0.00","0.00","24.67","1.23","4847.57","2.50","1070.16","0.55","899.57","0.46","563.44","0.29"
2022,2023,"SWKE0027","SWKB0441","636.12","4.21","0.00","0.00","65.65","0.43","0.00","0.00","0.00","0.00","0.00","0.00","0.00","0.00","330.00","2.19","3430.19","22.72","0.00","0.00","269.44","1.78","4847.57","2.50","1070.16","0.55","899.57","0.46","563.44","0.29"
2022,2023,"SWKE0254","SWKB0442","662.78","7.36","0.00","0.00","249.48","2.77","120.88","1.34","0.00","0.00","0.00","0.00","4446.34","49.40","20.00","0.22","689.28","7.66","65.40","0.73","680.72","7.56","28014.15","5.93","12841.99","2.72","3467.67","0.73","2878.73","0.61"
2022,2023,"SWKE0254","SWKB0443","1870.63","18.34","0.00","0.00","3031.42","29.72","573.15","5.62","0.00","0.00","0.00","0.00","11469.83","112.45","30.00","0.29","1126.67","11.05","50.86","0.50","1515.14","14.85","28014.15","5.93","12841.99","2.72","3467.67","0.73","2878.73","0.61"
2022,2023,"SWKE0218","SWKB0444","1363.12","5.80","0.00","0.00","2526.32","10.75","936.52","3.99","0.00","0.00","1224.82","5.21","0.00","0.00","100.00","0.43","3911.94","16.65","0.00","0.00","2381.32","10.13","19320.99","8.29","3914.18","1.68","2309.77","0.99","420.49","0.18"
2022,2023,"SWKE0148","SWKB0445","738.57","3.16","0.00","0.00","712.62","3.05","700.92","3.00","0.00","0.00","1226.45","5.24","0.00","0.00","60.00","0.26","2033.94","8.69","113.20","0.48","1528.62","6.53","2543.66","2.65","3732.20","3.89","801.83","0.84","396.97","0.41"
2022,2023,"SWKE0148","SWKB0446","1062.77","13.98","0.00","0.00","1283.43","16.89","4997.41","65.76","0.00","0.00","0.00","0.00","0.00","0.00","50.00","0.66","1656.43","21.80","0.00","0.00","1917.69","25.23","2543.66","2.65","3732.20","3.89","801.83","0.84","396.97","0.41"
2022,2023,"SWKE0112","SWKB0447","352.64","17.63","0.00","0.00","0.00","0.00","-65.40","-3.27","0.00","0.00","0.00","0.00","0.00","0.00","40.00","2.00","1378.56","68.93","0.00","0.00","1300.00","65.00","37372.02","7.97","29578.18","6.31","5048.69","1.08","2283.47","0.49"
2022,2023,"SWKE0189","SWKB0448","206.61","3.97","0.00","0.00","554.37","10.66","145.40","2.80","0.00","0.00","0.00","0.00","0.00","0.00","10.00","0.19","427.65","8.22","0.00","0.00","563.50","10.84","2142.05","5.76","0.00","0.00","398.22","1.07","0.00","0.00"
2022,2023,"SWKE0107","SWKB0449","37.77","3.43","0.00","0.00","33.10","3.01","0.00","0.00","0.00","0.00","0.00","0.00","0.00","0.00","0.00","0.00","344.64","31.33","0.00","0.00","0.00","0.00","1282.28","4.48","2945.36","10.30","47.10","0.16","0.00","0.00"
2022,2023,"SWKE0107","SWKB0450","55.84","5.08","0.00","0.00","0.00","0.00","0.00","0.00","0.00","0.00","0.00","0.00","0.00","0.00","10.00","0.91","344.64","31.33","0.00","0.00","0.00","0.00","1282.28","4.48","2945.36","10.30","47.10","0.16","0.00","0.00"
2022,2023,"SWKE0107","SWKB0451","67.87","6.17","0.00","0.00","0.00","0.00","0.00","0.00","0.00","0.00","0.00","0.00","0.00","0.00","10.00","0.91","422.23","38.38","0.00","0.00","0.00","0.00","1282.28","4.48","2945.36","10.30","47.10","0.16","0.00","0.00"
2022,2023,"SWKE0107","SWKB0452","123.71","11.25","0.00","0.00","0.00","0.00","0.00","0.00","0.00","0.00","0.00","0.00","0.00","0.00","20.00","1.82","766.87","69.72","0.00","0.00","0.00","0.00","1282.28","4.48","2945.36","10.30","47.10","0.16","0.00","0.00"
2022,2023,"SWKE0107","SWKB0453","67.87","6.17","0.00","0.00","0.00","0.00","0.00","0.00","0.00","0.00","0.00","0.00","0.00","0.00","10.00","0.91","422.23","38.38","0.00","0.00","0.00","0.00","1282.28","4.48","2945.36","10.30","47.10","0.16","0.00","0.00"
2022,2023,"SWKE0107","SWKB0454","67.87","6.17","0.00","0.00","0.00","0.00","0.00","0.00","0.00","0.00","0.00","0.00","0.00","0.00","10.00","0.91","422.23","38.38","0.00","0.00","0.00","0.00","1282.28","4.48","2945.36","10.30","47.10","0.16","0.00","0.00"
2022,2023,"SWKE0107","SWKB0455","42.22","3.84","0.00","0.00","0.00","0.00","0.00","0.00","0.00","0.00","0.00","0.00","0.00","0.00","10.00","0.91","422.23","38.38","0.00","0.00","0.00","0.00","1282.28","4.48","2945.36","10.30","47.10","0.16","0.00","0.00"
2022,2023,"SWKE0107","SWKB0456","123.71","11.25","0.00","0.00","0.00","0.00","0.00","0.00","0.00","0.00","0.00","0.00","0.00","0.00","20.00","1.82","766.87","69.72","0.00","0.00","0.00","0.00","1282.28","4.48","2945.36","10.30","47.10","0.16","0.00","0.00"
2022,2023,"SWKE0107","SWKB0457","55.84","5.08","0.00","0.00","0.00","0.00","0.00","0.00","0.00","0.00","0.00","0.00","0.00","0.00","10.00","0.91","344.64","31.33","0.00","0.00","0.00","0.00","1282.28","4.48","2945.36","10.30","47.10","0.16","0.00","0.00"
2022,2023,"SWKE0107","SWKB0458","71.84","6.53","0.00","0.00","39.72","3.61","0.00","0.00","0.00","0.00","0.00","0.00","0.00","0.00","10.00","0.91","422.23","38.38","0.00","0.00","0.00","0.00","1282.28","4.48","2945.36","10.30","47.10","0.16","0.00","0.00"
2022,2023,"SWKE0107","SWKB0459","42.22","3.84","0.00","0.00","0.00","0.00","0.00","0.00","0.00","0.00","0.00","0.00","0.00","0.00","10.00","0.91","422.23","38.38","0.00","0.00","0.00","0.00","1282.28","4.48","2945.36","10.30","47.10","0.16","0.00","0.00"
2022,2023,"SWKE0107","SWKB0460","55.84","5.08","0.00","0.00","0.00","0.00","0.00","0.00","0.00","0.00","0.00","0.00","0.00","0.00","10.00","0.91","344.64","31.33","0.00","0.00","0.00","0.00","1282.28","4.48","2945.36","10.30","47.10","0.16","0.00","0.00"
2022,2023,"SWKE0107","SWKB0461","123.71","11.25","0.00","0.00","0.00","0.00","0.00","0.00","0.00","0.00","0.00","0.00","0.00","0.00","20.00","1.82","766.87","69.72","0.00","0.00","0.00","0.00","1282.28","4.48","2945.36","10.30","47.10","0.16","0.00","0.00"
2022,2023,"SWKE0107","SWKB0462","83.96","7.63","0.00","0.00","160.83","14.62","0.00","0.00","0.00","0.00","0.00","0.00","0.00","0.00","10.00","0.91","422.23","38.38","0.00","0.00","0.00","0.00","1282.28","4.48","2945.36","10.30","47.10","0.16","0.00","0.00"
2022,2023,"SWKE0107","SWKB0463","67.87","6.17","0.00","0.00","0.00","0.00","0.00","0.00","0.00","0.00","0.00","0.00","0.00","0.00","10.00","0.91","422.23","38.38","0.00","0.00","0.00","0.00","1282.28","4.48","2945.36","10.30","47.10","0.16","0.00","0.00"
2022,2023,"SWKE0228","SWKB0464","928.00","9.47","0.00","0.00","2095.76","21.39","250.08","2.55","0.00","0.00","0.00","0.00","0.00","0.00","70.00","0.71","2746.56","28.03","0.00","0.00","2320.64","23.68","3444.86","8.88","0.00","0.00","258.30","0.67","196.70","0.51"
2022,2023,"SWKE0107","SWKB0465","55.84","5.08","0.00","0.00","0.00","0.00","0.00","0.00","0.00","0.00","0.00","0.00","0.00","0.00","10.00","0.91","344.64","31.33","0.00","0.00","0.00","0.00","1282.28","4.48","2945.36","10.30","47.10","0.16","0.00","0.00"
2022,2023,"SWKE0107","SWKB0466","102.33","9.30","0.00","0.00","0.00","0.00","0.00","0.00","0.00","0.00","0.00","0.00","0.00","0.00","20.00","1.82","766.87","69.72","0.00","0.00","0.00","0.00","1282.28","4.48","2945.36","10.30","47.10","0.16","0.00","0.00"
2022,2023,"SWKE0107","SWKB0467","61.79","5.62","0.00","0.00","33.10","3.01","26.41","2.40","0.00","0.00","0.00","0.00","0.00","0.00","10.00","0.91","344.64","31.33","0.00","0.00","0.00","0.00","1282.28","4.48","2945.36","10.30","47.10","0.16","0.00","0.00"
2022,2023,"SWKE0201","SWKB0468","725.58","6.48","0.00","0.00","732.60","6.54","332.60","2.97","0.00","0.00","812.07","7.25","0.00","0.00","50.00","0.45","2138.93","19.10","163.53","1.46","1424.00","12.71","36636.71","8.79","15477.74","3.71","7328.70","1.76","4457.84","1.07"
2022,2023,"SWKE0345","SWKB0469","0.00","0.00","0.00","0.00","2970.14","45.69","557.44","8.58","0.00","0.00","0.00","0.00","0.00","0.00","50.00","0.77","2121.99","32.65","0.00","0.00","1648.47","25.36","0.00","0.00","4652.46","6.40","495.01","0.68","532.60","0.73"
2022,2023,"SWKE0345","SWKB0470","0.00","0.00","0.00","0.00","1125.00","15.00","200.84","2.68","0.00","0.00","0.00","0.00","0.00","0.00","10.00","0.13","855.30","11.40","0.00","0.00","721.20","9.62","0.00","0.00","4652.46","6.40","495.01","0.68","532.60","0.73"
2022,2023,"SWKE0010","SWKB0471","0.00","0.00","0.00","0.00","237.50","2.20","4372.86","40.49","0.00","0.00","0.00","0.00","0.00","0.00","20.00","0.19","677.98","6.28","48.76","0.45","981.44","9.09","7.03","0.02","1339.64","3.72","369.90","1.03","0.00","0.00"
2022,2023,"SWKE0290","SWKB0472","3609.99","5.70","0.00","0.00","2049.07","3.24","3743.07","5.91","0.00","0.00","0.00","0.00","0.00","0.00","420.00","0.66","14144.88","22.35","1246.20","1.97","7301.03","11.53","6743.02","5.66","4905.29","4.12","700.05","0.59","382.49","0.32"
2022,2023,"SWKE0290","SWKB0473","798.30","5.08","0.00","0.00","2277.86","14.51","837.71","5.34","0.00","0.00","0.00","0.00","0.00","0.00","50.00","0.32","2132.83","13.58","207.41","1.32","1266.60","8.07","6743.02","5.66","4905.29","4.12","700.05","0.59","382.49","0.32"
2022,2023,"SWKE0156","SWKB0474","310.30","3.88","0.00","0.00","603.10","7.54","346.24","4.33","0.00","0.00","0.00","0.00","0.00","0.00","20.00","0.25","844.46","10.56","32.80","0.41","667.38","8.34","18101.96","8.44","6570.48","3.06","4272.51","1.99","2078.74","0.97"
2022,2023,"SWKE0159","SWKB0475","494.28","4.12","0.00","0.00","285.08","2.38","468.20","3.90","0.00","0.00","432.40","3.60","0.00","0.00","230.00","1.92","1378.56","11.49","43.28","0.36","1172.64","9.77","6810.30","6.48","9513.82","9.05","1331.17","1.27","444.73","0.42"
2022,2023,"SWKE0198","SWKB0476","561.65","8.64","0.00","0.00","36.96","0.57","505.51","7.78","0.00","0.00","0.00","0.00","861.30","13.25","50.00","0.77","1707.94","26.28","68.57","1.05","1492.69","22.96","10806.74","4.00","4473.97","1.65","1968.42","0.73","1238.25","0.46"
2022,2023,"SWKE0145","SWKB0477","970.51","4.64","0.00","0.00","1322.25","6.33","964.86","4.62","0.00","0.00","1757.78","8.41","0.00","0.00","60.00","0.29","2571.66","12.30","201.90","0.97","1534.43","7.34","28851.81","5.32","12285.67","2.26","6990.17","1.29","3304.06","0.61"
2022,2023,"SWKE0129","SWKB0478","828.16","3.94","0.00","0.00","394.54","1.88","1081.76","5.15","0.00","0.00","1001.29","4.77","0.00","0.00","50.00","0.24","2443.02","11.63","0.00","0.00","1413.97","6.73","33233.44","5.71","15254.16","2.62","6285.16","1.08","4205.47","0.72"
2022,2023,"SWKE0108","SWKB0479","435.96","7.03","0.00","0.00","1087.44","17.54","208.48","3.36","0.00","0.00","1382.06","22.29","0.00","0.00","20.00","0.32","689.28","11.12","121.30","1.96","737.02","11.89","133.92","1.01","0.00","0.00","0.00","0.00","0.00","0.00"
2022,2023,"SWKE0345","SWKB0480","0.00","0.00","0.00","0.00","1678.46","25.82","216.20","3.33","0.00","0.00","0.00","0.00","0.00","0.00","20.00","0.31","855.30","13.16","0.00","0.00","704.54","10.84","0.00","0.00","4652.46","6.40","495.01","0.68","532.60","0.73"
2022,2023,"SWKE0345","SWKB0481","0.00","0.00","0.00","0.00","771.66","10.57","292.00","4.00","0.00","0.00","0.00","0.00","0.00","0.00","30.00","0.41","1289.05","17.66","0.00","0.00","1107.17","15.17","0.00","0.00","4652.46","6.40","495.01","0.68","532.60","0.73"
2022,2023,"SWKE0122","SWKB0482","179.87","5.80","0.00","0.00","0.00","0.00","0.00","0.00","0.00","0.00","0.00","0.00","0.00","0.00","30.00","0.97","0.00","0.00","0.00","0.00","0.00","0.00","20294.21","25.02","4938.76","6.09","614.23","0.76","5108.91","6.30"
2022,2023,"SWKE0008","SWKB0483","423.00","4.70","0.00","0.00","233.95","2.60","117.90","1.31","0.00","0.00","0.00","0.00","0.00","0.00","50.00","0.56","1694.95","18.83","0.00","0.00","1411.15","15.68","3589.01","1.56","3127.38","1.36","2324.56","1.01","3032.25","1.32"
2022,2023,"SWKE0008","SWKB0484","516.81","5.74","0.00","0.00","1020.40","11.34","217.20","2.41","0.00","0.00","0.00","0.00","0.00","0.00","50.00","0.56","1694.95","18.83","98.10","1.09","1365.20","15.17","3589.01","1.56","3127.38","1.36","2324.56","1.01","3032.25","1.32"
2022,2023,"SWKE0182","SWKB0485","1923.17","12.65","0.00","0.00","1730.72","11.39","1404.67","9.24","0.00","0.00","0.00","0.00","0.00","0.00","130.00","0.86","5521.51","36.33","0.00","0.00","3151.94","20.74","2640.87","10.32","6088.88","23.78","614.81","2.40","1524.35","5.95"
2022,2023,"SWKE0145","SWKB0486","594.29","4.40","0.00","0.00","992.67","7.35","819.14","6.07","0.00","0.00","0.00","0.00","0.00","0.00","50.00","0.37","1962.33","14.54","0.00","0.00","1256.68","9.31","28851.81","5.32","12285.67","2.26","6990.17","1.29","3304.06","0.61"
2022,2023,"SWKE0011","SWKB0487","829.66","6.91","0.00","0.00","618.13","5.15","487.72","4.06","0.00","0.00","1375.13","11.46","0.00","0.00","70.00","0.58","2894.28","24.12","0.00","0.00","1489.10","12.41","3952.45","3.45","5387.09","4.70","1141.47","1.00","489.61","0.43"
2022,2023,"SWKE0087","SWKB0488","1201.08","11.55","0.00","0.00","2716.73","26.12","767.40","7.38","0.00","0.00","0.00","0.00","0.00","0.00","110.00","1.06","3833.78","36.86","0.00","0.00","2625.31","25.24","9590.04","5.73","5415.19","3.23","1480.71","0.88","1213.61","0.72"
2022,2023,"SWKE0122","SWKB0489","132.56","9.47","0.00","0.00","0.00","0.00","0.00","0.00","0.00","0.00","0.00","0.00","0.00","0.00","20.00","1.43","0.00","0.00","0.00","0.00","0.00","0.00","20294.21","25.02","4938.76","6.09","614.23","0.76","5108.91","6.30"
2022,2023,"SWKE0122","SWKB0490","293.47","5.99","0.00","0.00","0.00","0.00","0.00","0.00","0.00","0.00","0.00","0.00","0.00","0.00","50.00","1.02","0.00","0.00","0.00","0.00","0.00","0.00","20294.21","25.02","4938.76","6.09","614.23","0.76","5108.91","6.30"
2022,2023,"SWKE0122","SWKB0491","303.39","20.23","0.00","0.00","0.00","0.00","0.00","0.00","0.00","0.00","0.00","0.00","0.00","0.00","30.00","2.00","1033.92","68.93","0.00","0.00","579.90","38.66","20294.21","25.02","4938.76","6.09","614.23","0.76","5108.91","6.30"
2022,2023,"SWKE0122","SWKB0492","47.33","2.37","0.00","0.00","0.00","0.00","0.00","0.00","0.00","0.00","0.00","0.00","0.00","0.00","10.00","0.50","0.00","0.00","0.00","0.00","0.00","0.00","20294.21","25.02","4938.76","6.09","614.23","0.76","5108.91","6.30"
2022,2023,"SWKE0122","SWKB0493","179.87","2.65","0.00","0.00","0.00","0.00","0.00","0.00","0.00","0.00","0.00","0.00","0.00","0.00","30.00","0.44","0.00","0.00","0.00","0.00","0.00","0.00","20294.21","25.02","4938.76","6.09","614.23","0.76","5108.91","6.30"
2022,2023,"SWKE0122","SWKB0494","179.88","6.92","0.00","0.00","0.00","0.00","0.00","0.00","0.00","0.00","0.00","0.00","0.00","0.00","30.00","1.15","0.00","0.00","0.00","0.00","0.00","0.00","20294.21","25.02","4938.76","6.09","614.23","0.76","5108.91","6.30"
2022,2023,"SWKE0110","SWKB0495","0.00","0.00","0.00","0.00","309.85","2.77","1115.04","9.96","0.00","0.00","1239.24","11.06","0.00","0.00","90.00","0.80","3179.35","28.39","282.15","2.52","3081.63","27.51","0.00","0.00","331.15","0.18","996.17","0.54","326.93","0.18"
2022,2023,"SWKE0110","SWKB0496","0.00","0.00","0.00","0.00","293.22","3.96","1328.94","17.96","0.00","0.00","1566.29","21.17","0.00","0.00","50.00","0.68","1878.38","25.38","167.05","2.26","1808.78","24.44","0.00","0.00","331.15","0.18","996.17","0.54","326.93","0.18"
2022,2023,"SWKE0110","SWKB0497","0.00","0.00","0.00","0.00","484.22","7.34","2808.56","42.55","0.00","0.00","1052.40","15.95","0.00","0.00","60.00","0.91","2378.20","36.03","202.18","3.06","2277.72","34.51","0.00","0.00","331.15","0.18","996.17","0.54","326.93","0.18"
2022,2023,"SWKE0110","SWKB0498","0.00","0.00","0.00","0.00","1332.50","18.25","2890.93","39.60","0.00","0.00","909.12","12.45","0.00","0.00","60.00","0.82","2145.43","29.39","194.44","2.66","1889.02","25.88","0.00","0.00","331.15","0.18","996.17","0.54","326.93","0.18"
2022,2023,"SWKE0110","SWKB0499","0.00","0.00","0.00","0.00","349.56","4.92","3387.48","47.71","0.00","0.00","1573.14","22.16","0.00","0.00","50.00","0.70","2533.38","35.68","198.96","2.80","2411.70","33.97","0.00","0.00","331.15","0.18","996.17","0.54","326.93","0.18"
2022,2023,"SWKE0110","SWKB0500","0.00","0.00","0.00","0.00","687.92","9.83","2972.43","42.46","0.00","0.00","1410.15","20.15","0.00","0.00","60.00","0.86","2455.79","35.08","196.23","2.80","2344.71","33.50","0.00","0.00","331.15","0.18","996.17","0.54","326.93","0.18"
2022,2023,"SWKE0110","SWKB0501","0.00","0.00","0.00","0.00","457.66","6.45","3342.78","47.08","0.00","0.00","1840.93","25.93","0.00","0.00","70.00","0.99","2955.61","41.63","232.12","3.27","2813.65","39.63","0.00","0.00","331.15","0.18","996.17","0.54","326.93","0.18"
2022,2023,"SWKE0110","SWKB0502","0.00","0.00","0.00","0.00","1162.33","15.92","2833.76","38.82","0.00","0.00","1351.33","18.51","0.00","0.00","70.00","0.96","2567.66","35.17","685.79","9.39","2478.70","33.95","0.00","0.00","331.15","0.18","996.17","0.54","326.93","0.18"
2022,2023,"SWKE0110","SWKB0503","0.00","0.00","0.00","0.00","1821.04","26.78","2185.56","32.14","0.00","0.00","1898.30","27.92","0.00","0.00","60.00","0.88","2300.61","33.83","164.82","2.42","2210.73","32.51","0.00","0.00","331.15","0.18","996.17","0.54","326.93","0.18"
2022,2023,"SWKE0110","SWKB0504","0.00","0.00","0.00","0.00","3982.51","56.89","2474.71","35.35","0.00","0.00","2244.48","32.06","0.00","0.00","70.00","1.00","2955.61","42.22","235.48","3.36","2813.65","40.20","0.00","0.00","331.15","0.18","996.17","0.54","326.93","0.18"
2022,2023,"SWKE0110","SWKB0505","0.00","0.00","0.00","0.00","991.16","12.24","1831.73","22.61","0.00","0.00","998.39","12.33","0.00","0.00","50.00","0.62","1966.81","24.28","152.41","1.88","2009.75","24.81","0.00","0.00","331.15","0.18","996.17","0.54","326.93","0.18"
2022,2023,"SWKE0110","SWKB0506","0.00","0.00","0.00","0.00","453.96","3.81","1160.28","9.75","0.00","0.00","1260.27","10.59","0.00","0.00","90.00","0.76","3334.53","28.02","277.05","2.33","3215.61","27.02","0.00","0.00","331.15","0.18","996.17","0.54","326.93","0.18"
2022,2023,"SWKE0110","SWKB0507","0.00","0.00","0.00","0.00","544.04","5.18","1767.92","16.84","0.00","0.00","3156.72","30.06","0.00","0.00","120.00","1.14","4824.96","45.95","457.80","4.36","4689.44","44.66","0.00","0.00","331.15","0.18","996.17","0.54","326.93","0.18"
2022,2023,"SWKE0110","SWKB0508","0.00","0.00","0.00","0.00","691.90","8.54","1434.80","17.71","0.00","0.00","1762.40","21.76","0.00","0.00","100.00","1.23","4222.30","52.13","339.10","4.19","4069.80","50.24","0.00","0.00","331.15","0.18","996.17","0.54","326.93","0.18"
2022,2023,"SWKE0110","SWKB0509","0.00","0.00","0.00","0.00","2125.26","20.44","1848.92","17.78","0.00","0.00","2774.25","26.68","0.00","0.00","140.00","1.35","5295.92","50.92","460.07","4.42","5158.37","49.60","0.00","0.00","331.15","0.18","996.17","0.54","326.93","0.18"
2022,2023,"SWKE0110","SWKB0510","0.00","0.00","0.00","0.00","1385.01","9.23","1821.77","12.15","0.00","0.00","2281.09","15.21","0.00","0.00","150.00","1.00","5579.83","37.20","512.74","3.42","5627.31","37.52","0.00","0.00","331.15","0.18","996.17","0.54","326.93","0.18"
2022,2023,"SWKE0110","SWKB0511","0.00","0.00","0.00","0.00","581.12","5.75","1640.30","16.24","0.00","0.00","2568.29","25.43","0.00","0.00","100.00","0.99","3504.71","34.70","319.56","3.16","3148.63","31.17","0.00","0.00","331.15","0.18","996.17","0.54","326.93","0.18"
2022,2023,"SWKE0110","SWKB0512","0.00","0.00","0.00","0.00","770.46","10.70","2817.00","39.13","0.00","0.00","1585.26","22.02","0.00","0.00","40.00","0.56","2533.38","35.19","196.26","2.73","2411.70","33.50","0.00","0.00","331.15","0.18","996.17","0.54","326.93","0.18"
2022,2023,"SWKE0105","SWKB0912","214.68","6.13","0.00","0.00","0.00","0.00","0.00","0.00","0.00","0.00","0.00","0.00","0.00","0.00","30.00","0.86","0.00","0.00","0.00","0.00","0.00","0.00","33935.52","29.74","17358.14","15.21","7283.26","6.38","5522.11","4.84"
2022,2023,"SWKE0110","SWKB0513","0.00","0.00","0.00","0.00","1254.60","12.06","2676.24","25.73","0.00","0.00","1708.65","16.43","0.00","0.00","90.00","0.87","3101.76","29.82","354.96","3.41","3014.64","28.99","0.00","0.00","331.15","0.18","996.17","0.54","326.93","0.18"
2022,2023,"SWKE0110","SWKB0514","0.00","0.00","0.00","0.00","1482.84","14.26","3853.44","37.05","0.00","0.00","1264.86","12.16","0.00","0.00","90.00","0.87","3101.76","29.82","297.18","2.86","3014.64","28.99","0.00","0.00","331.15","0.18","996.17","0.54","326.93","0.18"
2022,2023,"SWKE0110","SWKB0515","0.00","0.00","0.00","0.00","870.18","12.09","2831.64","39.33","0.00","0.00","1468.15","20.39","0.00","0.00","60.00","0.83","2533.38","35.19","196.26","2.73","2411.70","33.50","0.00","0.00","331.15","0.18","996.17","0.54","326.93","0.18"
2022,2023,"SWKE0218","SWKB0516","579.21","3.53","0.00","0.00","614.13","3.74","348.53","2.13","0.00","0.00","0.00","0.00","0.00","0.00","50.00","0.30","1882.25","11.48","0.00","0.00","1432.82","8.74","19320.99","8.29","3914.18","1.68","2309.77","0.99","420.49","0.18"
2022,2023,"SWKE0218","SWKB0517","874.11","5.33","0.00","0.00","1013.34","6.18","289.71","1.77","0.00","0.00","0.00","0.00","0.00","0.00","120.00","0.73","2934.00","17.89","0.00","0.00","2194.29","13.38","19320.99","8.29","3914.18","1.68","2309.77","0.99","420.49","0.18"
2022,2023,"SWKE0307","SWKB0518","258.89","2.40","0.00","0.00","333.06","3.08","293.68","2.72","0.00","0.00","265.95","2.46","0.00","0.00","10.00","0.09","347.95","3.22","560.56","5.19","409.39","3.79","10327.23","5.35","10931.39","5.66","1722.40","0.89","2244.32","1.16"
2022,2023,"SWKE0113","SWKB0519","2867.07","7.26","0.00","0.00","5734.95","14.52","1942.37","4.92","0.00","0.00","0.00","0.00","0.00","0.00","290.00","0.73","10045.48","25.43","777.62","1.97","5344.76","13.53","9091.91","4.49","5982.86","2.95","2399.88","1.18","1941.64","0.96"
2022,2023,"SWKE0041","SWKB0520","2846.25","29.65","0.00","0.00","1657.21","17.26","776.02","8.08","0.00","0.00","0.00","0.00","17277.76","179.98","110.00","1.15","3663.91","38.17","518.14","5.40","2546.72","26.53","66294.63","5.02","43369.16","3.28","23493.13","1.78","6607.17","0.50"
2022,2023,"SWKE0041","SWKB0521","4603.24","29.89","0.00","0.00","446.42","2.90","784.04","5.09","0.00","0.00","0.00","0.00","28965.96","188.09","160.00","1.04","6005.10","38.99","535.10","3.47","5180.58","33.64","66294.63","5.02","43369.16","3.28","23493.13","1.78","6607.17","0.50"
2022,2023,"SWKE0041","SWKB0522","1797.23","18.72","0.00","0.00","2392.64","24.92","310.20","3.23","0.00","0.00","0.00","0.00","10620.29","110.63","50.00","0.52","1953.33","20.35","196.23","2.04","1393.08","14.51","66294.63","5.02","43369.16","3.28","23493.13","1.78","6607.17","0.50"
2022,2023,"SWKE0286","SWKB0523","257.70","1.34","0.00","0.00","447.30","2.33","110.78","0.58","0.00","0.00","174.80","0.91","0.00","0.00","20.00","0.10","689.28","3.59","92.44","0.48","723.24","3.77","7392.35","4.18","3663.39","2.07","3063.13","1.73","598.47","0.34"
2022,2023,"SWKE0114","SWKB0524","4198.01","13.99","0.00","0.00","9930.89","33.10","2291.37","7.64","0.00","0.00","5533.50","18.45","0.00","0.00","200.00","0.67","8113.48","27.04","4503.21","15.01","6114.89","20.38","3773.94","4.91","4132.29","5.37","626.66","0.81","1842.66","2.40"
2022,2023,"SWKE0114","SWKB0525","247.49","7.73","0.00","0.00","120.48","3.77","107.16","3.35","0.00","0.00","0.00","0.00","1395.99","43.62","10.00","0.31","339.82","10.62","0.00","0.00","358.88","11.22","3773.94","4.91","4132.29","5.37","626.66","0.81","1842.66","2.40"
2022,2023,"SWKE0112","SWKB0526","1399.90","8.28","0.00","0.00","1301.18","7.70","762.04","4.51","0.00","0.00","0.00","0.00","0.00","0.00","120.00","0.71","4523.63","26.77","0.00","0.00","4443.69","26.29","37372.02","7.97","29578.18","6.31","5048.69","1.08","2283.47","0.49"
2022,2023,"SWKE0079","SWKB0527","810.60","11.26","0.00","0.00","1032.70","14.34","694.10","9.64","0.00","0.00","0.00","0.00","0.00","0.00","50.00","0.69","2111.15","29.32","0.00","0.00","2730.35","37.92","17553.15","17.82","7775.92","7.89","656.97","0.67","120.30","0.12"
2022,2023,"SWKE0079","SWKB0528","1471.77","20.44","0.00","0.00","2177.01","30.24","1057.32","14.69","0.00","0.00","0.00","0.00","0.00","0.00","90.00","1.25","3800.07","52.78","0.00","0.00","4914.63","68.26","17553.15","17.82","7775.92","7.89","656.97","0.67","120.30","0.12"
2022,2023,"SWKE0079","SWKB0529","60.09","3.34","0.00","0.00","0.00","0.00","0.00","0.00","0.00","0.00","0.00","0.00","0.00","0.00","10.00","0.56","344.64","19.15","0.00","0.00","0.00","0.00","17553.15","17.82","7775.92","7.89","656.97","0.67","120.30","0.12"
2022,2023,"SWKE0079","SWKB0530","137.76","7.65","0.00","0.00","175.72","9.76","0.00","0.00","0.00","0.00","0.00","0.00","0.00","0.00","20.00","1.11","689.28","38.29","0.00","0.00","0.00","0.00","17553.15","17.82","7775.92","7.89","656.97","0.67","120.30","0.12"
2022,2023,"SWKE0111","SWKB0531","0.00","0.00","0.00","0.00","15301.16","106.26","4199.34","29.16","0.00","0.00","0.00","0.00","18769.29","130.34","90.00","0.63","3062.21","21.27","0.00","0.00","3119.48","21.66","0.00","0.00","6114.08","2.85","2844.13","1.32","77.17","0.04"
2022,2023,"SWKE0111","SWKB0532","0.00","0.00","0.00","0.00","5497.81","24.76","1127.66","5.08","0.00","0.00","0.00","0.00","36094.03","162.59","160.00","0.72","6108.21","27.51","620.63","2.80","6169.05","27.79","0.00","0.00","6114.08","2.85","2844.13","1.32","77.17","0.04"
2022,2023,"SWKE0111","SWKB0533","0.00","0.00","0.00","0.00","13882.98","84.65","844.52","5.15","0.00","0.00","0.00","0.00","20330.31","123.97","90.00","0.55","3118.31","19.01","0.00","0.00","3482.12","21.23","0.00","0.00","6114.08","2.85","2844.13","1.32","77.17","0.04"
2022,2023,"SWKE0111","SWKB0534","0.00","0.00","0.00","0.00","26809.33","69.27","2407.87","6.22","0.00","0.00","0.00","0.00","22543.91","58.25","140.00","0.36","4742.81","12.26","465.34","1.20","4256.75","11.00","0.00","0.00","6114.08","2.85","2844.13","1.32","77.17","0.04"
2022,2023,"SWKE0286","SWKB0535","922.69","4.81","0.00","0.00","1157.09","6.03","2045.71","10.65","0.00","0.00","0.00","0.00","0.00","0.00","60.00","0.31","2106.69","10.97","0.00","0.00","2574.43","13.41","7392.35","4.18","3663.39","2.07","3063.13","1.73","598.47","0.34"
2022,2023,"SWKE0329","SWKB0536","834.42","6.23","0.00","0.00","830.22","6.20","1659.86","12.39","0.00","0.00","732.92","5.47","0.00","0.00","60.00","0.45","2065.20","15.41","0.00","0.00","1621.12","12.10","67056.41","7.86","57695.83","6.77","7120.45","0.84","2827.45","0.33"
2022,2023,"SWKE0087","SWKB0537","870.50","8.37","0.00","0.00","2572.92","24.74","270.72","2.60","0.00","0.00","0.00","0.00","0.00","0.00","80.00","0.77","2816.81","27.08","0.00","0.00","1597.21","15.36","9590.04","5.73","5415.19","3.23","1480.71","0.88","1213.61","0.72"
2022,2023,"SWKE0201","SWKB0538","721.63","5.51","0.00","0.00","1101.39","8.41","710.74","5.43","0.00","0.00","752.25","5.74","0.00","0.00","40.00","0.31","1774.05","13.54","137.80","1.05","1458.36","11.13","36636.71","8.79","15477.74","3.71","7328.70","1.76","4457.84","1.07"
2022,2023,"SWKE0157","SWKB0539","0.00","0.00","0.00","0.00","396.36","3.10","588.32","4.60","0.00","0.00","676.34","5.28","0.00","0.00","20.00","0.16","686.64","5.36","664.34","5.19","1076.24","8.41","0.00","0.00","12815.76","5.85","10556.31","4.82","1043.51","0.48"
2022,2023,"SWKE0079","SWKB0540","870.18","12.09","0.00","0.00","385.20","5.35","661.20","9.18","0.00","0.00","0.00","0.00","0.00","0.00","60.00","0.83","2533.38","35.19","0.00","0.00","3276.42","45.51","17553.15","17.82","7775.92","7.89","656.97","0.67","120.30","0.12"
2022,2023,"SWKE0079","SWKB0541","631.80","8.78","0.00","0.00","573.76","7.97","640.80","8.90","0.00","0.00","0.00","0.00","0.00","0.00","40.00","0.56","1688.92","23.46","0.00","0.00","2184.28","30.34","17553.15","17.82","7775.92","7.89","656.97","0.67","120.30","0.12"
2022,2023,"SWKE0079","SWKB0542","109.62","5.77","0.00","0.00","569.35","29.97","0.00","0.00","0.00","0.00","0.00","0.00","0.00","0.00","10.00","0.53","302.15","15.90","0.00","0.00","0.00","0.00","17553.15","17.82","7775.92","7.89","656.97","0.67","120.30","0.12"
2022,2023,"SWKE0117","SWKB0543","378.63","4.51","0.00","0.00","916.89","10.92","349.32","4.16","0.00","0.00","0.00","0.00","0.00","0.00","30.00","0.36","1033.92","12.31","456.33","5.43","775.20","9.23","647.06","3.85","0.00","0.00","62.74","0.37","0.00","0.00"
2022,2023,"SWKE0117","SWKB0544","635.16","7.56","0.00","0.00","414.51","4.93","822.63","9.79","0.00","0.00","637.52","7.59","0.00","0.00","70.00","0.83","2645.25","31.49","32.68","0.39","1343.68","16.00","647.06","3.85","0.00","0.00","62.74","0.37","0.00","0.00"
2022,2023,"SWKE0118","SWKB0545","439.84","5.24","0.00","0.00","588.42","7.01","597.53","7.11","0.00","0.00","691.53","8.23","0.00","0.00","40.00","0.48","1456.15","17.34","0.00","0.00","775.20","9.23","710.19","4.23","0.00","0.00","128.21","0.76","0.00","0.00"
2022,2023,"SWKE0118","SWKB0546","864.42","10.29","0.00","0.00","2211.78","26.33","618.66","7.37","0.00","0.00","1646.70","19.60","0.00","0.00","60.00","0.71","2067.84","24.62","0.00","0.00","1550.40","18.46","710.19","4.23","0.00","0.00","128.21","0.76","0.00","0.00"
2022,2023,"SWKE0119","SWKB0547","7591.59","9.36","0.00","0.00","5944.73","7.33","12125.73","14.95","22532.84","27.78","7695.38","9.49","0.00","0.00","550.00","0.68","11238.35","13.86","3291.20","4.06","7234.70","8.92","7478.12","5.24","216.06","0.15","1046.96","0.73","743.96","0.52"
2022,2023,"SWKE0291","SWKB0548","2233.88","11.17","0.00","0.00","2453.70","12.27","717.54","3.59","0.00","0.00","951.10","4.76","10748.34","53.74","60.00","0.30","2959.78","14.80","0.00","0.00","1856.85","9.28","58565.61","12.97","9635.91","2.13","7060.54","1.56","879.53","0.19"
2022,2023,"SWKE0129","SWKB0549","510.92","2.97","0.00","0.00","1055.96","6.14","247.92","1.44","0.00","0.00","0.00","0.00","0.00","0.00","40.00","0.23","1373.28","7.98","0.00","0.00","1127.76","6.56","33233.44","5.71","15254.16","2.62","6285.16","1.08","4205.47","0.72"
2022,2023,"SWKE0129","SWKB0550","897.75","4.93","0.00","0.00","385.89","2.12","5824.95","32.01","0.00","0.00","0.00","0.00","0.00","0.00","30.00","0.16","1029.96","5.66","0.00","0.00","758.55","4.17","33233.44","5.71","15254.16","2.62","6285.16","1.08","4205.47","0.72"
2022,2023,"SWKE0156","SWKB0551","408.04","5.10","0.00","0.00","899.75","11.25","275.65","3.45","0.00","0.00","0.00","0.00","0.00","0.00","70.00","0.88","1266.69","15.83","42.72","0.53","834.22","10.43","18101.96","8.44","6570.48","3.06","4272.51","1.99","2078.74","0.97"
2022,2023,"SWKE0329","SWKB0552","1104.02","11.87","0.00","0.00","4248.98","45.69","193.68","2.08","0.00","0.00","431.18","4.64","0.00","0.00","60.00","0.65","2544.22","27.36","200.44","2.16","1817.92","19.55","67056.41","7.86","57695.83","6.77","7120.45","0.84","2827.45","0.33"
2022,2023,"SWKE0261","SWKB0553","3262.11","28.37","0.00","0.00","1158.51","10.07","6525.17","56.74","0.00","0.00","759.72","6.61","15529.10","135.04","80.00","0.70","2843.27","24.72","0.00","0.00","2710.17","23.57","10869.53","12.02","2265.24","2.51","1514.86","1.68","332.26","0.37"
2022,2023,"SWKE0011","SWKB0554","1082.87","8.20","0.00","0.00","1193.08","9.04","2259.29","17.12","0.00","0.00","1025.39","7.77","0.00","0.00","70.00","0.53","3145.07","23.83","222.99","1.69","1518.14","11.50","3952.45","3.45","5387.09","4.70","1141.47","1.00","489.61","0.43"
2022,2023,"SWKE0259","SWKB0555","183.89","0.88","0.00","0.00","231.10","1.10","112.11","0.53","0.00","0.00","589.45","2.81","0.00","0.00","10.00","0.05","338.99","1.61","29.07","0.14","352.77","1.68","7056.09","2.49","10017.05","3.54","3543.05","1.25","651.89","0.23"
2022,2023,"SWKE0328","SWKB0556","7925.41","52.84","0.00","0.00","17800.64","118.67","4628.24","30.85","0.00","0.00","4842.16","32.28","29428.15","196.19","140.00","0.93","6888.48","45.92","90.72","0.60","5024.88","33.50","16278.41","11.42","33261.27","23.34","7166.77","5.03","1330.05","0.93"
2022,2023,"SWKE0299","SWKB0557","1767.84","27.20","0.00","0.00","361.38","5.56","83.47","1.28","0.00","0.00","0.00","0.00","10496.90","161.49","60.00","0.92","2083.01","32.05","327.05","5.03","2606.43","40.10","3953.86","2.33","2935.48","1.73","5156.26","3.04","898.71","0.53"
2022,2023,"SWKE0109","SWKB0558","133.06","4.44","0.00","0.00","169.55","5.65","87.75","2.93","0.00","0.00","0.00","0.00","0.00","0.00","10.00","0.33","344.64","11.49","0.00","0.00","522.36","17.41","28993.09","7.77","13027.12","3.49","5731.74","1.54","8768.26","2.35"
2022,2023,"SWKE0109","SWKB0559","133.98","5.58","0.00","0.00","0.00","0.00","0.00","0.00","0.00","0.00","0.00","0.00","0.00","0.00","20.00","0.83","844.46","35.19","0.00","0.00","0.00","0.00","28993.09","7.77","13027.12","3.49","5731.74","1.54","8768.26","2.35"
2022,2023,"SWKE0109","SWKB0560","133.98","5.58","0.00","0.00","0.00","0.00","0.00","0.00","0.00","0.00","0.00","0.00","0.00","0.00","20.00","0.83","844.46","35.19","0.00","0.00","0.00","0.00","28993.09","7.77","13027.12","3.49","5731.74","1.54","8768.26","2.35"
2022,2023,"SWKE0109","SWKB0561","245.22","10.22","0.00","0.00","1112.50","46.35","0.00","0.00","0.00","0.00","0.00","0.00","0.00","0.00","20.00","0.83","844.46","35.19","0.00","0.00","0.00","0.00","28993.09","7.77","13027.12","3.49","5731.74","1.54","8768.26","2.35"
2022,2023,"SWKE0109","SWKB0562","73.57","3.07","0.00","0.00","53.23","2.22","12.57","0.52","0.00","0.00","0.00","0.00","0.00","0.00","10.00","0.42","422.23","17.59","0.00","0.00","0.00","0.00","28993.09","7.77","13027.12","3.49","5731.74","1.54","8768.26","2.35"
2022,2023,"SWKE0109","SWKB0563","132.91","5.54","0.00","0.00","659.25","27.47","0.00","0.00","0.00","0.00","0.00","0.00","0.00","0.00","10.00","0.42","422.23","17.59","0.00","0.00","0.00","0.00","28993.09","7.77","13027.12","3.49","5731.74","1.54","8768.26","2.35"
2022,2023,"SWKE0109","SWKB0564","154.32","6.43","0.00","0.00","203.54","8.48","0.00","0.00","0.00","0.00","0.00","0.00","0.00","0.00","20.00","0.83","844.46","35.19","0.00","0.00","0.00","0.00","28993.09","7.77","13027.12","3.49","5731.74","1.54","8768.26","2.35"
2022,2023,"SWKE0109","SWKB0565","163.60","6.82","0.00","0.00","450.06","18.75","0.00","0.00","0.00","0.00","0.00","0.00","0.00","0.00","20.00","0.83","844.46","35.19","0.00","0.00","0.00","0.00","28993.09","7.77","13027.12","3.49","5731.74","1.54","8768.26","2.35"
2022,2023,"SWKE0121","SWKB0566","292.39","3.85","0.00","0.00","727.38","9.57","0.00","0.00","0.00","0.00","0.00","0.00","0.00","0.00","60.00","0.79","2051.80","27.00","0.00","0.00","0.00","0.00","0.00","0.00","144.47","1.90","0.00","0.00","0.00","0.00"
2022,2023,"SWKE0124","SWKB0567","123.39","3.08","0.00","0.00","104.42","2.61","49.56","1.24","0.00","0.00","0.00","0.00","0.00","0.00","10.00","0.25","338.99","8.47","0.00","0.00","430.66","10.77","258.64","6.47","0.00","0.00","11.82","0.30","39.80","1.00"
2022,2023,"SWKE0125","SWKB0568","164.54","4.57","0.00","0.00","79.40","2.21","144.33","4.01","0.00","0.00","0.00","0.00","0.00","0.00","10.00","0.28","422.23","11.73","0.00","0.00","676.11","18.78","323.32","8.98","0.00","0.00","0.00","0.00","0.00","0.00"
2022,2023,"SWKE0254","SWKB0569","3892.08","22.37","0.00","0.00","762.06","4.38","1233.25","7.09","0.00","0.00","2227.40","12.80","25773.01","148.12","70.00","0.40","2707.26","15.56","116.99","0.67","3921.79","22.54","28014.15","5.93","12841.99","2.72","3467.67","0.73","2878.73","0.61"
2022,2023,"SWKE0254","SWKB0570","3538.99","21.45","0.00","0.00","655.50","3.97","295.05","1.79","0.00","0.00","915.30","5.55","24091.40","146.01","100.00","0.61","3433.43","20.81","214.29","1.30","3718.85","22.54","28014.15","5.93","12841.99","2.72","3467.67","0.73","2878.73","0.61"
2022,2023,"SWKE0329","SWKB0571","3370.10","7.16","0.00","0.00","5006.39","10.63","3068.32","6.51","0.00","0.00","0.00","0.00","0.00","0.00","280.00","0.59","11716.38","24.88","0.00","0.00","6524.00","13.85","67056.41","7.86","57695.83","6.77","7120.45","0.84","2827.45","0.33"
2022,2023,"SWKE0033","SWKB0572","314.66","3.24","0.00","0.00","46.27","0.48","188.96","1.95","0.00","0.00","0.00","0.00","0.00","0.00","30.00","0.31","1111.51","11.46","86.31","0.89","1019.04","10.51","8881.31","4.52","3400.90","1.73","2480.48","1.26","1457.53","0.74"
2022,2023,"SWKE0210","SWKB0573","3156.66","15.03","0.00","0.00","3833.52","18.25","734.90","3.50","0.00","0.00","0.00","0.00","18235.56","86.84","90.00","0.43","3197.36","15.23","0.00","0.00","2888.55","13.76","18399.95","6.76","6510.11","2.39","3421.44","1.26","2839.76","1.04"
2022,2023,"SWKE0126","SWKB0574","565.65","4.04","0.00","0.00","1079.65","7.71","222.55","1.59","0.00","0.00","733.63","5.24","0.00","0.00","50.00","0.36","2138.59","15.28","148.92","1.06","940.90","6.72","290.98","2.08","0.00","0.00","48.56","0.35","52.74","0.38"
2022,2023,"SWKE0056","SWKB0575","159.32","1.66","0.00","0.00","44.40","0.46","18.52","0.19","0.00","0.00","0.00","0.00","0.00","0.00","20.00","0.21","689.28","7.18","0.00","0.00","348.94","3.63","11236.68","7.22","2379.71","1.53","2129.49","1.37","2380.20","1.53"
2022,2023,"SWKE0145","SWKB0576","1611.47","3.83","0.00","0.00","3144.81","7.47","1276.19","3.03","0.00","0.00","1397.64","3.32","0.00","0.00","130.00","0.31","5045.81","11.99","407.38","0.97","2453.00","5.83","28851.81","5.32","12285.67","2.26","6990.17","1.29","3304.06","0.61"
2022,2023,"SWKE0259","SWKB0577","314.87","0.79","0.00","0.00","742.34","1.86","390.52","0.98","0.00","0.00","218.40","0.55","0.00","0.00","20.00","0.05","849.88","2.12","0.00","0.00","545.87","1.36","7056.09","2.49","10017.05","3.54","3543.05","1.25","651.89","0.23"
2022,2023,"SWKE0123","SWKB0578","350.92","8.36","0.00","0.00","346.36","8.25","166.10","3.95","0.00","0.00","0.00","0.00","0.00","0.00","20.00","0.48","855.30","20.36","65.42","1.56","820.58","19.54","5826.56","15.50","3704.64","9.85","1066.01","2.84","253.53","0.67"
2022,2023,"SWKE0041","SWKB0579","47.84","3.99","0.00","0.00","115.45","9.62","17.09","1.42","0.00","0.00","0.00","0.00","0.00","0.00","0.00","0.00","245.79","20.48","0.00","0.00","0.00","0.00","66294.63","5.02","43369.16","3.28","23493.13","1.78","6607.17","0.50"
2022,2023,"SWKE0041","SWKB0580","515.97","4.78","0.00","0.00","641.96","5.94","470.25","4.35","0.00","0.00","0.00","0.00","0.00","0.00","40.00","0.37","1622.77","15.03","128.71","1.19","1431.57","13.26","66294.63","5.02","43369.16","3.28","23493.13","1.78","6607.17","0.50"
2022,2023,"SWKE0041","SWKB0581","688.08","5.98","0.00","0.00","325.81","2.83","788.07","6.85","0.00","0.00","916.69","7.97","0.00","0.00","50.00","0.43","2033.56","17.68","494.84","4.30","1319.12","11.47","66294.63","5.02","43369.16","3.28","23493.13","1.78","6607.17","0.50"
2022,2023,"SWKE0261","SWKB0582","1157.12","10.42","0.00","0.00","236.87","2.13","770.82","6.94","0.00","0.00","296.10","2.67","6312.15","56.87","40.00","0.36","1354.60","12.20","235.74","2.12","1158.76","10.44","10869.53","12.02","2265.24","2.51","1514.86","1.68","332.26","0.37"
2022,2023,"SWKE0127","SWKB0583","717.26","6.08","0.00","0.00","918.50","7.78","354.67","3.01","0.00","0.00","0.00","0.00","0.00","0.00","80.00","0.68","2742.23","23.24","174.42","1.48","1589.97","13.47","1061.43","4.01","1069.72","4.04","147.73","0.56","0.00","0.00"
2022,2023,"SWKE0127","SWKB0584","183.66","1.75","0.00","0.00","118.87","1.13","73.32","0.70","0.00","0.00","0.00","0.00","0.00","0.00","10.00","0.10","343.32","3.27","899.36","8.57","224.52","2.14","1061.43","4.01","1069.72","4.04","147.73","0.56","0.00","0.00"
2022,2023,"SWKE0127","SWKB0585","459.40","10.94","0.00","0.00","527.00","12.55","539.16","12.84","0.00","0.00","0.00","0.00","0.00","0.00","40.00","0.95","1373.28","32.70","130.84","3.12","1314.92","31.31","1061.43","4.01","1069.72","4.04","147.73","0.56","0.00","0.00"
2022,2023,"SWKE0026","SWKB0586","1957.08","16.45","0.00","0.00","422.57","3.55","593.31","4.99","0.00","0.00","0.00","0.00","11915.62","100.13","90.00","0.76","2809.90","23.61","0.00","0.00","2651.06","22.28","6995.63","6.19","3868.29","3.42","1062.43","0.94","729.71","0.65"
2022,2023,"SWKE0288","SWKB0587","1672.05","5.69","0.00","0.00","2390.17","8.13","1031.05","3.51","0.00","0.00","0.00","0.00","0.00","0.00","140.00","0.48","5985.34","20.36","0.00","0.00","4796.40","16.31","36388.87","5.99","15134.54","2.49","3958.58","0.65","5509.76","0.91"
2022,2023,"SWKE0048","SWKB0588","0.00","0.00","0.00","0.00","37.26","0.26","885.88","6.28","0.00","0.00","0.00","0.00","0.00","0.00","80.00","0.57","2904.98","20.60","499.48","3.54","3344.58","23.72","0.00","0.00","3803.49","1.48","4526.42","1.76","13547.48","5.26"
2022,2023,"SWKE0130","SWKB0589","476.05","4.96","0.00","0.00","1046.90","10.91","906.80","9.45","0.00","0.00","0.00","0.00","0.00","0.00","50.00","0.52","1694.95","17.66","0.00","0.00","144.45","1.50","437.80","4.56","505.20","5.26","0.00","0.00","24.45","0.25"
2022,2023,"SWKE0111","SWKB0590","0.00","0.00","0.00","0.00","6742.36","112.37","631.84","10.53","0.00","0.00","0.00","0.00","6916.72","115.28","40.00","0.67","1378.56","22.98","250.76","4.18","1239.92","20.67","0.00","0.00","6114.08","2.85","2844.13","1.32","77.17","0.04"
2022,2023,"SWKE0131","SWKB0591","1162.00","11.39","0.00","0.00","72.32","0.71","764.72","7.50","0.00","0.00","0.00","0.00","0.00","0.00","80.00","0.78","3377.84","33.12","0.00","0.00","2684.00","26.31","1825.84","17.90","2208.72","21.65","228.88","2.24","457.76","4.49"
2022,2023,"SWKE0132","SWKB0592","34.98","3.50","0.00","0.00","0.00","0.00","0.00","0.00","0.00","0.00","0.00","0.00","0.00","0.00","10.00","1.00","344.64","34.46","0.00","0.00","0.00","0.00","0.00","0.00","0.00","0.00","5.16","0.52","0.00","0.00"
2022,2023,"SWKE0133","SWKB0593","36.72","1.84","0.00","0.00","0.00","0.00","17.39","0.87","0.00","0.00","0.00","0.00","0.00","0.00","10.00","0.50","344.64","17.23","0.00","0.00","0.00","0.00","0.00","0.00","0.00","0.00","5.16","0.26","0.00","0.00"
2022,2023,"SWKE0145","SWKB0594","2026.53","12.67","0.00","0.00","7362.60","46.02","1406.12","8.79","0.00","0.00","2269.00","14.18","0.00","0.00","100.00","0.63","4011.21","25.07","311.77","1.95","2986.32","18.66","28851.81","5.32","12285.67","2.26","6990.17","1.29","3304.06","0.61"
2022,2023,"SWKE0112","SWKB0595","1171.20","9.30","0.00","0.00","1066.95","8.47","616.53","4.89","0.00","0.00","0.00","0.00","0.00","0.00","110.00","0.87","4084.83","32.42","0.00","0.00","2792.79","22.17","37372.02","7.97","29578.18","6.31","5048.69","1.08","2283.47","0.49"
2022,2023,"SWKE0021","SWKB0596","2674.61","11.33","0.00","0.00","8449.21","35.80","654.01","2.77","0.00","0.00","0.00","0.00","11677.31","49.48","70.00","0.30","2487.08","10.54","0.00","0.00","2031.17","8.61","11477.97","0.96","6872.37","0.57","2775.59","0.23","5106.47","0.43"
2022,2023,"SWKE0148","SWKB0597","1145.85","4.90","0.00","0.00","1200.02","5.13","1535.15","6.56","0.00","0.00","929.64","3.97","0.00","0.00","100.00","0.43","3361.11","14.36","412.14","1.76","2252.31","9.63","2543.66","2.65","3732.20","3.89","801.83","0.84","396.97","0.41"
2022,2023,"SWKE0120","SWKB0598","432.18","4.50","0.00","0.00","1141.77","11.89","464.10","4.83","0.00","0.00","0.00","0.00","0.00","0.00","30.00","0.31","1266.69","13.19","0.00","0.00","1036.26","10.79","14622.22","2.98","9062.23","1.85","5281.87","1.08","1329.84","0.27"
2022,2023,"SWKE0208","SWKB0599","1447.66","8.57","0.00","0.00","1543.86","9.14","1128.64","6.68","0.00","0.00","0.00","0.00","0.00","0.00","160.00","0.95","5260.47","31.13","0.00","0.00","4345.11","25.71","2403.71","0.97","5063.13","2.04","2800.57","1.13","1360.06","0.55"
2022,2023,"SWKE0026","SWKB0600","9527.19","25.68","0.00","0.00","6618.50","17.84","11194.29","30.17","0.00","0.00","12476.47","33.63","43685.02","117.75","270.00","0.73","9434.52","25.43","0.00","0.00","6894.99","18.58","6995.63","6.19","3868.29","3.42","1062.43","0.94","729.71","0.65"
2022,2023,"SWKE0135","SWKB0601","196.72","4.37","0.00","0.00","110.96","2.47","168.46","3.74","0.00","0.00","0.00","0.00","0.00","0.00","20.00","0.44","855.30","19.01","0.00","0.00","390.26","8.67","402.36","8.94","0.00","0.00","39.80","0.88","0.00","0.00"
2022,2023,"SWKE0134","SWKB0602","677.03","12.54","0.00","0.00","785.24","14.54","169.59","3.14","0.00","0.00","0.00","0.00","0.00","0.00","50.00","0.93","2038.98","37.76","1399.83","25.92","598.69","11.09","1077.74","19.96","284.40","5.27","208.96","3.87","206.80","3.83"
2022,2023,"SWKE0200","SWKB0603","845.05","4.83","0.00","0.00","1124.83","6.43","771.70","4.41","0.00","0.00","0.00","0.00","0.00","0.00","70.00","0.40","2485.39","14.20","0.00","0.00","1064.43","6.08","2990.18","5.76","2930.44","5.65","628.00","1.21","279.44","0.54"
2022,2023,"SWKE0145","SWKB0604","1069.62","9.30","0.00","0.00","4498.98","39.12","917.62","7.98","0.00","0.00","0.00","0.00","0.00","0.00","60.00","0.52","2378.20","20.68","38.70","0.34","1793.34","15.59","28851.81","5.32","12285.67","2.26","6990.17","1.29","3304.06","0.61"
2022,2023,"SWKE0329","SWKB0605","1993.03","15.94","0.00","0.00","5584.54","44.68","557.18","4.46","0.00","0.00","2053.35","16.43","0.00","0.00","120.00","0.96","4480.32","35.84","425.10","3.40","4086.81","32.69","67056.41","7.86","57695.83","6.77","7120.45","0.84","2827.45","0.33"
2022,2023,"SWKE0087","SWKB0606","759.49","3.60","0.00","0.00","1515.21","7.18","307.46","1.46","0.00","0.00","0.00","0.00","0.00","0.00","70.00","0.33","2432.34","11.53","0.00","0.00","1796.50","8.51","9590.04","5.73","5415.19","3.23","1480.71","0.88","1213.61","0.72"
2022,2023,"SWKE0137","SWKB0607","0.00","0.00","0.00","0.00","528.69","5.23","2634.39","26.08","0.00","0.00","0.00","0.00","10603.47","104.98","90.00","0.89","3067.86","30.37","309.48","3.06","3399.21","33.66","0.00","0.00","276.84","2.74","211.41","2.09","0.00","0.00"
2022,2023,"SWKE0218","SWKB0608","369.38","2.62","0.00","0.00","1531.16","10.86","218.12","1.55","0.00","0.00","0.00","0.00","0.00","0.00","20.00","0.14","686.64","4.87","0.00","0.00","595.44","4.22","19320.99","8.29","3914.18","1.68","2309.77","0.99","420.49","0.18"
2022,2023,"SWKE0156","SWKB0609","3247.57","8.22","0.00","0.00","5521.75","13.98","2980.92","7.55","0.00","0.00","0.00","0.00","0.00","0.00","240.00","0.61","9662.34","24.46","0.00","0.00","6128.34","15.51","18101.96","8.44","6570.48","3.06","4272.51","1.99","2078.74","0.97"
2022,2023,"SWKE0138","SWKB0610","84.71","7.06","0.00","0.00","80.68","6.72","0.00","0.00","0.00","0.00","0.00","0.00","0.00","0.00","10.00","0.83","422.23","35.19","0.00","0.00","0.00","0.00","301.83","8.38","0.00","0.00","42.40","1.18","0.00","0.00"
2022,2023,"SWKE0115","SWKB0611","435.22","8.70","0.00","0.00","160.42","3.21","0.00","0.00","0.00","0.00","0.00","0.00","3104.76","62.10","20.00","0.40","689.28","13.79","0.00","0.00","43.96","0.88","414.48","0.51","342.60","0.42","127.50","0.16","0.00","0.00"
2022,2023,"SWKE0113","SWKB0612","1073.26","6.71","0.00","0.00","367.36","2.30","815.92","5.10","0.00","0.00","0.00","0.00","0.00","0.00","100.00","0.63","3839.77","24.00","320.48","2.00","3518.68","21.99","9091.91","4.49","5982.86","2.95","2399.88","1.18","1941.64","0.96"
2022,2023,"SWKE0198","SWKB0613","501.46","2.92","0.00","0.00","2043.51","11.88","174.60","1.02","0.00","0.00","0.00","0.00","0.00","0.00","40.00","0.23","1469.13","8.54","0.00","0.00","669.86","3.89","10806.74","4.00","4473.97","1.65","1968.42","0.73","1238.25","0.46"
2022,2023,"SWKE0218","SWKB0614","1508.54","6.92","0.00","0.00","3869.50","17.75","1404.92","6.44","0.00","0.00","2752.55","12.63","0.00","0.00","70.00","0.32","2966.45","13.61","0.00","0.00","2016.96","9.25","19320.99","8.29","3914.18","1.68","2309.77","0.99","420.49","0.18"
2022,2023,"SWKE0210","SWKB0615","6899.63","11.04","0.00","0.00","9939.60","15.90","3222.12","5.16","0.00","0.00","0.00","0.00","35232.87","56.37","250.00","0.40","9159.13","14.65","0.00","0.00","6248.06","10.00","18399.95","6.76","6510.11","2.39","3421.44","1.26","2839.76","1.04"
2022,2023,"SWKE0120","SWKB0616","3337.79","5.49","0.00","0.00","6679.47","10.99","4530.28","7.45","0.00","0.00","0.00","0.00","0.00","0.00","1580.00","2.60","9791.16","16.10","145.15","0.24","8708.34","14.32","14622.22","2.98","9062.23","1.85","5281.87","1.08","1329.84","0.27"
2022,2023,"SWKE0139","SWKB0617","287.82","3.20","0.00","0.00","373.62","4.15","349.56","3.88","0.00","0.00","0.00","0.00","0.00","0.00","30.00","0.33","1033.92","11.49","98.10","1.09","657.42","7.30","443.27","3.02","0.00","0.00","208.49","1.42","0.00","0.00"
2022,2023,"SWKE0139","SWKB0618","184.91","3.24","0.00","0.00","60.79","1.07","51.70","0.91","0.00","0.00","0.00","0.00","0.00","0.00","70.00","1.23","1032.60","18.12","0.00","0.00","417.69","7.33","443.27","3.02","0.00","0.00","208.49","1.42","0.00","0.00"
2022,2023,"SWKE0140","SWKB0619","803.92","9.80","0.00","0.00","1718.56","20.96","270.36","3.30","0.00","0.00","0.00","0.00","0.00","0.00","40.00","0.49","1710.60","20.86","51.17","0.62","1479.40","18.04","1369.00","16.70","1380.12","16.83","59.92","0.73","0.00","0.00"
2022,2023,"SWKE0120","SWKB0620","384.84","3.85","0.00","0.00","583.05","5.83","486.62","4.87","0.00","0.00","0.00","0.00","0.00","0.00","30.00","0.30","1272.11","12.72","0.00","0.00","1070.55","10.71","14622.22","2.98","9062.23","1.85","5281.87","1.08","1329.84","0.27"
2022,2023,"SWKE0269","SWKB0621","1172.15","16.28","0.00","0.00","5956.80","82.73","353.10","4.90","0.00","0.00","0.00","0.00","0.00","0.00","50.00","0.69","2111.15","29.32","163.55","2.27","1526.75","21.20","9084.30","4.93","2336.64","1.27","559.69","0.30","311.44","0.17"
2022,2023,"SWKE0269","SWKB0622","561.03","6.60","0.00","0.00","265.84","3.13","379.46","4.46","0.00","0.00","0.00","0.00","3278.88","38.58","20.00","0.24","689.28","8.11","8.17","0.10","451.88","5.32","9084.30","4.93","2336.64","1.27","559.69","0.30","311.44","0.17"
2022,2023,"SWKE0084","SWKB0623","208.27","4.73","0.00","0.00","101.13","2.30","142.88","3.25","0.00","0.00","0.00","0.00","1072.05","24.36","10.00","0.23","339.82","7.72","0.00","0.00","310.00","7.05","9947.29","3.00","6767.48","2.04","5024.55","1.52","1002.80","0.30"
2022,2023,"SWKE0116","SWKB0624","793.71","15.87","0.00","0.00","858.21","17.16","19.71","0.39","0.00","0.00","0.00","0.00","5428.47","108.57","30.00","0.60","1033.92","20.68","0.00","0.00","36.93","0.74","659.70","0.61","705.33","0.65","268.74","0.25","45.54","0.04"
2022,2023,"SWKE0286","SWKB0625","2190.65","11.41","0.00","0.00","2353.61","12.26","1025.01","5.34","0.00","0.00","2416.72","12.59","0.00","0.00","150.00","0.78","5889.59","30.67","953.53","4.97","6283.39","32.73","7392.35","4.18","3663.39","2.07","3063.13","1.73","598.47","0.34"
2022,2023,"SWKE0017","SWKB0626","233.12","2.38","0.00","0.00","409.26","4.18","32.06","0.33","0.00","0.00","0.00","0.00","0.00","0.00","20.00","0.20","686.64","7.01","0.00","0.00","466.22","4.76","11038.97","5.77","3490.54","1.83","1723.70","0.90","13544.02","7.08"
2022,2023,"SWKE0259","SWKB0627","1652.14","8.06","0.00","0.00","1824.00","8.90","1494.52","7.29","0.00","0.00","2041.58","9.96","0.00","0.00","100.00","0.49","4699.75","22.93","363.75","1.77","3749.51","18.29","7056.09","2.49","10017.05","3.54","3543.05","1.25","651.89","0.23"
2022,2023,"SWKE0152","SWKB0628","765.16","8.50","0.00","0.00","374.48","4.16","344.52","3.83","0.00","0.00","3204.00","35.60","0.00","0.00","40.00","0.44","1373.28","15.26","130.80","1.45","1329.16","14.77","9686.42","6.54","5542.07","3.74","3827.76","2.58","825.96","0.56"
2022,2023,"SWKE0112","SWKB0629","419.22","2.81","0.00","0.00","345.21","2.32","158.07","1.06","0.00","0.00","314.43","2.11","0.00","0.00","30.00","0.20","1266.69","8.50","0.00","0.00","1285.83","8.63","37372.02","7.97","29578.18","6.31","5048.69","1.08","2283.47","0.49"
2022,2023,"SWKE0041","SWKB0630","53.37","4.45","0.00","0.00","122.61","10.22","0.00","0.00","0.00","0.00","0.00","0.00","0.00","0.00","10.00","0.83","272.82","22.74","0.00","0.00","0.00","0.00","66294.63","5.02","43369.16","3.28","23493.13","1.78","6607.17","0.50"
2022,2023,"SWKE0198","SWKB0631","149.09","2.87","0.00","0.00","47.02","0.90","69.59","1.34","0.00","0.00","0.00","0.00","552.19","10.62","10.00","0.19","343.32","6.60","0.00","0.00","278.56","5.36","10806.74","4.00","4473.97","1.65","1968.42","0.73","1238.25","0.46"
2022,2023,"SWKE0297","SWKB0632","6725.58","22.88","0.00","0.00","1800.30","6.12","1481.21","5.04","0.00","0.00","3457.46","11.76","44867.08","152.61","170.00","0.58","5836.44","19.85","116.30","0.40","4950.40","16.84","5805.44","2.23","4462.90","1.71","1573.29","0.60","537.57","0.21"
2022,2023,"SWKE0351","SWKB0633","2081.29","12.93","0.00","0.00","2037.37","12.65","2918.33","18.13","0.00","0.00","2656.27","16.50","0.00","0.00","100.00","0.62","4144.71","25.74","335.52","2.08","3314.42","20.59","4161.35","13.13","8117.03","25.61","488.41","1.54","428.63","1.35"
2022,2023,"SWKE0041","SWKB0634","3382.65","7.48","0.00","0.00","5802.06","12.84","1323.48","2.93","0.00","0.00","0.00","0.00","0.00","0.00","300.00","0.66","10657.11","23.58","613.63","1.36","7822.54","17.31","66294.63","5.02","43369.16","3.28","23493.13","1.78","6607.17","0.50"
2022,2023,"SWKE0142","SWKB0635","180.92","12.06","0.00","0.00","48.54","3.24","268.34","17.89","0.00","0.00","0.00","0.00","0.00","0.00","20.00","1.33","689.28","45.95","0.00","0.00","41.12","2.74","827.12","9.62","641.76","7.46","31.64","0.37","23.32","0.27"
2022,2023,"SWKE0142","SWKB0636","191.18","12.75","0.00","0.00","377.42","25.16","42.12","2.81","0.00","0.00","0.00","0.00","0.00","0.00","20.00","1.33","689.28","45.95","0.00","0.00","41.12","2.74","827.12","9.62","641.76","7.46","31.64","0.37","23.32","0.27"
2022,2023,"SWKE0143","SWKB0637","980.43","17.51","0.00","0.00","335.07","5.98","638.81","11.41","0.00","0.00","0.00","0.00","0.00","0.00","80.00","1.43","2748.83","49.09","0.00","0.00","3751.83","67.00","1732.21","30.93","597.34","10.67","0.00","0.00","0.00","0.00"
2022,2023,"SWKE0210","SWKB0638","706.45","6.73","0.00","0.00","385.85","3.67","405.36","3.86","0.00","0.00","0.00","0.00","4108.05","39.12","20.00","0.19","691.27","6.58","0.00","0.00","883.53","8.41","18399.95","6.76","6510.11","2.39","3421.44","1.26","2839.76","1.04"
2022,2023,"SWKE0144","SWKB0639","233.45","3.89","0.00","0.00","525.54","8.76","0.00","0.00","0.00","0.00","0.00","0.00","0.00","0.00","30.00","0.50","898.00","14.97","0.00","0.00","0.00","0.00","922.15","2.24","548.00","1.33","40.50","0.10","7.50","0.02"
2022,2023,"SWKE0146","SWKB0640","314.26","8.73","0.00","0.00","0.00","0.00","162.48","4.51","0.00","0.00","0.00","0.00","0.00","0.00","20.00","0.56","844.46","23.46","0.00","0.00","1100.80","30.58","0.00","0.00","975.60","27.10","59.30","1.65","0.00","0.00"
2022,2023,"SWKE0147","SWKB0641","1289.28","9.34","0.00","0.00","1363.60","9.88","2101.52","15.23","0.00","0.00","1088.34","7.89","0.00","0.00","70.00","0.51","2878.02","20.86","456.67","3.31","2015.29","14.60","6466.67","8.16","5889.95","7.44","1769.41","2.23","1623.58","2.05"
2022,2023,"SWKE0147","SWKB0642","1923.15","14.04","0.00","0.00","1001.18","7.31","3444.37","25.14","0.00","0.00","1744.84","12.74","0.00","0.00","110.00","0.80","4489.35","32.77","717.99","5.24","3166.94","23.12","6466.67","8.16","5889.95","7.44","1769.41","2.23","1623.58","2.05"
2022,2023,"SWKE0147","SWKB0643","1377.09","9.98","0.00","0.00","1514.03","10.97","1792.74","12.99","0.00","0.00","903.34","6.55","0.00","0.00","80.00","0.58","3300.25","23.91","523.50","3.79","2310.21","16.74","6466.67","8.16","5889.95","7.44","1769.41","2.23","1623.58","2.05"
2022,2023,"SWKE0147","SWKB0644","3029.60","22.11","0.00","0.00","2522.44","18.41","2905.93","21.21","0.00","0.00","1535.58","11.21","0.00","0.00","110.00","0.80","4489.35","32.77","11009.19","80.36","3166.94","23.12","6466.67","8.16","5889.95","7.44","1769.41","2.23","1623.58","2.05"
2022,2023,"SWKE0294","SWKB0645","1697.71","4.25","0.00","0.00","2330.32","5.84","1183.00","2.96","0.00","0.00","0.00","0.00","0.00","0.00","150.00","0.38","6777.70","16.99","0.00","0.00","2264.68","5.68","12977.53","4.98","8001.88","3.07","1704.80","0.65","639.15","0.25"
2022,2023,"SWKE0261","SWKB0646","1201.44","10.54","0.00","0.00","161.48","1.42","1530.72","13.43","0.00","0.00","288.18","2.53","6048.54","53.06","40.00","0.35","1533.74","13.45","179.86","1.58","1098.02","9.63","10869.53","12.02","2265.24","2.51","1514.86","1.68","332.26","0.37"
2022,2023,"SWKE0145","SWKB0647","532.77","4.16","0.00","0.00","1453.39","11.35","353.79","2.76","0.00","0.00","0.00","0.00","0.00","0.00","40.00","0.31","1616.75","12.63","11.76","0.09","1137.32","8.89","28851.81","5.32","12285.67","2.26","6990.17","1.29","3304.06","0.61"
2022,2023,"SWKE0021","SWKB0648","1936.00","4.61","0.00","0.00","4811.42","11.46","1172.42","2.79","0.00","0.00","0.00","0.00","0.00","0.00","180.00","0.43","5554.99","13.23","0.00","0.00","4782.16","11.39","11477.97","0.96","6872.37","0.57","2775.59","0.23","5106.47","0.43"
2022,2023,"SWKE0088","SWKB0649","320.92","5.35","0.00","0.00","139.21","2.32","373.79","6.23","0.00","0.00","0.00","0.00","1880.44","31.34","10.00","0.17","338.99","5.65","0.00","0.00","260.99","4.35","12142.16","4.46","2955.56","1.09","1191.99","0.44","892.70","0.33"
2022,2023,"SWKE0088","SWKB0650","908.04","12.11","0.00","0.00","1000.17","13.34","1045.23","13.94","0.00","0.00","0.00","0.00","4750.35","63.34","30.00","0.40","1033.92","13.79","98.10","1.31","613.35","8.18","12142.16","4.46","2955.56","1.09","1191.99","0.44","892.70","0.33"
2022,2023,"SWKE0088","SWKB0651","1232.72","6.32","0.00","0.00","1776.32","9.11","660.88","3.39","0.00","0.00","0.00","0.00","6928.92","35.53","40.00","0.21","1378.56","7.07","236.16","1.21","627.24","3.22","12142.16","4.46","2955.56","1.09","1191.99","0.44","892.70","0.33"
2022,2023,"SWKE0033","SWKB0652","857.26","7.86","0.00","0.00","138.30","1.27","623.31","5.72","0.00","0.00","0.00","0.00","0.00","0.00","80.00","0.73","2989.89","27.43","245.18","2.25","2709.19","24.85","8881.31","4.52","3400.90","1.73","2480.48","1.26","1457.53","0.74"
2022,2023,"SWKE0268","SWKB0653","452.20","4.11","0.00","0.00","231.43","2.10","491.09","4.46","0.00","0.00","0.00","0.00","0.00","0.00","30.00","0.27","1026.46","9.33","98.10","0.89","540.33","4.91","8828.25","5.68","3319.91","2.14","1881.60","1.21","21548.45","13.88"
2022,2023,"SWKE0113","SWKB0654","687.66","6.14","0.00","0.00","1066.75","9.52","453.65","4.05","0.00","0.00","0.00","0.00","0.00","0.00","50.00","0.45","1966.81","17.56","127.61","1.14","2259.83","20.18","9091.91","4.49","5982.86","2.95","2399.88","1.18","1941.64","0.96"
2022,2023,"SWKE0035","SWKB0655","415.36","17.31","0.00","0.00","1075.40","44.81","120.94","5.04","0.00","0.00","0.00","0.00","0.00","0.00","20.00","0.83","844.46","35.19","65.42","2.73","1241.52","51.73","1944.04","6.19","2931.60","9.34","240.91","0.77","1428.83","4.55"
2022,2023,"SWKE0254","SWKB0656","1554.71","21.01","0.00","0.00","969.60","13.10","11091.51","149.89","0.00","0.00","0.00","0.00","0.00","0.00","30.00","0.41","1277.53","17.26","126.60","1.71","1330.54","17.98","28014.15","5.93","12841.99","2.72","3467.67","0.73","2878.73","0.61"
2022,2023,"SWKE0254","SWKB0657","1839.48","24.86","0.00","0.00","755.04","10.20","13300.48","179.74","0.00","0.00","0.00","0.00","0.00","0.00","40.00","0.54","1688.92","22.82","151.92","2.05","1596.64","21.58","28014.15","5.93","12841.99","2.72","3467.67","0.73","2878.73","0.61"
2022,2023,"SWKE0254","SWKB0658","1676.12","23.61","0.00","0.00","1170.37","16.48","12142.61","171.02","0.00","0.00","0.00","0.00","0.00","0.00","30.00","0.42","1272.11","17.92","149.12","2.10","1313.12","18.49","28014.15","5.93","12841.99","2.72","3467.67","0.73","2878.73","0.61"
2022,2023,"SWKE0254","SWKB0659","1157.08","30.45","0.00","0.00","774.50","20.38","5810.26","152.90","0.00","0.00","0.00","0.00","3758.23","98.90","10.00","0.26","427.65","11.25","35.22","0.93","501.89","13.21","28014.15","5.93","12841.99","2.72","3467.67","0.73","2878.73","0.61"
2022,2023,"SWKE0254","SWKB0660","1434.03","19.38","0.00","0.00","140.07","1.89","11059.80","149.46","0.00","0.00","0.00","0.00","0.00","0.00","20.00","0.27","1266.69","17.12","0.00","0.00","1197.48","16.18","28014.15","5.93","12841.99","2.72","3467.67","0.73","2878.73","0.61"
2022,2023,"SWKE0254","SWKB0661","496.96","13.43","0.00","0.00","145.91","3.94","3441.20","93.01","0.00","0.00","0.00","0.00","0.00","0.00","10.00","0.27","422.23","11.41","318.20","8.60","416.62","11.26","28014.15","5.93","12841.99","2.72","3467.67","0.73","2878.73","0.61"
2022,2023,"SWKE0201","SWKB0662","1349.16","12.97","0.00","0.00","1758.45","16.91","1077.28","10.36","0.00","0.00","1884.37","18.12","0.00","0.00","80.00","0.77","3394.10","32.64","332.13","3.19","2930.98","28.18","36636.71","8.79","15477.74","3.71","7328.70","1.76","4457.84","1.07"
2022,2023,"SWKE0303","SWKB0663","107.32","1.34","0.00","0.00","107.45","1.34","96.16","1.20","0.00","0.00","0.00","0.00","0.00","0.00","10.00","0.13","422.23","5.28","34.33","0.43","239.58","2.99","3913.26","2.53","4496.29","2.91","2112.97","1.37","4221.99","2.73"
2022,2023,"SWKE0120","SWKB0664","2198.20","7.45","0.00","0.00","2493.18","8.45","4308.87","14.61","0.00","0.00","0.00","0.00","0.00","0.00","1510.00","5.12","7009.27","23.76","0.00","0.00","5574.29","18.90","14622.22","2.98","9062.23","1.85","5281.87","1.08","1329.84","0.27"
2022,2023,"SWKE0123","SWKB0665","947.75","13.16","0.00","0.00","1218.95","16.93","1790.15","24.86","0.00","0.00","0.00","0.00","0.00","0.00","50.00","0.69","2111.15","29.32","163.55","2.27","1503.55","20.88","5826.56","15.50","3704.64","9.85","1066.01","2.84","253.53","0.67"
2022,2023,"SWKE0148","SWKB0666","214.98","5.00","0.00","0.00","88.08","2.05","81.68","1.90","0.00","0.00","0.00","0.00","0.00","0.00","20.00","0.47","686.64","15.97","0.00","0.00","877.20","20.40","2543.66","2.65","3732.20","3.89","801.83","0.84","396.97","0.41"
2022,2023,"SWKE0149","SWKB0667","166.14","2.44","0.00","0.00","33.71","0.50","107.38","1.58","0.00","0.00","667.12","9.81","0.00","0.00","10.00","0.15","422.23","6.21","0.00","0.00","345.01","5.07","66.56","0.98","0.00","0.00","12.72","0.19","6.69","0.10"
2022,2023,"SWKE0150","SWKB0668","850.46","14.17","0.00","0.00","3364.23","56.07","84.92","1.42","0.00","0.00","0.00","0.00","0.00","0.00","50.00","0.83","1873.56","31.23","0.00","0.00","1195.53","19.93","2611.74","14.12","3507.55","18.96","403.51","2.18","245.49","1.33"
2022,2023,"SWKE0150","SWKB0669","1695.02","13.56","0.00","0.00","6223.14","49.79","134.93","1.08","0.00","0.00","0.00","0.00","0.00","0.00","120.00","0.96","4441.22","35.53","0.00","0.00","1368.83","10.95","2611.74","14.12","3507.55","18.96","403.51","2.18","245.49","1.33"
2022,2023,"SWKE0151","SWKB0670","838.38","27.95","0.00","0.00","1516.64","50.55","5151.26","171.71","0.00","0.00","0.00","0.00","0.00","0.00","20.00","0.67","689.28","22.98","0.00","0.00","261.52","8.72","143.66","4.79","576.06","19.20","45.34","1.51","0.00","0.00"
2022,2023,"SWKE0021","SWKB0671","362.32","0.82","0.00","0.00","264.88","0.60","359.93","0.82","0.00","0.00","0.00","0.00","1990.66","4.52","10.00","0.02","347.95","0.79","0.00","0.00","423.45","0.96","11477.97","0.96","6872.37","0.57","2775.59","0.23","5106.47","0.43"
2022,2023,"SWKE0021","SWKB0672","1868.58","4.47","0.00","0.00","1490.24","3.57","1181.78","2.83","0.00","0.00","0.00","0.00","10347.32","24.75","60.00","0.14","2134.50","5.11","0.00","0.00","2350.50","5.62","11477.97","0.96","6872.37","0.57","2775.59","0.23","5106.47","0.43"
2022,2023,"SWKE0120","SWKB0673","1045.74","4.12","0.00","0.00","858.57","3.38","1599.39","6.30","0.00","0.00","0.00","0.00","0.00","0.00","670.00","2.64","4089.14","16.10","0.00","0.00","2487.62","9.79","14622.22","2.98","9062.23","1.85","5281.87","1.08","1329.84","0.27"
2022,2023,"SWKE0329","SWKB0674","2464.05","7.90","0.00","0.00","2652.56","8.50","1917.99","6.15","0.00","0.00","3235.54","10.37","0.00","0.00","200.00","0.64","7261.23","23.27","0.00","0.00","4761.78","15.26","67056.41","7.86","57695.83","6.77","7120.45","0.84","2827.45","0.33"
2022,2023,"SWKE0301","SWKB0675","501.42","1.94","0.00","0.00","364.11","1.41","535.49","2.07","0.00","0.00","0.00","0.00","2472.53","9.55","20.00","0.08","634.53","2.45","42.32","0.16","519.91","2.01","12966.55","7.53","3369.10","1.96","918.19","0.53","635.55","0.37"
2022,2023,"SWKE0153","SWKB0676","380.67","5.08","0.00","0.00","528.12","7.04","180.12","2.40","0.00","0.00","0.00","0.00","0.00","0.00","20.00","0.27","1033.92","13.79","0.00","0.00","832.86","11.10","280.20","3.74","930.99","12.41","20.61","0.27","0.00","0.00"
2022,2023,"SWKE0027","SWKB0677","239.01","3.19","0.00","0.00","184.89","2.47","39.05","0.52","0.00","0.00","0.00","0.00","1671.80","22.29","10.00","0.13","276.68","3.69","0.00","0.00","14.86","0.20","4847.57","2.50","1070.16","0.55","899.57","0.46","563.44","0.29"
2022,2023,"SWKE0027","SWKB0678","2297.06","15.31","0.00","0.00","2911.32","19.41","143.91","0.96","0.00","0.00","0.00","0.00","15330.33","102.20","90.00","0.60","2626.04","17.51","0.00","0.00","133.74","0.89","4847.57","2.50","1070.16","0.55","899.57","0.46","563.44","0.29"
2022,2023,"SWKE0027","SWKB0679","204.87","12.80","0.00","0.00","0.00","0.00","0.00","0.00","0.00","0.00","0.00","0.00","1555.38","97.21","10.00","0.63","276.68","17.29","0.00","0.00","13.93","0.87","4847.57","2.50","1070.16","0.55","899.57","0.46","563.44","0.29"
2022,2023,"SWKE0154","SWKB0680","7516.63","32.12","0.00","0.00","2542.49","10.87","2847.16","12.17","0.00","0.00","0.00","0.00","38829.54","165.94","260.00","1.11","9841.25","42.06","0.00","0.00","10495.17","44.85","4434.56","18.63","4755.80","19.98","657.55","2.76","763.14","3.21"
2022,2023,"SWKE0155","SWKB0681","2462.52","18.66","0.00","0.00","9107.41","69.00","974.28","7.38","0.00","0.00","0.00","0.00","0.00","0.00","110.00","0.83","4256.58","32.25","0.00","0.00","1992.15","15.09","1992.15","15.09","5268.40","39.91","122.89","0.93","911.23","6.90"
2022,2023,"SWKE0145","SWKB0682","1030.96","6.44","0.00","0.00","2265.42","14.16","1249.59","7.81","0.00","0.00","1589.36","9.93","0.00","0.00","50.00","0.31","2132.83","13.33","173.75","1.09","1829.40","11.43","28851.81","5.32","12285.67","2.26","6990.17","1.29","3304.06","0.61"
2022,2023,"SWKE0105","SWKB0683","2752.09","16.38","0.00","0.00","5241.60","31.20","2722.89","16.21","0.00","0.00","0.00","0.00","0.00","0.00","130.00","0.77","5560.81","33.10","425.10","2.53","4267.12","25.40","33935.52","29.74","17358.14","15.21","7283.26","6.38","5522.11","4.84"
2022,2023,"SWKE0105","SWKB0684","3129.93","23.01","0.00","0.00","8744.67","64.30","2517.93","18.51","0.00","0.00","0.00","0.00","0.00","0.00","150.00","1.10","5667.66","41.67","502.14","3.69","4972.56","36.56","33935.52","29.74","17358.14","15.21","7283.26","6.38","5522.11","4.84"
2022,2023,"SWKE0105","SWKB0685","4404.79","22.02","0.00","0.00","7070.89","35.35","4028.82","20.14","0.00","0.00","0.00","0.00","0.00","0.00","220.00","1.10","9738.39","48.69","724.78","3.62","7865.00","39.33","33935.52","29.74","17358.14","15.21","7283.26","6.38","5522.11","4.84"
2022,2023,"SWKE0303","SWKB0686","823.60","5.88","0.00","0.00","1095.12","7.82","1066.24","7.62","0.00","0.00","0.00","0.00","0.00","0.00","70.00","0.50","2746.56","19.62","0.00","0.00","1708.96","12.21","3913.26","2.53","4496.29","2.91","2112.97","1.37","4221.99","2.73"
2022,2023,"SWKE0033","SWKB0687","797.96","7.75","0.00","0.00","1459.21","14.17","193.57","1.88","0.00","0.00","0.00","0.00","0.00","0.00","60.00","0.58","2131.79","20.70","199.72","1.94","2389.52","23.20","8881.31","4.52","3400.90","1.73","2480.48","1.26","1457.53","0.74"
2022,2023,"SWKE0041","SWKB0688","4085.22","15.19","0.00","0.00","3144.85","11.69","4956.12","18.42","0.00","0.00","0.00","0.00","22942.36","85.29","110.00","0.41","3781.75","14.06","328.36","1.22","3001.44","11.16","66294.63","5.02","43369.16","3.28","23493.13","1.78","6607.17","0.50"
2022,2023,"SWKE0343","SWKB0689","568.92","3.95","0.00","0.00","1309.49","9.09","439.58","3.05","0.00","0.00","0.00","0.00","0.00","0.00","50.00","0.35","1718.38","11.93","0.00","0.00","1544.78","10.73","2413.80","2.64","4921.06","5.39","580.67","0.64","94.15","0.10"
2022,2023,"SWKE0343","SWKB0690","951.78","5.20","0.00","0.00","778.87","4.26","967.97","5.29","0.00","0.00","0.00","0.00","0.00","0.00","100.00","0.55","3394.23","18.55","0.00","0.00","2656.55","14.52","2413.80","2.64","4921.06","5.39","580.67","0.64","94.15","0.10"
2022,2023,"SWKE0220","SWKB0691","1344.60","8.62","0.00","0.00","6850.43","43.91","359.52","2.30","0.00","0.00","776.10","4.98","0.00","0.00","50.00","0.32","2343.67","15.02","0.00","0.00","1278.38","8.19","9538.91","6.28","11292.23","7.43","2533.64","1.67","3053.70","2.01"
2022,2023,"SWKE0255","SWKB0692","1664.56","6.40","0.00","0.00","3693.64","14.21","951.23","3.66","0.00","0.00","0.00","0.00","0.00","0.00","100.00","0.38","4279.19","16.46","0.00","0.00","4077.88","15.68","8620.80","9.69","4451.99","5.00","542.09","0.61","887.86","1.00"
2022,2023,"SWKE0329","SWKB0693","526.79","3.96","0.00","0.00","666.64","5.01","353.60","2.66","0.00","0.00","472.72","3.55","0.00","0.00","40.00","0.30","1374.60","10.34","54.15","0.41","1249.00","9.39","67056.41","7.86","57695.83","6.77","7120.45","0.84","2827.45","0.33"
2022,2023,"SWKE0120","SWKB0694","1006.25","6.06","0.00","0.00","1237.75","7.46","782.62","4.71","0.00","0.00","0.00","0.00","0.00","0.00","460.00","2.77","3300.25","19.88","259.20","1.56","3404.21","20.51","14622.22","2.98","9062.23","1.85","5281.87","1.08","1329.84","0.27"
2022,2023,"SWKE0158","SWKB0695","293.75","19.58","0.00","0.00","0.00","0.00","0.00","0.00","0.00","0.00","0.00","0.00","1643.93","109.60","20.00","1.33","689.28","45.95","0.00","0.00","0.00","0.00","1703.66","6.58","372.89","1.44","38.64","0.15","0.00","0.00"
2022,2023,"SWKE0158","SWKB0696","64.68","4.31","0.00","0.00","0.00","0.00","0.00","0.00","0.00","0.00","0.00","0.00","0.00","0.00","10.00","0.67","344.64","22.98","0.00","0.00","0.00","0.00","1703.66","6.58","372.89","1.44","38.64","0.15","0.00","0.00"
2022,2023,"SWKE0158","SWKB0697","175.95","11.73","0.00","0.00","188.70","12.58","65.78","4.39","0.00","0.00","0.00","0.00","858.24","57.22","10.00","0.67","344.64","22.98","0.00","0.00","0.00","0.00","1703.66","6.58","372.89","1.44","38.64","0.15","0.00","0.00"
2022,2023,"SWKE0158","SWKB0698","64.68","4.31","0.00","0.00","0.00","0.00","0.00","0.00","0.00","0.00","0.00","0.00","0.00","0.00","10.00","0.67","344.64","22.98","0.00","0.00","0.00","0.00","1703.66","6.58","372.89","1.44","38.64","0.15","0.00","0.00"
2022,2023,"SWKE0158","SWKB0699","300.46","20.03","0.00","0.00","0.00","0.00","0.00","0.00","0.00","0.00","0.00","0.00","1711.02","114.07","20.00","1.33","689.28","45.95","0.00","0.00","0.00","0.00","1703.66","6.58","372.89","1.44","38.64","0.15","0.00","0.00"
2022,2023,"SWKE0255","SWKB0700","657.00","9.13","0.00","0.00","1276.50","17.73","0.00","0.00","0.00","0.00","0.00","0.00","0.00","0.00","50.00","0.69","2111.15","29.32","0.00","0.00","1494.50","20.76","8620.80","9.69","4451.99","5.00","542.09","0.61","887.86","1.00"
2022,2023,"SWKE0092","SWKB0701","291.15","9.71","0.00","0.00","0.00","0.00","5.44","0.18","0.00","0.00","0.00","0.00","1994.51","66.48","10.00","0.33","343.32","11.44","0.00","0.00","80.09","2.67","25129.33","11.15","3853.35","1.71","3984.36","1.77","858.81","0.38"
2022,2023,"SWKE0092","SWKB0702","837.42","27.91","0.00","0.00","141.17","4.71","14.77","0.49","0.00","0.00","0.00","0.00","5644.57","188.15","30.00","1.00","1031.28","34.38","0.00","0.00","217.39","7.25","25129.33","11.15","3853.35","1.71","3984.36","1.77","858.81","0.38"
2022,2023,"SWKE0092","SWKB0703","383.46","7.67","0.00","0.00","307.66","6.15","39.04","0.78","0.00","0.00","0.00","0.00","2325.60","46.51","10.00","0.20","422.23","8.44","0.00","0.00","321.69","6.43","25129.33","11.15","3853.35","1.71","3984.36","1.77","858.81","0.38"
2022,2023,"SWKE0092","SWKB0704","1840.41","31.19","0.00","0.00","504.18","8.55","25.28","0.43","0.00","0.00","0.00","0.00","13389.12","226.93","50.00","0.85","1881.76","31.89","0.00","0.00","372.25","6.31","25129.33","11.15","3853.35","1.71","3984.36","1.77","858.81","0.38"
2022,2023,"SWKE0352","SWKB0705","3004.30","22.76","0.00","0.00","3389.58","25.68","11524.16","87.30","0.00","0.00","0.00","0.00","9286.26","70.35","70.00","0.53","2398.02","18.17","210.24","1.59","2053.69","15.56","7891.72","2.79","6970.78","2.46","3122.20","1.10","1356.29","0.48"
2022,2023,"SWKE0351","SWKB0706","2898.85","18.58","0.00","0.00","4019.10","25.76","3584.05","22.97","0.00","0.00","2242.20","14.37","0.00","0.00","150.00","0.96","5945.50","38.11","481.15","3.08","4928.05","31.59","4161.35","13.13","8117.03","25.61","488.41","1.54","428.63","1.35"
2022,2023,"SWKE0048","SWKB0707","0.00","0.00","0.00","0.00","146.37","0.94","695.82","4.49","0.00","0.00","0.00","0.00","0.00","0.00","60.00","0.39","2549.64","16.45","307.50","1.98","2826.78","18.24","0.00","0.00","3803.49","1.48","4526.42","1.76","13547.48","5.26"
2022,2023,"SWKE0084","SWKB0708","1076.76","12.24","0.00","0.00","1404.80","15.96","487.72","5.54","0.00","0.00","0.00","0.00","5210.92","59.22","40.00","0.45","1368.92","15.56","198.44","2.26","1571.40","17.86","9947.29","3.00","6767.48","2.04","5024.55","1.52","1002.80","0.30"
2022,2023,"SWKE0160","SWKB0709","329.21","3.20","0.00","0.00","596.56","5.79","104.19","1.01","0.00","0.00","0.00","0.00","0.00","0.00","30.00","0.29","1111.28","10.79","0.00","0.00","657.03","6.38","855.22","4.19","747.67","3.67","134.73","0.66","0.00","0.00"
2022,2023,"SWKE0160","SWKB0710","300.52","2.98","0.00","0.00","53.74","0.53","99.11","0.98","0.00","0.00","0.00","0.00","0.00","0.00","30.00","0.30","1194.29","11.82","0.00","0.00","743.46","7.36","855.22","4.19","747.67","3.67","134.73","0.66","0.00","0.00"
2022,2023,"SWKE0145","SWKB0711","1504.37","5.68","0.00","0.00","5037.15","19.01","2025.07","7.64","0.00","0.00","0.00","0.00","0.00","0.00","140.00","0.53","4155.55","15.68","84.40","0.32","1870.09","7.06","28851.81","5.32","12285.67","2.26","6990.17","1.29","3304.06","0.61"
2022,2023,"SWKE0340","SWKB0712","367.05","0.84","0.00","0.00","70.71","0.16","216.24","0.49","833.74","1.90","477.86","1.09","0.00","0.00","20.00","0.05","766.87","1.75","446.97","1.02","425.28","0.97","10799.97","3.41","2194.90","0.69","856.94","0.27","928.95","0.29"
2022,2023,"SWKE0048","SWKB0713","0.00","0.00","0.00","0.00","22.70","0.13","527.15","3.03","0.00","0.00","0.00","0.00","0.00","0.00","50.00","0.29","1966.81","11.30","41.95","0.24","2166.97","12.45","0.00","0.00","3803.49","1.48","4526.42","1.76","13547.48","5.26"
2022,2023,"SWKE0161","SWKB0714","297.85","4.73","0.00","0.00","0.00","0.00","0.00","0.00","0.00","0.00","0.00","0.00","0.00","0.00","40.00","0.63","0.00","0.00","0.00","0.00","0.00","0.00","2514.75","39.92","178.45","2.83","285.40","4.53","0.00","0.00"
2022,2023,"SWKE0167","SWKB0715","0.00","0.00","0.00","0.00","531.90","2.26","1264.38","5.38","0.00","0.00","0.00","0.00","9537.60","40.59","60.00","0.26","2067.84","8.80","0.00","0.00","1017.72","4.33","0.00","0.00","8844.81","8.64","560.26","0.55","5127.13","5.01"
2022,2023,"SWKE0084","SWKB0716","3210.55","14.73","0.00","0.00","3152.00","14.46","1311.10","6.01","0.00","0.00","0.00","0.00","18591.56","85.28","100.00","0.46","3848.83","17.66","0.00","0.00","3333.66","15.29","9947.29","3.00","6767.48","2.04","5024.55","1.52","1002.80","0.30"
2022,2023,"SWKE0145","SWKB0717","497.48","2.31","0.00","0.00","604.84","2.81","715.32","3.33","0.00","0.00","383.44","1.78","0.00","0.00","40.00","0.19","1688.92","7.86","130.80","0.61","696.84","3.24","28851.81","5.32","12285.67","2.26","6990.17","1.29","3304.06","0.61"
2022,2023,"SWKE0041","SWKB0718","861.54","9.57","0.00","0.00","290.85","3.23","216.18","2.40","0.00","0.00","0.00","0.00","4502.64","50.03","30.00","0.33","1033.92","11.49","767.55","8.53","1285.44","14.28","66294.63","5.02","43369.16","3.28","23493.13","1.78","6607.17","0.50"
2022,2023,"SWKE0041","SWKB0719","290.63","3.63","0.00","0.00","456.90","5.71","95.71","1.20","0.00","0.00","0.00","0.00","1367.61","17.10","10.00","0.13","344.64","4.31","0.00","0.00","468.56","5.86","66294.63","5.02","43369.16","3.28","23493.13","1.78","6607.17","0.50"
2022,2023,"SWKE0198","SWKB0720","151.57","3.37","0.00","0.00","66.66","1.48","287.54","6.39","0.00","0.00","0.00","0.00","343.21","7.63","10.00","0.22","344.64","7.66","32.70","0.73","297.95","6.62","10806.74","4.00","4473.97","1.65","1968.42","0.73","1238.25","0.46"
2022,2023,"SWKE0162","SWKB0721","338.97","6.65","0.00","0.00","1715.46","33.64","0.00","0.00","0.00","0.00","0.00","0.00","0.00","0.00","30.00","0.59","1277.53","25.05","89.80","1.76","0.00","0.00","0.00","0.00","0.00","0.00","0.00","0.00","306.86","6.02"
2022,2023,"SWKE0163","SWKB0722","1824.82","45.62","0.00","0.00","15443.54","386.09","280.72","7.02","0.00","0.00","0.00","0.00","0.00","0.00","250.00","6.25","2306.03","57.65","162.59","4.06","0.00","0.00","0.00","0.00","0.00","0.00","55.30","1.38","0.00","0.00"
2022,2023,"SWKE0055","SWKB0723","997.74","11.88","0.00","0.00","2164.38","25.77","986.04","11.74","0.00","0.00","0.00","0.00","0.00","0.00","60.00","0.71","2033.94","24.21","0.00","0.00","1738.56","20.70","5144.63","16.13","5435.78","17.04","597.19","1.87","785.89","2.46"
2022,2023,"SWKE0164","SWKB0724","1635.81","31.46","0.00","0.00","11504.71","221.24","668.02","12.85","0.00","0.00","0.00","0.00","0.00","0.00","40.00","0.77","1733.13","33.33","0.00","0.00","1243.33","23.91","1428.83","9.16","1410.86","9.04","502.54","3.22","0.00","0.00"
2022,2023,"SWKE0164","SWKB0725","1708.31","16.43","0.00","0.00","8506.85","81.80","1192.48","11.47","0.00","0.00","0.00","0.00","0.00","0.00","80.00","0.77","3118.31","29.98","0.00","0.00","2132.03","20.50","1428.83","9.16","1410.86","9.04","502.54","3.22","0.00","0.00"
2022,2023,"SWKE0165","SWKB0726","658.81","12.67","0.00","0.00","910.70","17.51","215.95","4.15","0.00","0.00","0.00","0.00","0.00","0.00","50.00","0.96","1707.94","32.85","0.00","0.00","1318.63","25.36","820.76","15.78","1485.89","28.57","128.17","2.46","0.00","0.00"
2022,2023,"SWKE0100","SWKB0727","387.60","4.61","0.00","0.00","307.41","3.66","384.57","4.58","0.00","0.00","0.00","0.00","0.00","0.00","30.00","0.36","1282.95","15.27","37.20","0.44","1193.13","14.20","3943.26","1.58","15133.29","6.06","3262.17","1.31","2132.32","0.85"
2022,2023,"SWKE0114","SWKB0728","1846.12","9.23","0.00","0.00","3722.48","18.61","1287.12","6.44","0.00","0.00","1805.28","9.03","0.00","0.00","120.00","0.60","4107.80","20.54","400.32","2.00","4392.12","21.96","3773.94","4.91","4132.29","5.37","626.66","0.81","1842.66","2.40"
2022,2023,"SWKE0109","SWKB0729","133.98","5.58","0.00","0.00","0.00","0.00","0.00","0.00","0.00","0.00","0.00","0.00","0.00","0.00","20.00","0.83","844.46","35.19","0.00","0.00","0.00","0.00","28993.09","7.77","13027.12","3.49","5731.74","1.54","8768.26","2.35"
2022,2023,"SWKE0109","SWKB0730","133.98","5.58","0.00","0.00","0.00","0.00","0.00","0.00","0.00","0.00","0.00","0.00","0.00","0.00","20.00","0.83","844.46","35.19","0.00","0.00","0.00","0.00","28993.09","7.77","13027.12","3.49","5731.74","1.54","8768.26","2.35"
2022,2023,"SWKE0198","SWKB0731","490.88","3.93","0.00","0.00","1346.15","10.77","345.93","2.77","0.00","0.00","0.00","0.00","0.00","0.00","40.00","0.32","1614.64","12.92","85.58","0.68","772.97","6.18","10806.74","4.00","4473.97","1.65","1968.42","0.73","1238.25","0.46"
2022,2023,"SWKE0329","SWKB0732","537.50","7.17","0.00","0.00","1223.79","16.32","459.90","6.13","0.00","0.00","546.02","7.28","0.00","0.00","30.00","0.40","1272.11","16.96","16.38","0.22","1054.97","14.07","67056.41","7.86","57695.83","6.77","7120.45","0.84","2827.45","0.33"
2022,2023,"SWKE0168","SWKB0733","1518.21","8.48","0.00","0.00","3353.25","18.73","1131.54","6.32","0.00","0.00","0.00","0.00","0.00","0.00","120.00","0.67","4364.49","24.38","531.85","2.97","1382.64","7.72","1246.32","6.96","2401.89","13.42","595.20","3.33","174.57","0.98"
2022,2023,"SWKE0021","SWKB0734","270.53","2.08","0.00","0.00","261.90","2.01","89.17","0.69","0.00","0.00","0.00","0.00","1555.40","11.96","10.00","0.08","338.99","2.61","0.00","0.00","282.58","2.17","11477.97","0.96","6872.37","0.57","2775.59","0.23","5106.47","0.43"
2022,2023,"SWKE0227","SWKB0735","1694.10","13.45","0.00","0.00","6917.90","54.90","172.80","1.37","0.00","0.00","0.00","0.00","0.00","0.00","100.00","0.79","3433.20","27.25","0.00","0.00","2627.30","20.85","20224.97","9.68","9128.09","4.37","4000.84","1.91","2920.21","1.40"
2022,2023,"SWKE0064","SWKB0736","1480.58","10.28","0.00","0.00","2524.14","17.53","880.88","6.12","0.00","0.00","1164.54","8.09","0.00","0.00","70.00","0.49","2894.28","20.10","0.00","0.00","2123.44","14.75","1137.76","3.56","5721.99","17.88","1719.80","5.37","3636.63","11.36"
2022,2023,"SWKE0169","SWKB0737","115.03","3.83","0.00","0.00","10.03","0.33","77.90","2.60","0.00","0.00","0.00","0.00","0.00","0.00","10.00","0.33","344.64","11.49","32.71","1.09","431.10","14.37","197.61","6.59","0.00","0.00","56.31","1.88","0.00","0.00"
2022,2023,"SWKE0105","SWKB0907","71.56","3.41","0.00","0.00","0.00","0.00","0.00","0.00","0.00","0.00","0.00","0.00","0.00","0.00","10.00","0.48","0.00","0.00","0.00","0.00","0.00","0.00","33935.52","29.74","17358.14","15.21","7283.26","6.38","5522.11","4.84"
2022,2023,"SWKE0041","SWKB0738","17055.85","17.80","0.00","0.00","19407.32","20.26","14992.64","15.65","0.00","0.00","12279.37","12.82","79836.11","83.34","430.00","0.45","14507.75","15.14","1381.79","1.44","18156.43","18.95","66294.63","5.02","43369.16","3.28","23493.13","1.78","6607.17","0.50"
2022,2023,"SWKE0329","SWKB0739","2242.01","9.83","0.00","0.00","2817.60","12.36","1916.20","8.40","0.00","0.00","0.00","0.00","0.00","0.00","200.00","0.88","7748.16","33.98","0.00","0.00","4873.77","21.38","67056.41","7.86","57695.83","6.77","7120.45","0.84","2827.45","0.33"
2022,2023,"SWKE0170","SWKB0740","691.14","9.87","0.00","0.00","151.74","2.17","461.04","6.59","0.00","0.00","0.00","0.00","0.00","0.00","60.00","0.86","2059.92","29.43","0.00","0.00","2255.52","32.22","1086.36","15.52","796.08","11.37","100.92","1.44","0.00","0.00"
2022,2023,"SWKE0259","SWKB0741","1167.97","7.63","0.00","0.00","2399.18","15.68","1427.47","9.33","0.00","0.00","1179.21","7.71","0.00","0.00","70.00","0.46","2889.20","18.88","283.52","1.85","2172.43","14.20","7056.09","2.49","10017.05","3.54","3543.05","1.25","651.89","0.23"
2022,2023,"SWKE0210","SWKB0742","2839.92","14.56","0.00","0.00","1924.08","9.87","690.12","3.54","0.00","0.00","0.00","0.00","16265.76","83.41","120.00","0.62","4135.68","21.21","0.00","0.00","3022.56","15.50","18399.95","6.76","6510.11","2.39","3421.44","1.26","2839.76","1.04"
2022,2023,"SWKE0269","SWKB0743","490.83","4.31","0.00","0.00","371.02","3.25","168.22","1.48","0.00","0.00","0.00","0.00","2591.66","22.73","20.00","0.18","689.28","6.05","33.04","0.29","518.30","4.55","9084.30","4.93","2336.64","1.27","559.69","0.30","311.44","0.17"
2022,2023,"SWKE0112","SWKB0744","480.40","5.72","0.00","0.00","141.08","1.68","250.04","2.98","0.00","0.00","0.00","0.00","0.00","0.00","40.00","0.48","1355.96","16.14","0.00","0.00","1960.88","23.34","37372.02","7.97","29578.18","6.31","5048.69","1.08","2283.47","0.49"
2022,2023,"SWKE0171","SWKB0745","1293.04","40.41","0.00","0.00","191.58","5.99","1044.18","32.63","0.00","0.00","0.00","0.00","5787.96","180.87","40.00","1.25","1533.74","47.93","134.92","4.22","2269.62","70.93","3473.39","11.94","3422.98","11.76","2298.21","7.90","915.51","3.15"
2022,2023,"SWKE0171","SWKB0746","591.08","23.64","0.00","0.00","210.00","8.40","500.98","20.04","0.00","0.00","0.00","0.00","2518.58","100.74","20.00","0.80","689.28","27.57","65.40","2.62","1031.76","41.27","3473.39","11.94","3422.98","11.76","2298.21","7.90","915.51","3.15"
2022,2023,"SWKE0171","SWKB0747","190.32","5.60","0.00","0.00","65.41","1.92","225.10","6.62","0.00","0.00","0.00","0.00","0.00","0.00","10.00","0.29","422.23","12.42","34.63","1.02","618.99","18.21","3473.39","11.94","3422.98","11.76","2298.21","7.90","915.51","3.15"
2022,2023,"SWKE0171","SWKB0748","184.34","5.42","0.00","0.00","348.60","10.25","158.13","4.65","0.00","0.00","0.00","0.00","0.00","0.00","10.00","0.29","344.64","10.14","28.86","0.85","515.83","15.17","3473.39","11.94","3422.98","11.76","2298.21","7.90","915.51","3.15"
2022,2023,"SWKE0171","SWKB0749","500.42","14.72","0.00","0.00","273.51","8.04","444.79","13.08","0.00","0.00","0.00","0.00","0.00","0.00","30.00","0.88","1111.51","32.69","92.35","2.72","1650.65","48.55","3473.39","11.94","3422.98","11.76","2298.21","7.90","915.51","3.15"
2022,2023,"SWKE0171","SWKB0750","514.01","15.12","0.00","0.00","378.65","11.14","475.40","13.98","0.00","0.00","0.00","0.00","0.00","0.00","20.00","0.59","1111.51","32.69","92.35","2.72","1650.65","48.55","3473.39","11.94","3422.98","11.76","2298.21","7.90","915.51","3.15"
2022,2023,"SWKE0171","SWKB0751","188.35","5.54","0.00","0.00","80.58","2.37","190.29","5.60","0.00","0.00","0.00","0.00","0.00","0.00","10.00","0.29","422.23","12.42","34.63","1.02","618.99","18.21","3473.39","11.94","3422.98","11.76","2298.21","7.90","915.51","3.15"
2022,2023,"SWKE0171","SWKB0752","656.47","19.31","0.00","0.00","1562.90","45.97","537.90","15.82","0.00","0.00","0.00","0.00","0.00","0.00","30.00","0.88","1189.10","34.97","0.00","0.00","1753.81","51.58","3473.39","11.94","3422.98","11.76","2298.21","7.90","915.51","3.15"
2022,2023,"SWKE0171","SWKB0753","1231.95","41.07","0.00","0.00","393.60","13.12","672.24","22.41","0.00","0.00","0.00","0.00","7231.65","241.06","30.00","1.00","1033.92","34.46","98.13","3.27","1547.64","51.59","3473.39","11.94","3422.98","11.76","2298.21","7.90","915.51","3.15"
2022,2023,"SWKE0159","SWKB0754","1211.68","8.41","0.00","0.00","2440.80","16.95","901.04","6.26","0.00","0.00","0.00","0.00","0.00","0.00","80.00","0.56","3377.84","23.46","0.00","0.00","2606.80","18.10","6810.30","6.48","9513.82","9.05","1331.17","1.27","444.73","0.42"
2022,2023,"SWKE0172","SWKB0755","1004.50","13.22","0.00","0.00","502.96","6.62","6715.61","88.36","0.00","0.00","0.00","0.00","0.00","0.00","30.00","0.39","1104.54","14.53","0.00","0.00","737.17","9.70","809.96","1.51","3998.70","7.46","319.13","0.60","365.70","0.68"
2022,2023,"SWKE0172","SWKB0756","2015.06","15.27","0.00","0.00","2301.79","17.44","11596.35","87.85","0.00","0.00","0.00","0.00","0.00","0.00","70.00","0.53","2550.71","19.32","0.00","0.00","1628.68","12.34","809.96","1.51","3998.70","7.46","319.13","0.60","365.70","0.68"
2022,2023,"SWKE0172","SWKB0757","1687.90","16.88","0.00","0.00","1697.25","16.97","10324.86","103.25","0.00","0.00","0.00","0.00","0.00","0.00","50.00","0.50","2033.33","20.33","0.00","0.00","1217.06","12.17","809.96","1.51","3998.70","7.46","319.13","0.60","365.70","0.68"
2022,2023,"SWKE0172","SWKB0758","739.78","6.61","0.00","0.00","694.79","6.20","4927.21","43.99","0.00","0.00","0.00","0.00","0.00","0.00","20.00","0.18","766.87","6.85","0.00","0.00","438.80","3.92","809.96","1.51","3998.70","7.46","319.13","0.60","365.70","0.68"
2022,2023,"SWKE0172","SWKB0759","284.41","2.45","0.00","0.00","122.44","1.06","1905.96","16.43","0.00","0.00","0.00","0.00","0.00","0.00","10.00","0.09","344.64","2.97","0.00","0.00","211.91","1.83","809.96","1.51","3998.70","7.46","319.13","0.60","365.70","0.68"
2022,2023,"SWKE0008","SWKB0760","1891.02","7.85","0.00","0.00","2358.57","9.79","2004.62","8.32","0.00","0.00","1548.36","6.42","8290.65","34.40","70.00","0.29","2490.07","10.33","0.00","0.00","1291.18","5.36","3589.01","1.56","3127.38","1.36","2324.56","1.01","3032.25","1.32"
2022,2023,"SWKE0048","SWKB0761","0.00","0.00","0.00","0.00","1659.20","12.76","1111.76","8.55","0.00","0.00","2111.50","16.24","0.00","0.00","100.00","0.77","3601.58","27.70","114.52","0.88","3791.84","29.17","0.00","0.00","3803.49","1.48","4526.42","1.76","13547.48","5.26"
2022,2023,"SWKE0248","SWKB0762","699.84","4.89","0.00","0.00","619.08","4.33","1065.11","7.45","0.00","0.00","0.00","0.00","0.00","0.00","70.00","0.49","2401.06","16.79","0.00","0.00","1635.55","11.44","5528.05","3.65","4264.51","2.81","2492.04","1.64","260.49","0.17"
2022,2023,"SWKE0173","SWKB0763","0.00","0.00","0.00","0.00","409.27","15.74","2918.04","112.23","0.00","0.00","0.00","0.00","0.00","0.00","40.00","1.54","1606.51","61.79","138.38","5.32","1688.50","64.94","0.00","0.00","119.43","4.59","330.11","12.70","0.00","0.00"
2022,2023,"SWKE0218","SWKB0764","1004.85","4.63","0.00","0.00","2910.18","13.41","516.90","2.38","0.00","0.00","798.64","3.68","0.00","0.00","60.00","0.28","2461.21","11.34","0.00","0.00","1657.86","7.64","19320.99","8.29","3914.18","1.68","2309.77","0.99","420.49","0.18"
2022,2023,"SWKE0113","SWKB0765","436.27","3.79","0.00","0.00","62.41","0.54","224.56","1.95","0.00","0.00","0.00","0.00","0.00","0.00","40.00","0.35","1611.33","14.01","124.27","1.08","1571.82","13.67","9091.91","4.49","5982.86","2.95","2399.88","1.18","1941.64","0.96"
2022,2023,"SWKE0030","SWKB0766","2425.29","7.49","0.00","0.00","2009.16","6.20","728.82","2.25","0.00","0.00","1111.14","3.43","11404.00","35.20","90.00","0.28","3134.15","9.67","218.07","0.67","2287.80","7.06","13046.37","5.16","12907.80","5.10","2492.06","0.99","3207.96","1.27"
2022,2023,"SWKE0174","SWKB0767","557.92","12.97","0.00","0.00","150.90","3.51","137.26","3.19","0.00","0.00","0.00","0.00","3613.32","84.03","20.00","0.47","677.98","15.77","0.00","0.00","499.60","11.62","6623.36","6.52","6537.01","6.43","871.95","0.86","35.77","0.04"
2022,2023,"SWKE0174","SWKB0768","934.10","19.87","0.00","0.00","420.77","8.95","303.03","6.45","0.00","0.00","0.00","0.00","5944.07","126.47","30.00","0.64","1025.63","21.82","0.00","0.00","813.88","17.32","6623.36","6.52","6537.01","6.43","871.95","0.86","35.77","0.04"
2022,2023,"SWKE0174","SWKB0769","767.16","42.62","0.00","0.00","0.00","0.00","449.58","24.98","0.00","0.00","0.00","0.00","5454.72","303.04","30.00","1.67","1016.97","56.50","0.00","0.00","0.00","0.00","6623.36","6.52","6537.01","6.43","871.95","0.86","35.77","0.04"
2022,2023,"SWKE0174","SWKB0770","1779.93","42.38","0.00","0.00","2088.54","49.73","553.73","13.18","0.00","0.00","0.00","0.00","10668.19","254.00","50.00","1.19","1721.83","41.00","0.00","0.00","1266.30","30.15","6623.36","6.52","6537.01","6.43","871.95","0.86","35.77","0.04"
2022,2023,"SWKE0174","SWKB0771","673.31","11.22","0.00","0.00","115.87","1.93","204.62","3.41","0.00","0.00","0.00","0.00","4731.12","78.85","20.00","0.33","682.31","11.37","0.00","0.00","457.27","7.62","6623.36","6.52","6537.01","6.43","871.95","0.86","35.77","0.04"
2022,2023,"SWKE0174","SWKB0772","291.74","24.31","0.00","0.00","359.43","29.95","200.23","16.69","0.00","0.00","0.00","0.00","1768.60","147.38","10.00","0.83","338.99","28.25","0.00","0.00","0.00","0.00","6623.36","6.52","6537.01","6.43","871.95","0.86","35.77","0.04"
2022,2023,"SWKE0174","SWKB0773","2100.98","17.51","0.00","0.00","3123.89","26.03","369.04","3.08","0.00","0.00","1419.25","11.83","10680.39","89.00","70.00","0.58","2412.48","20.10","0.00","0.00","1545.95","12.88","6623.36","6.52","6537.01","6.43","871.95","0.86","35.77","0.04"
2022,2023,"SWKE0174","SWKB0774","1885.24","12.16","0.00","0.00","1770.16","11.42","360.29","2.32","0.00","0.00","592.76","3.82","10711.54","69.11","70.00","0.45","2412.48","15.56","0.00","0.00","1545.95","9.97","6623.36","6.52","6537.01","6.43","871.95","0.86","35.77","0.04"
2022,2023,"SWKE0112","SWKB0775","1384.49","10.99","0.00","0.00","708.42","5.62","1008.10","8.00","0.00","0.00","2931.36","23.26","0.00","0.00","80.00","0.63","3322.27","26.37","0.00","0.00","3545.71","28.14","37372.02","7.97","29578.18","6.31","5048.69","1.08","2283.47","0.49"
2022,2023,"SWKE0175","SWKB0776","381.81","9.79","0.00","0.00","0.00","0.00","301.60","7.73","0.00","0.00","0.00","0.00","0.00","0.00","20.00","0.51","1110.19","28.47","123.67","3.17","362.11","9.28","298.45","7.65","1543.79","39.58","78.24","2.01","0.00","0.00"
2022,2023,"SWKE0176","SWKB0777","301.13","7.72","0.00","0.00","158.13","4.05","226.13","5.80","0.00","0.00","0.00","0.00","0.00","0.00","20.00","0.51","770.18","19.75","69.63","1.79","281.64","7.22","232.13","5.95","1200.73","30.79","72.67","1.86","0.00","0.00"
2022,2023,"SWKE0178","SWKB0778","835.97","7.67","0.00","0.00","1642.78","15.07","768.32","7.05","0.00","0.00","730.45","6.70","0.00","0.00","50.00","0.46","1878.38","17.23","162.00","1.49","1738.97","15.95","4314.59","9.38","3075.18","6.69","264.54","0.58","72.60","0.16"
2022,2023,"SWKE0178","SWKB0779","1535.55","14.09","0.00","0.00","3220.23","29.54","1483.29","13.61","0.00","0.00","1380.21","12.66","0.00","0.00","90.00","0.83","3334.53","30.59","288.00","2.64","3091.50","28.36","4314.59","9.38","3075.18","6.69","264.54","0.58","72.60","0.16"
2022,2023,"SWKE0178","SWKB0780","1232.47","11.20","0.00","0.00","1058.44","9.62","1231.49","11.20","0.00","0.00","991.88","9.02","0.00","0.00","130.00","1.18","3256.94","29.61","279.47","2.54","3001.60","27.29","4314.59","9.38","3075.18","6.69","264.54","0.58","72.60","0.16"
2022,2023,"SWKE0178","SWKB0781","700.93","5.31","0.00","0.00","1245.03","9.43","643.00","4.87","0.00","0.00","638.86","4.84","0.00","0.00","40.00","0.30","1611.33","12.21","176.56","1.34","1468.93","11.13","4314.59","9.38","3075.18","6.69","264.54","0.58","72.60","0.16"
2022,2023,"SWKE0145","SWKB0782","1302.14","8.14","0.00","0.00","1473.29","9.21","2457.31","15.36","0.00","0.00","1161.33","7.26","0.00","0.00","90.00","0.56","3750.18","23.44","0.00","0.00","2355.06","14.72","28851.81","5.32","12285.67","2.26","6990.17","1.29","3304.06","0.61"
2022,2023,"SWKE0343","SWKB0783","1718.87","6.49","0.00","0.00","2909.92","10.98","1354.08","5.11","0.00","0.00","0.00","0.00","0.00","0.00","150.00","0.57","5145.77","19.42","0.00","0.00","4845.51","18.28","2413.80","2.64","4921.06","5.39","580.67","0.64","94.15","0.10"
2022,2023,"SWKE0019","SWKB0784","10.71","0.22","0.00","0.00","12.05","0.25","0.00","0.00","0.00","0.00","0.00","0.00","0.00","0.00","0.00","0.00","31.04","0.63","0.00","0.00","3.43","0.07","34.57","0.03","85.07","0.08","64.15","0.06","208.51","0.19"
2022,2023,"SWKE0299","SWKB0785","441.72","15.78","0.00","0.00","308.34","11.01","18.76","0.67","0.00","0.00","0.00","0.00","2091.86","74.71","20.00","0.71","679.64","24.27","135.44","4.84","847.68","30.27","3953.86","2.33","2935.48","1.73","5156.26","3.04","898.71","0.53"
2022,2023,"SWKE0299","SWKB0786","700.42","20.01","0.00","0.00","387.01","11.06","0.00","0.00","0.00","0.00","0.00","0.00","4212.89","120.37","40.00","1.14","1364.10","38.97","0.00","0.00","327.04","9.34","3953.86","2.33","2935.48","1.73","5156.26","3.04","898.71","0.53"
2022,2023,"SWKE0299","SWKB0787","474.92","11.04","0.00","0.00","62.43","1.45","61.65","1.43","0.00","0.00","0.00","0.00","2409.45","56.03","20.00","0.47","762.05","17.72","114.10","2.65","920.00","21.40","3953.86","2.33","2935.48","1.73","5156.26","3.04","898.71","0.53"
2022,2023,"SWKE0299","SWKB0788","319.94","8.65","0.00","0.00","67.86","1.83","0.00","0.00","0.00","0.00","0.00","0.00","1970.62","53.26","20.00","0.54","679.64","18.37","0.00","0.00","145.58","3.93","3953.86","2.33","2935.48","1.73","5156.26","3.04","898.71","0.53"
2022,2023,"SWKE0299","SWKB0789","580.17","15.68","0.00","0.00","148.06","4.00","0.00","0.00","0.00","0.00","0.00","0.00","3847.31","103.98","30.00","0.81","1024.28","27.68","0.00","0.00","236.57","6.39","3953.86","2.33","2935.48","1.73","5156.26","3.04","898.71","0.53"
2022,2023,"SWKE0299","SWKB0790","148.20","4.12","0.00","0.00","26.79","0.74","5.61","0.16","0.00","0.00","0.00","0.00","1034.94","28.75","10.00","0.28","339.82","9.44","0.00","0.00","74.81","2.08","3953.86","2.33","2935.48","1.73","5156.26","3.04","898.71","0.53"
2022,2023,"SWKE0299","SWKB0791","741.96","25.58","0.00","0.00","208.02","7.17","150.15","5.18","0.00","0.00","0.00","0.00","3677.37","126.81","20.00","0.69","1033.92","35.65","186.06","6.42","1534.59","52.92","3953.86","2.33","2935.48","1.73","5156.26","3.04","898.71","0.53"
2022,2023,"SWKE0329","SWKB0792","772.93","4.18","0.00","0.00","600.97","3.25","70.00","0.38","0.00","0.00","0.00","0.00","0.00","0.00","80.00","0.43","3150.49","17.03","243.97","1.32","1722.57","9.31","67056.41","7.86","57695.83","6.77","7120.45","0.84","2827.45","0.33"
2022,2023,"SWKE0179","SWKB0793","317.04","5.66","0.00","0.00","285.70","5.10","504.78","9.01","0.00","0.00","0.00","0.00","0.00","0.00","20.00","0.36","855.30","15.27","65.40","1.17","585.56","10.46","383.27","1.76","1418.75","6.51","557.67","2.56","11.73","0.05"
2022,2023,"SWKE0179","SWKB0794","394.27","3.98","0.00","0.00","192.64","1.95","699.18","7.06","0.00","0.00","0.00","0.00","0.00","0.00","30.00","0.30","1189.10","12.01","89.85","0.91","711.08","7.18","383.27","1.76","1418.75","6.51","557.67","2.56","11.73","0.05"
2022,2023,"SWKE0179","SWKB0795","160.98","2.93","0.00","0.00","166.86","3.03","252.39","4.59","0.00","0.00","0.00","0.00","0.00","0.00","10.00","0.18","427.65","7.78","33.30","0.61","292.77","5.32","383.27","1.76","1418.75","6.51","557.67","2.56","11.73","0.05"
2022,2023,"SWKE0249","SWKB0796","2952.95","12.30","0.00","0.00","4022.64","16.76","1515.72","6.32","0.00","0.00","4464.84","18.60","8861.99","36.92","110.00","0.46","4135.68","17.23","392.40","1.64","4794.24","19.98","4089.28","3.35","3723.43","3.05","831.76","0.68","55.99","0.05"
2022,2023,"SWKE0136","SWKB0797","907.74","18.91","0.00","0.00","1067.22","22.23","1326.06","27.63","0.00","0.00","0.00","0.00","0.00","0.00","60.00","1.25","2533.38","52.78","0.00","0.00","2298.78","47.89","7249.43","15.49","1747.99","3.74","325.43","0.70","90.01","0.19"
2022,2023,"SWKE0136","SWKB0798","606.44","12.63","0.00","0.00","822.36","17.13","785.92","16.37","0.00","0.00","0.00","0.00","0.00","0.00","40.00","0.83","1688.92","35.19","0.00","0.00","1532.52","31.93","7249.43","15.49","1747.99","3.74","325.43","0.70","90.01","0.19"
2022,2023,"SWKE0295","SWKB0799","1375.20","27.50","0.00","0.00","5159.13","103.18","561.04","11.22","0.00","0.00","0.00","0.00","5186.81","103.74","40.00","0.80","1360.29","27.21","0.00","0.00","338.95","6.78","10417.58","8.08","4709.15","3.65","2153.62","1.67","37.12","0.03"
2022,2023,"SWKE0324","SWKB1637","0.00","0.00","0.00","0.00","0.00","0.00","0.00","0.00","0.00","0.00","0.00","0.00","0.00","0.00","10.00","0.36","0.00","0.00","0.00","0.00","0.00","0.00","107.58","0.07","13.33","0.01","16.92","0.01","26.16","0.02"
2022,2023,"SWKE0180","SWKB0800","223.94","3.20","0.00","0.00","176.66","2.52","208.70","2.98","0.00","0.00","0.00","0.00","0.00","0.00","20.00","0.29","855.30","12.22","65.40","0.93","609.56","8.71","172.46","2.46","0.00","0.00","151.32","2.16","0.00","0.00"
2022,2023,"SWKE0181","SWKB0801","664.51","10.38","0.00","0.00","265.23","4.14","320.49","5.01","0.00","0.00","0.00","0.00","0.00","0.00","60.00","0.94","2265.16","35.39","190.77","2.98","1305.75","20.40","1032.73","16.14","1096.45","17.13","168.58","2.63","0.00","0.00"
2022,2023,"SWKE0217","SWKB0802","145.42","2.80","0.00","0.00","125.64","2.42","158.06","3.04","0.00","0.00","0.00","0.00","0.00","0.00","10.00","0.19","427.65","8.22","35.22","0.68","393.76","7.57","9768.12","4.97","4798.38","2.44","1490.04","0.76","1113.40","0.57"
2022,2023,"SWKE0217","SWKB0803","518.66","9.97","0.00","0.00","0.00","0.00","871.42","16.76","0.00","0.00","0.00","0.00","0.00","0.00","40.00","0.77","1556.10","29.93","130.82","2.52","1462.52","28.13","9768.12","4.97","4798.38","2.44","1490.04","0.76","1113.40","0.57"
2022,2023,"SWKE0100","SWKB0804","391.98","4.67","0.00","0.00","381.27","4.54","327.33","3.90","0.00","0.00","0.00","0.00","0.00","0.00","30.00","0.36","1282.95","15.27","37.20","0.44","1220.04","14.52","3943.26","1.58","15133.29","6.06","3262.17","1.31","2132.32","0.85"
2022,2023,"SWKE0324","SWKB0805","0.00","0.00","0.00","0.00","0.00","0.00","0.00","0.00","0.00","0.00","0.00","0.00","0.00","0.00","20.00","0.69","0.00","0.00","0.00","0.00","0.00","0.00","107.58","0.07","13.33","0.01","16.92","0.01","26.16","0.02"
2022,2023,"SWKE0324","SWKB0806","0.00","0.00","0.00","0.00","0.00","0.00","0.00","0.00","0.00","0.00","0.00","0.00","0.00","0.00","10.00","0.37","0.00","0.00","0.00","0.00","0.00","0.00","107.58","0.07","13.33","0.01","16.92","0.01","26.16","0.02"
2022,2023,"SWKE0324","SWKB0807","0.00","0.00","0.00","0.00","0.00","0.00","0.00","0.00","0.00","0.00","0.00","0.00","0.00","0.00","10.00","0.71","0.00","0.00","0.00","0.00","0.00","0.00","107.58","0.07","13.33","0.01","16.92","0.01","26.16","0.02"
2022,2023,"SWKE0324","SWKB0808","0.00","0.00","0.00","0.00","0.00","0.00","0.00","0.00","0.00","0.00","0.00","0.00","0.00","0.00","40.00","1.43","0.00","0.00","0.00","0.00","0.00","0.00","107.58","0.07","13.33","0.01","16.92","0.01","26.16","0.02"
2022,2023,"SWKE0268","SWKB0809","5001.04","16.29","0.00","0.00","2282.41","7.43","4127.33","13.44","0.00","0.00","3153.50","10.27","22407.31","72.99","320.00","1.04","5261.64","17.14","622.04","2.03","3143.99","10.24","8828.25","5.68","3319.91","2.14","1881.60","1.21","21548.45","13.88"
2022,2023,"SWKE0129","SWKB0810","1296.18","15.43","0.00","0.00","4261.21","50.73","2685.01","31.96","0.00","0.00","0.00","0.00","0.00","0.00","270.00","3.21","2742.66","32.65","0.00","0.00","1549.48","18.45","33233.44","5.71","15254.16","2.62","6285.16","1.08","4205.47","0.72"
2022,2023,"SWKE0340","SWKB0811","6910.50","11.50","0.00","0.00","8042.22","13.38","2044.45","3.40","0.00","0.00","3049.42","5.07","34478.93","57.37","280.00","0.47","8783.96","14.62","544.31","0.91","5703.98","9.49","10799.97","3.41","2194.90","0.69","856.94","0.27","928.95","0.29"
2022,2023,"SWKE0303","SWKB0812","756.21","9.00","0.00","0.00","353.78","4.21","1610.28","19.17","0.00","0.00","0.00","0.00","0.00","0.00","70.00","0.83","2403.24","28.61","228.97","2.73","1549.17","18.44","3913.26","2.53","4496.29","2.91","2112.97","1.37","4221.99","2.73"
2022,2023,"SWKE0184","SWKB0813","335.31","4.47","0.00","0.00","405.39","5.41","416.97","5.56","0.00","0.00","0.00","0.00","0.00","0.00","30.00","0.40","1033.92","13.79","0.00","0.00","677.67","9.04","2129.58","9.46","1761.66","7.83","499.50","2.22","523.26","2.33"
2022,2023,"SWKE0184","SWKB0814","721.28","9.62","0.00","0.00","516.67","6.89","700.98","9.35","0.00","0.00","0.00","0.00","0.00","0.00","70.00","0.93","2412.48","32.17","0.00","0.00","1671.74","22.29","2129.58","9.46","1761.66","7.83","499.50","2.22","523.26","2.33"
2022,2023,"SWKE0184","SWKB0815","791.44","10.55","0.00","0.00","104.56","1.39","958.32","12.78","0.00","0.00","0.00","0.00","0.00","0.00","80.00","1.07","2757.12","36.76","0.00","0.00","1910.56","25.47","2129.58","9.46","1761.66","7.83","499.50","2.22","523.26","2.33"
2022,2023,"SWKE0295","SWKB0816","800.20","26.67","0.00","0.00","238.56","7.95","460.20","15.34","0.00","0.00","0.00","0.00","4039.48","134.65","40.00","1.33","1378.56","45.95","0.00","0.00","968.52","32.28","10417.58","8.08","4709.15","3.65","2153.62","1.67","37.12","0.03"
2022,2023,"SWKE0295","SWKB0817","1493.70","41.49","0.00","0.00","650.88","18.08","1169.04","32.47","0.00","0.00","0.00","0.00","7286.04","202.39","60.00","1.67","2533.38","70.37","0.00","0.00","1647.72","45.77","10417.58","8.08","4709.15","3.65","2153.62","1.67","37.12","0.03"
2022,2023,"SWKE0295","SWKB0818","231.80","7.73","0.00","0.00","237.56","7.92","134.54","4.48","0.00","0.00","0.00","0.00","1129.91","37.66","10.00","0.33","344.64","11.49","0.00","0.00","242.13","8.07","10417.58","8.08","4709.15","3.65","2153.62","1.67","37.12","0.03"
2022,2023,"SWKE0295","SWKB0819","229.76","7.66","0.00","0.00","84.51","2.82","115.05","3.84","0.00","0.00","0.00","0.00","1282.13","42.74","10.00","0.33","344.64","11.49","0.00","0.00","242.13","8.07","10417.58","8.08","4709.15","3.65","2153.62","1.67","37.12","0.03"
2022,2023,"SWKE0295","SWKB0820","233.54","6.49","0.00","0.00","35.36","0.98","133.37","3.70","0.00","0.00","0.00","0.00","1194.78","33.19","10.00","0.28","422.23","11.73","0.00","0.00","274.62","7.63","10417.58","8.08","4709.15","3.65","2153.62","1.67","37.12","0.03"
2022,2023,"SWKE0041","SWKB0821","4146.21","32.14","0.00","0.00","3086.96","23.93","1345.29","10.43","0.00","0.00","0.00","0.00","23687.87","183.63","110.00","0.85","4366.45","33.85","104.64","0.81","5957.96","46.19","66294.63","5.02","43369.16","3.28","23493.13","1.78","6607.17","0.50"
2022,2023,"SWKE0041","SWKB0822","811.16","12.29","0.00","0.00","1965.23","29.78","311.69","4.72","0.00","0.00","0.00","0.00","0.00","0.00","60.00","0.91","2571.66","38.96","362.18","5.49","1414.27","21.43","66294.63","5.02","43369.16","3.28","23493.13","1.78","6607.17","0.50"
2022,2023,"SWKE0041","SWKB0823","107.54","1.63","0.00","0.00","81.82","1.24","34.72","0.53","0.00","0.00","0.00","0.00","0.00","0.00","10.00","0.15","427.65","6.48","58.96","0.89","230.23","3.49","66294.63","5.02","43369.16","3.28","23493.13","1.78","6607.17","0.50"
2022,2023,"SWKE0269","SWKB0824","1020.52","6.50","0.00","0.00","1006.56","6.41","427.08","2.72","0.00","0.00","0.00","0.00","5195.00","33.09","40.00","0.25","1378.56","8.78","170.64","1.09","953.80","6.08","9084.30","4.93","2336.64","1.27","559.69","0.30","311.44","0.17"
2022,2023,"SWKE0041","SWKB0825","727.36","5.51","0.00","0.00","1297.32","9.83","167.44","1.27","0.00","0.00","0.00","0.00","0.00","0.00","60.00","0.45","2577.42","19.53","370.60","2.81","1339.28","10.15","66294.63","5.02","43369.16","3.28","23493.13","1.78","6607.17","0.50"
2022,2023,"SWKE0041","SWKB0826","264.58","3.67","0.00","0.00","551.72","7.66","227.86","3.16","0.00","0.00","0.00","0.00","0.00","0.00","20.00","0.28","844.46","11.73","86.00","1.19","520.92","7.24","66294.63","5.02","43369.16","3.28","23493.13","1.78","6607.17","0.50"
2022,2023,"SWKE0122","SWKB0827","113.60","3.07","0.00","0.00","0.00","0.00","0.00","0.00","0.00","0.00","0.00","0.00","0.00","0.00","20.00","0.54","0.00","0.00","0.00","0.00","0.00","0.00","20294.21","25.02","4938.76","6.09","614.23","0.76","5108.91","6.30"
2022,2023,"SWKE0122","SWKB0828","113.60","4.73","0.00","0.00","0.00","0.00","0.00","0.00","0.00","0.00","0.00","0.00","0.00","0.00","20.00","0.83","0.00","0.00","0.00","0.00","0.00","0.00","20294.21","25.02","4938.76","6.09","614.23","0.76","5108.91","6.30"
2022,2023,"SWKE0122","SWKB0829","66.27","3.49","0.00","0.00","0.00","0.00","0.00","0.00","0.00","0.00","0.00","0.00","0.00","0.00","10.00","0.53","0.00","0.00","0.00","0.00","0.00","0.00","20294.21","25.02","4938.76","6.09","614.23","0.76","5108.91","6.30"
2022,2023,"SWKE0122","SWKB0830","84.10","5.61","0.00","0.00","23.05","1.54","0.00","0.00","0.00","0.00","0.00","0.00","0.00","0.00","10.00","0.67","344.64","22.98","0.00","0.00","0.00","0.00","20294.21","25.02","4938.76","6.09","614.23","0.76","5108.91","6.30"
2022,2023,"SWKE0084","SWKB0831","494.76","10.31","0.00","0.00","228.46","4.76","142.14","2.96","0.00","0.00","0.00","0.00","2843.98","59.25","20.00","0.42","679.64","14.16","0.00","0.00","819.84","17.08","9947.29","3.00","6767.48","2.04","5024.55","1.52","1002.80","0.30"
2022,2023,"SWKE0201","SWKB0832","1813.40","10.19","0.00","0.00","2027.02","11.39","810.00","4.55","0.00","0.00","3628.53","20.39","0.00","0.00","110.00","0.62","4677.05","26.28","370.36","2.08","3222.50","18.10","36636.71","8.79","15477.74","3.71","7328.70","1.76","4457.84","1.07"
2022,2023,"SWKE0063","SWKB0833","2475.35","9.17","0.00","0.00","4333.15","16.05","1467.52","5.44","0.00","0.00","2137.69","7.92","0.00","0.00","360.00","1.33","7062.89","26.16","0.00","0.00","3068.53","11.36","9158.60","8.77","10675.16","10.23","1325.42","1.27","4851.39","4.65"
2022,2023,"SWKE0227","SWKB0834","2521.81","12.01","0.00","0.00","5610.08","26.71","3495.04","16.64","0.00","0.00","0.00","0.00","0.00","0.00","160.00","0.76","5493.12","26.16","327.04","1.56","4228.32","20.13","20224.97","9.68","9128.09","4.37","4000.84","1.91","2920.21","1.40"
2022,2023,"SWKE0185","SWKB0835","371.85","10.33","0.00","0.00","250.38","6.96","229.92","6.39","0.00","0.00","0.00","0.00","0.00","0.00","30.00","0.83","1266.69","35.19","0.00","0.00","1200.60","33.35","838.18","7.76","780.50","7.23","179.90","1.67","0.00","0.00"
2022,2023,"SWKE0033","SWKB0836","418.59","4.02","0.00","0.00","472.17","4.54","293.06","2.82","0.00","0.00","0.00","0.00","0.00","0.00","30.00","0.29","1277.53","12.28","0.00","0.00","1275.11","12.26","8881.31","4.52","3400.90","1.73","2480.48","1.26","1457.53","0.74"
2022,2023,"SWKE0033","SWKB0837","261.16","4.66","0.00","0.00","40.34","0.72","170.98","3.05","0.00","0.00","0.00","0.00","0.00","0.00","20.00","0.36","855.30","15.27","204.40","3.65","732.90","13.09","8881.31","4.52","3400.90","1.73","2480.48","1.26","1457.53","0.74"
2022,2023,"SWKE0259","SWKB0838","2331.32","15.04","0.00","0.00","1002.77","6.47","14995.64","96.75","0.00","0.00","1332.85","8.60","0.00","0.00","60.00","0.39","2478.15","15.99","257.15","1.66","2041.43","13.17","7056.09","2.49","10017.05","3.54","3543.05","1.25","651.89","0.23"
2022,2023,"SWKE0186","SWKB0839","152.18","10.15","0.00","0.00","732.31","48.82","0.00","0.00","0.00","0.00","0.00","0.00","0.00","0.00","10.00","0.67","344.64","22.98","0.00","0.00","0.00","0.00","161.07","0.55","131.23","0.45","152.57","0.52","0.00","0.00"
2022,2023,"SWKE0100","SWKB0840","682.90","6.32","0.00","0.00","1061.60","9.83","647.45","5.99","0.00","0.00","0.00","0.00","0.00","0.00","50.00","0.46","2111.15","19.55","66.05","0.61","1984.25","18.37","3943.26","1.58","15133.29","6.06","3262.17","1.31","2132.32","0.85"
2022,2023,"SWKE0187","SWKB0841","3187.54","19.80","0.00","0.00","2387.42","14.83","2729.38","16.95","0.00","0.00","3816.56","23.71","0.00","0.00","140.00","0.87","5756.04","35.75","6553.28","40.70","2904.98","18.04","2634.80","16.37","4617.42","28.68","85.28","0.53","390.72","2.43"
2022,2023,"SWKE0129","SWKB0842","1483.18","9.76","0.00","0.00","2583.79","17.00","3430.16","22.57","0.00","0.00","1463.16","9.63","0.00","0.00","80.00","0.53","3172.17","20.87","0.00","0.00","1853.42","12.19","33233.44","5.71","15254.16","2.62","6285.16","1.08","4205.47","0.72"
2022,2023,"SWKE0092","SWKB0843","910.11","17.85","0.00","0.00","223.01","4.37","73.36","1.44","0.00","0.00","0.00","0.00","5592.68","109.66","30.00","0.59","1189.10","23.32","0.00","0.00","837.30","16.42","25129.33","11.15","3853.35","1.71","3984.36","1.77","858.81","0.38"
2022,2023,"SWKE0092","SWKB0844","1957.93","22.25","0.00","0.00","109.22","1.24","34.23","0.39","0.00","0.00","0.00","0.00","13254.50","150.62","70.00","0.80","2399.74","27.27","0.00","0.00","573.75","6.52","25129.33","11.15","3853.35","1.71","3984.36","1.77","858.81","0.38"
2022,2023,"SWKE0092","SWKB0845","629.84","10.68","0.00","0.00","305.02","5.17","103.56","1.76","0.00","0.00","0.00","0.00","4053.34","68.70","20.00","0.34","686.64","11.64","0.00","0.00","173.64","2.94","25129.33","11.15","3853.35","1.71","3984.36","1.77","858.81","0.38"
2022,2023,"SWKE0092","SWKB0846","563.32","11.05","0.00","0.00","276.14","5.41","61.24","1.20","0.00","0.00","0.00","0.00","3023.58","59.29","20.00","0.39","844.46","16.56","0.00","0.00","591.04","11.59","25129.33","11.15","3853.35","1.71","3984.36","1.77","858.81","0.38"
2022,2023,"SWKE0159","SWKB0847","1252.11","5.05","0.00","0.00","1069.81","4.31","912.24","3.68","0.00","0.00","1133.90","4.57","0.00","0.00","290.00","1.17","4139.89","16.69","93.68","0.38","1799.74","7.26","6810.30","6.48","9513.82","9.05","1331.17","1.27","444.73","0.42"
2022,2023,"SWKE0201","SWKB0848","1143.50","11.00","0.00","0.00","628.96","6.05","470.90","4.53","0.00","0.00","1757.98","16.90","0.00","0.00","70.00","0.67","2977.29","28.63","269.13","2.59","3159.56","30.38","36636.71","8.79","15477.74","3.71","7328.70","1.76","4457.84","1.07"
2022,2023,"SWKE0119","SWKB0849","21.92","0.22","0.00","0.00","0.00","0.00","0.00","0.00","0.00","0.00","0.00","0.00","0.00","0.00","10.00","0.10","0.00","0.00","0.00","0.00","0.00","0.00","7478.12","5.24","216.06","0.15","1046.96","0.73","743.96","0.52"
2022,2023,"SWKE0105","SWKB0908","143.12","6.82","0.00","0.00","0.00","0.00","0.00","0.00","0.00","0.00","0.00","0.00","0.00","0.00","20.00","0.95","0.00","0.00","0.00","0.00","0.00","0.00","33935.52","29.74","17358.14","15.21","7283.26","6.38","5522.11","4.84"
2022,2023,"SWKE0208","SWKB0850","436.86","6.83","0.00","0.00","272.46","4.26","111.75","1.75","0.00","0.00","0.00","0.00","1795.38","28.05","30.00","0.47","1019.46","15.93","0.00","0.00","919.44","14.37","2403.71","0.97","5063.13","2.04","2800.57","1.13","1360.06","0.55"
2022,2023,"SWKE0329","SWKB0851","1132.53","5.17","0.00","0.00","2628.80","12.00","808.97","3.69","0.00","0.00","0.00","0.00","0.00","0.00","90.00","0.41","3409.78","15.57","0.00","0.00","2241.03","10.23","67056.41","7.86","57695.83","6.77","7120.45","0.84","2827.45","0.33"
2022,2023,"SWKE0088","SWKB0852","3072.70","25.61","0.00","0.00","1691.50","14.10","1095.30","9.13","0.00","0.00","0.00","0.00","20845.60","173.71","100.00","0.83","3389.90","28.25","0.00","0.00","1546.70","12.89","12142.16","4.46","2955.56","1.09","1191.99","0.44","892.70","0.33"
2022,2023,"SWKE0055","SWKB0853","877.30","10.44","0.00","0.00","1470.06","17.50","819.40","9.75","0.00","0.00","0.00","0.00","0.00","0.00","60.00","0.71","2223.02","26.46","0.00","0.00","1545.40","18.40","5144.63","16.13","5435.78","17.04","597.19","1.87","785.89","2.46"
2022,2023,"SWKE0109","SWKB0854","1045.86","10.25","0.00","0.00","1524.39","14.95","1132.86","11.11","0.00","0.00","0.00","0.00","0.00","0.00","60.00","0.59","2549.64","25.00","100.05","0.98","3542.37","34.73","28993.09","7.77","13027.12","3.49","5731.74","1.54","8768.26","2.35"
2022,2023,"SWKE0035","SWKB0855","805.36","10.07","0.00","0.00","1457.95","18.22","496.80","6.21","0.00","0.00","0.00","0.00","0.00","0.00","50.00","0.63","1878.38","23.48","331.12","4.14","2076.20","25.95","1944.04","6.19","2931.60","9.34","240.91","0.77","1428.83","4.55"
2022,2023,"SWKE0035","SWKB0856","358.17","4.53","0.00","0.00","200.04","2.53","239.43","3.03","0.00","0.00","0.00","0.00","0.00","0.00","30.00","0.38","1033.92","13.09","0.00","0.00","1100.91","13.94","1944.04","6.19","2931.60","9.34","240.91","0.77","1428.83","4.55"
2022,2023,"SWKE0201","SWKB0857","638.51","6.14","0.00","0.00","207.00","1.99","1307.77","12.57","0.00","0.00","1153.63","11.09","0.00","0.00","30.00","0.29","1277.53","12.28","100.63","0.97","1394.43","13.41","36636.71","8.79","15477.74","3.71","7328.70","1.76","4457.84","1.07"
2022,2023,"SWKE0327","SWKB0858","2627.33","11.68","0.00","0.00","4291.23","19.07","3549.91","15.78","0.00","0.00","0.00","0.00","0.00","0.00","210.00","0.93","8495.74","37.76","645.32","2.87","5094.13","22.64","10111.12","12.77","1951.30","2.46","676.95","0.85","290.04","0.37"
2022,2023,"SWKE0198","SWKB0859","1791.49","20.83","0.00","0.00","1848.68","21.50","1745.80","20.30","0.00","0.00","5875.78","68.32","2694.55","31.33","70.00","0.81","2412.50","28.05","232.77","2.71","1646.51","19.15","10806.74","4.00","4473.97","1.65","1968.42","0.73","1238.25","0.46"
2022,2023,"SWKE0087","SWKB0860","999.52","6.06","0.00","0.00","1794.68","10.88","1468.56","8.90","0.00","0.00","0.00","0.00","0.00","0.00","80.00","0.48","3222.66","19.53","157.50","0.95","2011.90","12.19","9590.04","5.73","5415.19","3.23","1480.71","0.88","1213.61","0.72"
2022,2023,"SWKE0277","SWKB0861","4415.13","5.80","0.00","0.00","4477.70","5.88","2102.82","2.76","0.00","0.00","0.00","0.00","0.00","0.00","690.00","0.91","23867.38","31.36","0.00","0.00","13550.35","17.81","0.00","0.00","274.79","0.13","39.83","0.02","28.34","0.01"
2022,2023,"SWKE0277","SWKB0862","3080.38","5.88","0.00","0.00","2932.38","5.60","662.12","1.26","0.00","0.00","0.00","0.00","0.00","0.00","500.00","0.95","17196.12","32.82","0.00","0.00","9948.74","18.99","0.00","0.00","274.79","0.13","39.83","0.02","28.34","0.01"
2022,2023,"SWKE0254","SWKB0863","453.29","8.09","0.00","0.00","262.71","4.69","154.32","2.76","0.00","0.00","0.00","0.00","3136.28","56.01","10.00","0.18","343.32","6.13","32.70","0.58","340.57","6.08","28014.15","5.93","12841.99","2.72","3467.67","0.73","2878.73","0.61"
2022,2023,"SWKE0011","SWKB0864","2051.98","4.57","0.00","0.00","1768.32","3.94","1048.52","2.34","0.00","0.00","0.00","0.00","0.00","0.00","290.00","0.65","9813.31","21.86","0.00","0.00","3137.28","6.99","3952.45","3.45","5387.09","4.70","1141.47","1.00","489.61","0.43"
2022,2023,"SWKE0120","SWKB0865","715.66","3.44","0.00","0.00","1351.31","6.50","983.54","4.73","0.00","0.00","0.00","0.00","0.00","0.00","450.00","2.16","2559.16","12.30","0.00","0.00","1339.92","6.44","14622.22","2.98","9062.23","1.85","5281.87","1.08","1329.84","0.27"
2022,2023,"SWKE0113","SWKB0866","1568.61","4.93","0.00","0.00","3217.73","10.12","759.84","2.39","0.00","0.00","0.00","0.00","0.00","0.00","140.00","0.44","5353.63","16.84","449.04","1.41","3433.95","10.80","9091.91","4.49","5982.86","2.95","2399.88","1.18","1941.64","0.96"
2022,2023,"SWKE0190","SWKB0867","1068.11","9.54","0.00","0.00","4349.55","38.84","265.55","2.37","0.00","0.00","0.00","0.00","0.00","0.00","60.00","0.54","2048.25","18.29","0.00","0.00","1788.13","15.97","4183.66","10.81","2021.91","5.22","396.61","1.02","1162.19","3.00"
2022,2023,"SWKE0190","SWKB0868","1145.74","8.81","0.00","0.00","2069.85","15.92","530.68","4.08","0.00","0.00","0.00","0.00","0.00","0.00","90.00","0.69","3176.54","24.43","0.00","0.00","2616.01","20.12","4183.66","10.81","2021.91","5.22","396.61","1.02","1162.19","3.00"
2022,2023,"SWKE0190","SWKB0869","727.79","5.02","0.00","0.00","460.75","3.18","236.16","1.63","0.00","0.00","0.00","0.00","0.00","0.00","70.00","0.48","2398.54","16.54","0.00","0.00","1711.50","11.80","4183.66","10.81","2021.91","5.22","396.61","1.02","1162.19","3.00"
2022,2023,"SWKE0122","SWKB0870","66.26","3.90","0.00","0.00","0.00","0.00","0.00","0.00","0.00","0.00","0.00","0.00","0.00","0.00","10.00","0.59","0.00","0.00","0.00","0.00","0.00","0.00","20294.21","25.02","4938.76","6.09","614.23","0.76","5108.91","6.30"
2022,2023,"SWKE0198","SWKB0871","1127.53","10.16","0.00","0.00","1116.90","10.06","479.55","4.32","0.00","0.00","2302.14","20.74","2527.26","22.77","60.00","0.54","2046.93","18.44","137.70","1.24","1549.56","13.96","10806.74","4.00","4473.97","1.65","1968.42","0.73","1238.25","0.46"
2022,2023,"SWKE0120","SWKB0872","569.41","3.87","0.00","0.00","477.72","3.25","1270.55","8.64","0.00","0.00","0.00","0.00","0.00","0.00","430.00","2.93","1950.92","13.27","0.00","0.00","1329.31","9.04","14622.22","2.98","9062.23","1.85","5281.87","1.08","1329.84","0.27"
2022,2023,"SWKE0310","SWKB0873","383.54","2.88","0.00","0.00","111.91","0.84","307.55","2.31","0.00","0.00","0.00","0.00","0.00","0.00","40.00","0.30","1371.10","10.31","119.44","0.90","1235.33","9.29","2706.91","4.79","88.40","0.16","328.58","0.58","949.71","1.68"
2022,2023,"SWKE0248","SWKB0874","1129.55","7.84","0.00","0.00","3223.18","22.38","57.33","0.40","0.00","0.00","0.00","0.00","0.00","0.00","100.00","0.69","3514.03","24.40","0.00","0.00","2555.48","17.75","5528.05","3.65","4264.51","2.81","2492.04","1.64","260.49","0.17"
2022,2023,"SWKE0177","SWKB0875","1197.81","5.28","0.00","0.00","490.04","2.16","805.42","3.55","0.00","0.00","0.00","0.00","0.00","0.00","110.00","0.48","3776.82","16.64","177.44","0.78","2861.77","12.61","13790.80","7.27","1405.18","0.74","2090.00","1.10","3877.80","2.04"
2022,2023,"SWKE0259","SWKB0876","1940.53","8.36","0.00","0.00","3334.49","14.37","3199.15","13.79","0.00","0.00","2935.47","12.65","0.00","0.00","100.00","0.43","4188.07","18.05","381.04","1.64","3296.78","14.21","7056.09","2.49","10017.05","3.54","3543.05","1.25","651.89","0.23"
2022,2023,"SWKE0113","SWKB0877","434.16","5.57","0.00","0.00","1315.34","16.86","119.67","1.53","0.00","0.00","893.81","11.46","0.00","0.00","20.00","0.26","849.88","10.90","65.41","0.84","663.33","8.50","9091.91","4.49","5982.86","2.95","2399.88","1.18","1941.64","0.96"
2022,2023,"SWKE0113","SWKB0878","539.00","6.42","0.00","0.00","947.41","11.28","174.93","2.08","0.00","0.00","1297.29","15.44","0.00","0.00","30.00","0.36","1272.11","15.14","88.77","1.06","974.92","11.61","9091.91","4.49","5982.86","2.95","2399.88","1.18","1941.64","0.96"
2022,2023,"SWKE0290","SWKB0879","1880.95","6.86","0.00","0.00","3828.50","13.97","1279.50","4.67","0.00","0.00","2327.17","8.49","0.00","0.00","120.00","0.44","5038.97","18.39","396.46","1.45","2973.03","10.85","6743.02","5.66","4905.29","4.12","700.05","0.59","382.49","0.32"
2022,2023,"SWKE0166","SWKB0880","1576.70","13.14","0.00","0.00","2390.90","19.92","616.20","5.14","0.00","0.00","1181.00","9.84","0.00","0.00","100.00","0.83","4222.30","35.19","0.00","0.00","3679.50","30.66","9495.18","14.86","2180.27","3.41","503.11","0.79","261.21","0.41"
2022,2023,"SWKE0177","SWKB0881","2287.67","4.19","0.00","0.00","3031.44","5.55","3797.07","6.95","0.00","0.00","3642.40","6.67","0.00","0.00","330.00","0.60","4851.21","8.89","287.46","0.53","3250.50","5.95","13790.80","7.27","1405.18","0.74","2090.00","1.10","3877.80","2.04"
2022,2023,"SWKE0192","SWKB0882","173.95","4.35","0.00","0.00","31.37","0.78","0.00","0.00","0.00","0.00","0.00","0.00","1145.86","28.65","10.00","0.25","344.64","8.62","0.00","0.00","0.00","0.00","4042.15","2.40","1352.88","0.80","1512.56","0.90","1799.51","1.07"
2022,2023,"SWKE0041","SWKB0883","768.73","13.49","0.00","0.00","131.54","2.31","284.74","5.00","0.00","0.00","0.00","0.00","5351.24","93.88","30.00","0.53","1025.63","17.99","0.00","0.00","202.63","3.55","66294.63","5.02","43369.16","3.28","23493.13","1.78","6607.17","0.50"
2022,2023,"SWKE0041","SWKB0884","860.47","9.06","0.00","0.00","378.86","3.99","294.91","3.10","0.00","0.00","0.00","0.00","6015.38","63.32","30.00","0.32","1025.63","10.80","0.00","0.00","198.25","2.09","66294.63","5.02","43369.16","3.28","23493.13","1.78","6607.17","0.50"
2022,2023,"SWKE0201","SWKB0885","2524.31","9.94","0.00","0.00","3483.94","13.72","363.86","1.43","0.00","0.00","3105.30","12.23","0.00","0.00","150.00","0.59","6393.07","25.17","564.44","2.22","6565.45","25.85","36636.71","8.79","15477.74","3.71","7328.70","1.76","4457.84","1.07"
2022,2023,"SWKE0191","SWKB0886","5096.38","10.89","0.00","0.00","5952.08","12.72","5164.24","11.03","0.00","0.00","3241.50","6.93","0.00","0.00","380.00","0.81","15688.96","33.52","0.00","0.00","6355.68","13.58","5405.74","11.55","6112.00","13.06","1809.36","3.87","1235.12","2.64"
2022,2023,"SWKE0114","SWKB0887","2688.95","13.12","0.00","0.00","1481.59","7.23","1580.30","7.71","0.00","0.00","1228.10","5.99","0.00","0.00","90.00","0.44","3082.17","15.03","14439.26","70.44","3094.72","15.10","3773.94","4.91","4132.29","5.37","626.66","0.81","1842.66","2.40"
2022,2023,"SWKE0113","SWKB0888","1975.12","25.32","0.00","0.00","5210.52","66.80","1129.76","14.48","0.00","0.00","1979.14","25.37","0.00","0.00","40.00","0.51","1824.33","23.39","7391.39","94.76","1257.78","16.13","9091.91","4.49","5982.86","2.95","2399.88","1.18","1941.64","0.96"
2022,2023,"SWKE0113","SWKB0889","2543.24","29.92","0.00","0.00","976.01","11.48","1712.93","20.15","0.00","0.00","5244.14","61.70","0.00","0.00","70.00","0.82","2977.29","35.03","10969.05","129.05","2016.39","23.72","9091.91","4.49","5982.86","2.95","2399.88","1.18","1941.64","0.96"
2022,2023,"SWKE0129","SWKB0890","1165.59","5.83","0.00","0.00","986.22","4.93","1353.41","6.77","0.00","0.00","2389.39","11.95","0.00","0.00","70.00","0.35","2729.80","13.65","209.31","1.05","2124.51","10.62","33233.44","5.71","15254.16","2.62","6285.16","1.08","4205.47","0.72"
2022,2023,"SWKE0193","SWKB0891","1207.71","15.10","0.00","0.00","1813.14","22.66","1569.78","19.62","0.00","0.00","1153.17","14.41","0.00","0.00","80.00","1.00","3101.76","38.77","439.74","5.50","2606.76","32.58","1054.80","13.19","0.00","0.00","337.77","4.22","0.00","0.00"
2022,2023,"SWKE0347","SWKB0892","131.18","4.23","0.00","0.00","44.17","1.42","160.73","5.18","0.00","0.00","0.00","0.00","0.00","0.00","10.00","0.32","344.64","11.12","31.65","1.02","665.45","21.47","75.52","0.69","61.32","0.56","6.51","0.06","0.00","0.00"
2022,2023,"SWKE0347","SWKB0893","159.21","5.14","0.00","0.00","142.03","4.58","113.12","3.65","0.00","0.00","0.00","0.00","0.00","0.00","10.00","0.32","422.23","13.62","37.98","1.23","798.55","25.76","75.52","0.69","61.32","0.56","6.51","0.06","0.00","0.00"
2022,2023,"SWKE0122","SWKB0894","113.60","3.16","0.00","0.00","0.00","0.00","0.00","0.00","0.00","0.00","0.00","0.00","0.00","0.00","20.00","0.56","0.00","0.00","0.00","0.00","0.00","0.00","20294.21","25.02","4938.76","6.09","614.23","0.76","5108.91","6.30"
2022,2023,"SWKE0122","SWKB0895","47.34","4.73","0.00","0.00","0.00","0.00","0.00","0.00","0.00","0.00","0.00","0.00","0.00","0.00","10.00","1.00","0.00","0.00","0.00","0.00","0.00","0.00","20294.21","25.02","4938.76","6.09","614.23","0.76","5108.91","6.30"
2022,2023,"SWKE0329","SWKB0896","621.98","6.91","0.00","0.00","1546.17","17.18","0.00","0.00","0.00","0.00","0.00","0.00","0.00","0.00","50.00","0.56","1961.39","21.79","111.78","1.24","1376.63","15.30","67056.41","7.86","57695.83","6.77","7120.45","0.84","2827.45","0.33"
2022,2023,"SWKE0194","SWKB0897","111.60","5.58","0.00","0.00","567.74","28.39","0.00","0.00","0.00","0.00","0.00","0.00","0.00","0.00","10.00","0.50","344.64","17.23","0.00","0.00","18.75","0.94","143.72","1.92","0.00","0.00","41.11","0.55","0.00","0.00"
2022,2023,"SWKE0195","SWKB0898","0.00","0.00","0.00","0.00","11654.49","46.62","6123.69","24.49","0.00","0.00","3835.23","15.34","0.00","0.00","210.00","0.84","8827.18","35.31","870.50","3.48","7702.54","30.81","0.00","0.00","4267.98","17.07","2161.46","8.65","0.00","0.00"
2022,2023,"SWKE0196","SWKB0899","303.22","4.81","0.00","0.00","600.66","9.53","123.76","1.96","0.00","0.00","0.00","0.00","0.00","0.00","10.00","0.16","427.65","6.79","1054.59","16.74","390.85","6.20","299.36","4.75","91.27","1.45","35.66","0.57","8.40","0.13"
2022,2023,"SWKE0105","SWKB0900","71.55","5.11","0.00","0.00","0.00","0.00","0.00","0.00","0.00","0.00","0.00","0.00","0.00","0.00","10.00","0.71","0.00","0.00","0.00","0.00","0.00","0.00","33935.52","29.74","17358.14","15.21","7283.26","6.38","5522.11","4.84"
2022,2023,"SWKE0105","SWKB0901","214.68","10.22","0.00","0.00","0.00","0.00","0.00","0.00","0.00","0.00","0.00","0.00","0.00","0.00","30.00","1.43","0.00","0.00","0.00","0.00","0.00","0.00","33935.52","29.74","17358.14","15.21","7283.26","6.38","5522.11","4.84"
2022,2023,"SWKE0105","SWKB0902","204.43","10.22","0.00","0.00","0.00","0.00","0.00","0.00","0.00","0.00","0.00","0.00","0.00","0.00","30.00","1.50","0.00","0.00","0.00","0.00","0.00","0.00","33935.52","29.74","17358.14","15.21","7283.26","6.38","5522.11","4.84"
2022,2023,"SWKE0105","SWKB0903","71.56","3.41","0.00","0.00","0.00","0.00","0.00","0.00","0.00","0.00","0.00","0.00","0.00","0.00","10.00","0.48","0.00","0.00","0.00","0.00","0.00","0.00","33935.52","29.74","17358.14","15.21","7283.26","6.38","5522.11","4.84"
2022,2023,"SWKE0105","SWKB0904","286.28","10.22","0.00","0.00","0.00","0.00","0.00","0.00","0.00","0.00","0.00","0.00","0.00","0.00","40.00","1.43","0.00","0.00","0.00","0.00","0.00","0.00","33935.52","29.74","17358.14","15.21","7283.26","6.38","5522.11","4.84"
2022,2023,"SWKE0105","SWKB0905","143.12","4.09","0.00","0.00","0.00","0.00","0.00","0.00","0.00","0.00","0.00","0.00","0.00","0.00","20.00","0.57","0.00","0.00","0.00","0.00","0.00","0.00","33935.52","29.74","17358.14","15.21","7283.26","6.38","5522.11","4.84"
2022,2023,"SWKE0105","SWKB0906","71.56","3.41","0.00","0.00","0.00","0.00","0.00","0.00","0.00","0.00","0.00","0.00","0.00","0.00","10.00","0.48","0.00","0.00","0.00","0.00","0.00","0.00","33935.52","29.74","17358.14","15.21","7283.26","6.38","5522.11","4.84"
2022,2023,"SWKE0105","SWKB0909","214.68","10.22","0.00","0.00","0.00","0.00","0.00","0.00","0.00","0.00","0.00","0.00","0.00","0.00","20.00","0.95","0.00","0.00","0.00","0.00","0.00","0.00","33935.52","29.74","17358.14","15.21","7283.26","6.38","5522.11","4.84"
2022,2023,"SWKE0105","SWKB0910","143.12","6.82","0.00","0.00","0.00","0.00","0.00","0.00","0.00","0.00","0.00","0.00","0.00","0.00","10.00","0.48","0.00","0.00","0.00","0.00","0.00","0.00","33935.52","29.74","17358.14","15.21","7283.26","6.38","5522.11","4.84"
2022,2023,"SWKE0105","SWKB0913","273.09","27.31","0.00","0.00","1602.05","160.21","253.51","25.35","0.00","0.00","0.00","0.00","0.00","0.00","10.00","1.00","344.64","34.46","19.63","1.96","0.00","0.00","33935.52","29.74","17358.14","15.21","7283.26","6.38","5522.11","4.84"
2022,2023,"SWKE0105","SWKB0914","664.83","14.77","0.00","0.00","2717.19","60.38","932.70","20.73","0.00","0.00","0.00","0.00","0.00","0.00","30.00","0.67","1033.92","22.98","0.00","0.00","431.10","9.58","33935.52","29.74","17358.14","15.21","7283.26","6.38","5522.11","4.84"
2022,2023,"SWKE0340","SWKB0915","777.93","4.37","0.00","0.00","1001.82","5.63","269.01","1.51","0.00","0.00","0.00","0.00","4097.76","23.02","30.00","0.17","1033.92","5.81","72.00","0.40","684.42","3.85","10799.97","3.41","2194.90","0.69","856.94","0.27","928.95","0.29"
2022,2023,"SWKE0197","SWKB0916","794.88","9.46","0.00","0.00","2089.80","24.88","1106.40","13.17","0.00","0.00","0.00","0.00","0.00","0.00","60.00","0.71","2059.92","24.52","0.00","0.00","1327.86","15.81","1077.78","12.83","145.98","1.74","140.76","1.68","0.00","0.00"
2022,2023,"SWKE0198","SWKB0917","460.63","7.43","0.00","0.00","1306.96","21.08","140.75","2.27","0.00","0.00","0.00","0.00","0.00","0.00","40.00","0.65","1694.34","27.33","0.00","0.00","749.46","12.09","10806.74","4.00","4473.97","1.65","1968.42","0.73","1238.25","0.46"
2022,2023,"SWKE0198","SWKB0918","255.00","4.11","0.00","0.00","865.52","13.96","73.19","1.18","0.00","0.00","0.00","0.00","0.00","0.00","20.00","0.32","849.88","13.71","0.00","0.00","389.72","6.29","10806.74","4.00","4473.97","1.65","1968.42","0.73","1238.25","0.46"
2022,2023,"SWKE0198","SWKB0919","206.98","3.34","0.00","0.00","454.82","7.34","67.56","1.09","0.00","0.00","0.00","0.00","0.00","0.00","20.00","0.32","844.46","13.62","0.00","0.00","359.74","5.80","10806.74","4.00","4473.97","1.65","1968.42","0.73","1238.25","0.46"
2022,2023,"SWKE0198","SWKB0920","169.44","2.73","0.00","0.00","21.34","0.34","125.82","2.03","0.00","0.00","0.00","0.00","0.00","0.00","20.00","0.32","844.46","13.62","0.00","0.00","359.74","5.80","10806.74","4.00","4473.97","1.65","1968.42","0.73","1238.25","0.46"
2022,2023,"SWKE0198","SWKB0921","85.81","1.41","0.00","0.00","35.02","0.57","46.79","0.77","0.00","0.00","0.00","0.00","0.00","0.00","10.00","0.16","422.23","6.92","0.00","0.00","182.54","2.99","10806.74","4.00","4473.97","1.65","1968.42","0.73","1238.25","0.46"
2022,2023,"SWKE0100","SWKB0922","1320.25","6.14","0.00","0.00","1002.58","4.66","716.09","3.33","0.00","0.00","1867.13","8.68","0.00","0.00","120.00","0.56","5006.03","23.28","0.00","0.00","2246.52","10.45","3943.26","1.58","15133.29","6.06","3262.17","1.31","2132.32","0.85"
2022,2023,"SWKE0084","SWKB0923","4792.18","10.05","0.00","0.00","5392.00","11.30","3711.20","7.78","0.00","0.00","4029.08","8.45","22573.32","47.32","330.00","0.69","5600.86","11.74","449.74","0.94","3830.64","8.03","9947.29","3.00","6767.48","2.04","5024.55","1.52","1002.80","0.30"
2022,2023,"SWKE0111","SWKB0924","0.00","0.00","0.00","0.00","0.00","0.00","89.74","2.56","0.00","0.00","0.00","0.00","0.00","0.00","20.00","0.57","766.87","21.91","39.25","1.12","564.80","16.14","0.00","0.00","6114.08","2.85","2844.13","1.32","77.17","0.04"
2022,2023,"SWKE0111","SWKB0925","0.00","0.00","0.00","0.00","989.63","9.70","416.67","4.09","0.00","0.00","0.00","0.00","11576.99","113.50","50.00","0.49","2450.97","24.03","75.48","0.74","2050.09","20.10","0.00","0.00","6114.08","2.85","2844.13","1.32","77.17","0.04"
2022,2023,"SWKE0274","SWKB0926","902.70","30.09","0.00","0.00","0.00","0.00","649.44","21.65","0.00","0.00","0.00","0.00","5681.49","189.38","30.00","1.00","1033.92","34.46","51.00","1.70","1100.58","36.69","4758.09","3.55","2896.30","2.16","1515.54","1.13","462.79","0.35"
2022,2023,"SWKE0274","SWKB0927","995.58","33.19","0.00","0.00","328.71","10.96","697.53","23.25","0.00","0.00","0.00","0.00","6241.80","208.06","30.00","1.00","1033.92","34.46","42.51","1.42","1100.58","36.69","4758.09","3.55","2896.30","2.16","1515.54","1.13","462.79","0.35"
2022,2023,"SWKE0274","SWKB0928","561.16","18.71","0.00","0.00","347.72","11.59","364.04","12.13","0.00","0.00","0.00","0.00","3136.34","104.54","20.00","0.67","689.28","22.98","0.00","0.00","733.72","24.46","4758.09","3.55","2896.30","2.16","1515.54","1.13","462.79","0.35"
2022,2023,"SWKE0274","SWKB0929","282.61","9.42","0.00","0.00","49.41","1.65","179.30","5.98","0.00","0.00","0.00","0.00","1608.84","53.63","10.00","0.33","344.64","11.49","106.79","3.56","366.86","12.23","4758.09","3.55","2896.30","2.16","1515.54","1.13","462.79","0.35"
2022,2023,"SWKE0274","SWKB0930","1061.79","35.39","0.00","0.00","637.53","21.25","585.84","19.53","0.00","0.00","0.00","0.00","6749.37","224.98","30.00","1.00","1033.92","34.46","0.00","0.00","1100.58","36.69","4758.09","3.55","2896.30","2.16","1515.54","1.13","462.79","0.35"
2022,2023,"SWKE0274","SWKB0931","277.55","39.65","0.00","0.00","0.00","0.00","0.00","0.00","0.00","0.00","0.00","0.00","2121.72","303.10","10.00","1.43","343.32","49.05","0.00","0.00","72.25","10.32","4758.09","3.55","2896.30","2.16","1515.54","1.13","462.79","0.35"
2022,2023,"SWKE0268","SWKB0932","1573.36","14.57","0.00","0.00","532.82","4.93","796.46","7.37","0.00","0.00","0.00","0.00","8533.59","79.01","40.00","0.37","1475.92","13.67","363.79","3.37","826.15","7.65","8828.25","5.68","3319.91","2.14","1881.60","1.21","21548.45","13.88"
2022,2023,"SWKE0198","SWKB0933","640.86","8.01","0.00","0.00","57.24","0.72","38.73","0.48","0.00","0.00","0.00","0.00","1786.94","22.34","50.00","0.63","1700.54","21.26","416.89","5.21","1702.61","21.28","10806.74","4.00","4473.97","1.65","1968.42","0.73","1238.25","0.46"
2022,2023,"SWKE0198","SWKB0934","410.42","9.77","0.00","0.00","36.42","0.87","0.00","0.00","0.00","0.00","0.00","0.00","1256.04","29.91","30.00","0.71","1029.96","24.52","119.91","2.86","1061.28","25.27","10806.74","4.00","4473.97","1.65","1968.42","0.73","1238.25","0.46"
2022,2023,"SWKE0199","SWKB0935","95.32","4.33","0.00","0.00","35.65","1.62","0.00","0.00","0.00","0.00","0.00","0.00","0.00","0.00","10.00","0.45","339.82","15.45","0.00","0.00","0.00","0.00","0.00","0.00","577.75","26.26","0.00","0.00","0.00","0.00"
2022,2023,"SWKE0033","SWKB0936","447.00","4.61","0.00","0.00","104.78","1.08","408.24","4.21","0.00","0.00","0.00","0.00","0.00","0.00","40.00","0.41","1367.26","14.10","126.10","1.30","1508.68","15.55","8881.31","4.52","3400.90","1.73","2480.48","1.26","1457.53","0.74"
2022,2023,"SWKE0201","SWKB0937","887.28","4.46","0.00","0.00","381.30","1.92","119.34","0.60","0.00","0.00","1689.15","8.49","0.00","0.00","60.00","0.30","2549.64","12.81","266.58","1.34","2025.99","10.18","36636.71","8.79","15477.74","3.71","7328.70","1.76","4457.84","1.07"
2022,2023,"SWKE0129","SWKB0938","2533.71","12.48","0.00","0.00","572.52","2.82","1008.28","4.97","0.00","0.00","0.00","0.00","0.00","0.00","130.00","0.64","4969.14","24.48","11297.91","55.65","3250.52","16.01","33233.44","5.71","15254.16","2.62","6285.16","1.08","4205.47","0.72"
2022,2023,"SWKE0202","SWKB0939","1273.18","4.42","0.00","0.00","1945.17","6.75","323.09","1.12","0.00","0.00","0.00","0.00","0.00","0.00","130.00","0.45","4563.65","15.85","0.00","0.00","3198.13","11.10","2410.72","3.22","1593.67","2.13","496.08","0.66","1586.91","2.12"
2022,2023,"SWKE0202","SWKB0940","2074.67","4.51","0.00","0.00","8347.98","18.15","373.96","0.81","0.00","0.00","0.00","0.00","0.00","0.00","160.00","0.35","5694.46","12.38","0.00","0.00","2944.53","6.40","2410.72","3.22","1593.67","2.13","496.08","0.66","1586.91","2.12"
2022,2023,"SWKE0203","SWKB0941","191.59","9.12","0.00","0.00","542.12","25.82","216.00","10.29","0.00","0.00","0.00","0.00","0.00","0.00","30.00","1.43","1111.51","52.93","0.00","0.00","0.00","0.00","0.00","0.00","0.00","0.00","46.27","2.20","0.00","0.00"
2022,2023,"SWKE0041","SWKB0942","3755.89","19.16","0.00","0.00","2245.29","11.46","3294.88","16.81","0.00","0.00","0.00","0.00","20460.32","104.39","120.00","0.61","4105.27","20.95","196.24","1.00","4628.82","23.62","66294.63","5.02","43369.16","3.28","23493.13","1.78","6607.17","0.50"
2022,2023,"SWKE0011","SWKB0943","625.31","3.93","0.00","0.00","849.01","5.34","303.51","1.91","0.00","0.00","986.90","6.21","0.00","0.00","50.00","0.31","2050.76","12.90","0.00","0.00","1021.21","6.42","3952.45","3.45","5387.09","4.70","1141.47","1.00","489.61","0.43"
2022,2023,"SWKE0045","SWKB0944","1408.16","11.73","0.00","0.00","1592.32","13.27","746.08","6.22","0.00","0.00","0.00","0.00","7137.76","59.48","40.00","0.33","1378.56","11.49","0.00","0.00","1903.92","15.87","21208.02","7.64","7811.54","2.81","2210.07","0.80","2040.28","0.73"
2022,2023,"SWKE0045","SWKB0945","2844.82","19.09","0.00","0.00","708.81","4.76","1042.58","7.00","0.00","0.00","0.00","0.00","16185.87","108.63","90.00","0.60","3495.13","23.46","0.00","0.00","3642.84","24.45","21208.02","7.64","7811.54","2.81","2210.07","0.80","2040.28","0.73"
2022,2023,"SWKE0017","SWKB0946","434.80","5.18","0.00","0.00","272.00","3.24","393.20","4.68","0.00","0.00","0.00","0.00","0.00","0.00","40.00","0.48","1355.96","16.14","130.80","1.56","932.44","11.10","11038.97","5.77","3490.54","1.83","1723.70","0.90","13544.02","7.08"
2022,2023,"SWKE0128","SWKB0947","104.23","2.90","0.00","0.00","192.93","5.36","267.58","7.43","0.00","0.00","0.00","0.00","0.00","0.00","10.00","0.28","339.82","9.44","0.00","0.00","125.51","3.49","2797.23","1.85","3516.92","2.33","1028.32","0.68","1469.94","0.97"
2022,2023,"SWKE0084","SWKB0948","1118.39","5.33","0.00","0.00","1912.49","9.11","1000.15","4.76","0.00","0.00","1657.36","7.89","0.00","0.00","70.00","0.33","2585.20","12.31","0.00","0.00","2860.89","13.62","9947.29","3.00","6767.48","2.04","5024.55","1.52","1002.80","0.30"
2022,2023,"SWKE0084","SWKB0949","5321.86","11.16","0.00","0.00","5937.45","12.45","4479.61","9.39","0.00","0.00","2898.47","6.08","25375.63","53.20","530.00","1.11","6189.45","12.98","505.95","1.06","5205.00","10.91","9947.29","3.00","6767.48","2.04","5024.55","1.52","1002.80","0.30"
2022,2023,"SWKE0204","SWKB0950","1209.60","10.08","0.00","0.00","1907.46","15.90","1146.87","9.56","0.00","0.00","0.00","0.00","0.00","0.00","90.00","0.75","3800.07","31.67","0.00","0.00","4039.02","33.66","1737.37","9.65","0.00","0.00","0.00","0.00","0.00","0.00"
2022,2023,"SWKE0129","SWKB0951","1000.38","4.02","0.00","0.00","1168.13","4.69","643.39","2.58","0.00","0.00","987.28","3.96","0.00","0.00","80.00","0.32","3321.93","13.34","0.00","0.00","1507.28","6.05","33233.44","5.71","15254.16","2.62","6285.16","1.08","4205.47","0.72"
2022,2023,"SWKE0082","SWKB0952","1600.12","5.78","0.00","0.00","5237.48","18.91","1556.92","5.62","0.00","0.00","1358.12","4.90","0.00","0.00","100.00","0.36","3412.87","12.32","333.37","1.20","1288.35","4.65","13658.39","7.08","5272.73","2.73","3668.66","1.90","2674.92","1.39"
2022,2023,"SWKE0232","SWKB0953","944.20","5.10","0.00","0.00","1484.82","8.03","321.75","1.74","0.00","0.00","0.00","0.00","0.00","0.00","90.00","0.49","3733.32","20.18","0.00","0.00","2060.94","11.14","4029.53","6.21","2610.05","4.02","401.60","0.62","21.39","0.03"
2022,2023,"SWKE0255","SWKB0954","1158.13","7.38","0.00","0.00","908.23","5.78","220.94","1.41","0.00","0.00","0.00","0.00","0.00","0.00","90.00","0.57","3667.51","23.36","0.00","0.00","3633.62","23.14","8620.80","9.69","4451.99","5.00","542.09","0.61","887.86","1.00"
2022,2023,"SWKE0286","SWKB0955","1970.44","6.59","0.00","0.00","3434.34","11.49","898.62","3.01","0.00","0.00","2144.26","7.17","0.00","0.00","510.00","1.71","5178.63","17.32","420.84","1.41","5118.10","17.12","7392.35","4.18","3663.39","2.07","3063.13","1.73","598.47","0.34"
2022,2023,"SWKE0129","SWKB0956","2452.36","8.89","0.00","0.00","3206.17","11.62","2751.22","9.97","0.00","0.00","2122.63","7.69","0.00","0.00","220.00","0.80","7910.55","28.66","0.00","0.00","3255.55","11.80","33233.44","5.71","15254.16","2.62","6285.16","1.08","4205.47","0.72"
2022,2023,"SWKE0269","SWKB0957","284.30","6.32","0.00","0.00","247.70","5.50","128.04","2.85","0.00","0.00","0.00","0.00","1514.09","33.65","10.00","0.22","344.64","7.66","0.00","0.00","340.07","7.56","9084.30","4.93","2336.64","1.27","559.69","0.30","311.44","0.17"
2022,2023,"SWKE0269","SWKB0958","525.84","14.61","0.00","0.00","452.80","12.58","404.20","11.23","0.00","0.00","0.00","0.00","0.00","0.00","40.00","1.11","1688.92","46.91","130.84","3.63","1293.28","35.92","9084.30","4.93","2336.64","1.27","559.69","0.30","311.44","0.17"
2022,2023,"SWKE0269","SWKB0959","1078.95","8.99","0.00","0.00","3138.10","26.15","506.80","4.22","0.00","0.00","0.00","0.00","2481.80","20.68","50.00","0.42","1723.20","14.36","0.00","0.00","1597.70","13.31","9084.30","4.93","2336.64","1.27","559.69","0.30","311.44","0.17"
2022,2023,"SWKE0129","SWKB0960","266.68","2.72","0.00","0.00","440.60","4.50","174.90","1.78","0.00","0.00","0.00","0.00","0.00","0.00","20.00","0.20","686.64","7.01","0.00","0.00","712.54","7.27","33233.44","5.71","15254.16","2.62","6285.16","1.08","4205.47","0.72"
2022,2023,"SWKE0100","SWKB0961","938.24","5.33","0.00","0.00","996.91","5.66","575.35","3.27","0.00","0.00","1311.69","7.45","0.00","0.00","70.00","0.40","2490.07","14.15","77.25","0.44","2781.22","15.80","3943.26","1.58","15133.29","6.06","3262.17","1.31","2132.32","0.85"
2022,2023,"SWKE0206","SWKB0962","3315.17","10.43","0.00","0.00","4244.90","13.35","1538.58","4.84","0.00","0.00","3705.73","11.65","0.00","0.00","250.00","0.79","9193.84","28.91","753.38","2.37","8177.46","25.72","3822.84","8.07","3331.97","7.03","89.34","0.19","177.68","0.37"
2022,2023,"SWKE0006","SWKB0963","1917.23","7.52","0.00","0.00","713.46","2.80","1538.16","6.03","0.00","0.00","1622.90","6.36","0.00","0.00","160.00","0.63","6600.50","25.88","532.98","2.09","4681.68","18.36","4390.38","5.92","2677.50","3.61","532.93","0.72","1655.37","2.23"
2022,2023,"SWKE0021","SWKB0964","3203.75","13.35","0.00","0.00","1547.72","6.45","1287.81","5.37","0.00","0.00","0.00","0.00","19884.07","82.85","90.00","0.38","3684.03","15.35","0.00","0.00","3270.68","13.63","11477.97","0.96","6872.37","0.57","2775.59","0.23","5106.47","0.43"
2022,2023,"SWKE0021","SWKB0965","2411.38","11.76","0.00","0.00","2131.48","10.40","1134.49","5.53","0.00","0.00","0.00","0.00","14489.83","70.68","70.00","0.34","2570.84","12.54","0.00","0.00","2129.79","10.39","11477.97","0.96","6872.37","0.57","2775.59","0.23","5106.47","0.43"
2022,2023,"SWKE0021","SWKB0966","1513.56","7.72","0.00","0.00","1054.90","5.38","421.07","2.15","0.00","0.00","0.00","0.00","9111.23","46.49","50.00","0.26","1721.83","8.78","0.00","0.00","1763.15","9.00","11477.97","0.96","6872.37","0.57","2775.59","0.23","5106.47","0.43"
2022,2023,"SWKE0021","SWKB0967","944.99","2.15","0.00","0.00","622.31","1.42","573.29","1.31","0.00","0.00","0.00","0.00","5674.86","12.93","30.00","0.07","1034.59","2.36","0.00","0.00","895.09","2.04","11477.97","0.96","6872.37","0.57","2775.59","0.23","5106.47","0.43"
2022,2023,"SWKE0343","SWKB0968","590.79","7.88","0.00","0.00","839.46","11.19","830.85","11.08","0.00","0.00","0.00","0.00","0.00","0.00","50.00","0.67","1725.86","23.01","0.00","0.00","1468.33","19.58","2413.80","2.64","4921.06","5.39","580.67","0.64","94.15","0.10"
2022,2023,"SWKE0343","SWKB0969","934.81","3.80","0.00","0.00","1400.88","5.69","851.25","3.46","0.00","0.00","0.00","0.00","0.00","0.00","90.00","0.37","3068.53","12.47","0.00","0.00","2391.71","9.72","2413.80","2.64","4921.06","5.39","580.67","0.64","94.15","0.10"
2022,2023,"SWKE0207","SWKB0970","1481.19","15.11","0.00","0.00","1349.46","13.77","904.65","9.23","0.00","0.00","2249.37","22.95","0.00","0.00","120.00","1.22","4132.39","42.17","0.00","0.00","4547.05","46.40","1525.27","15.56","0.00","0.00","103.66","1.06","0.00","0.00"
2022,2023,"SWKE0041","SWKB0971","7798.76","28.99","0.00","0.00","25137.02","93.45","5065.72","18.83","0.00","0.00","0.00","0.00","32544.70","120.98","180.00","0.67","6136.46","22.81","73.70","0.27","5019.32","18.66","66294.63","5.02","43369.16","3.28","23493.13","1.78","6607.17","0.50"
2022,2023,"SWKE0041","SWKB0972","162.84","5.82","0.00","0.00","7.22","0.26","107.47","3.84","0.00","0.00","0.00","0.00","1035.54","36.98","10.00","0.36","339.82","12.14","0.00","0.00","0.00","0.00","66294.63","5.02","43369.16","3.28","23493.13","1.78","6607.17","0.50"
2022,2023,"SWKE0252","SWKB0973","11492.94","12.17","0.00","0.00","7433.47","7.87","10104.92","10.70","0.00","0.00","4648.86","4.92","53321.87","56.49","390.00","0.41","14267.60","15.11","1380.27","1.46","14597.84","15.46","27945.14","6.69","12050.02","2.89","8416.38","2.02","2690.83","0.64"
2022,2023,"SWKE0063","SWKB0974","2511.87","10.69","0.00","0.00","4531.16","19.28","1369.85","5.83","0.00","0.00","2248.17","9.57","0.00","0.00","200.00","0.85","6809.88","28.98","0.00","0.00","4012.63","17.08","9158.60","8.77","10675.16","10.23","1325.42","1.27","4851.39","4.65"
2022,2023,"SWKE0120","SWKB0975","1715.47","5.82","0.00","0.00","2179.08","7.39","2564.83","8.69","0.00","0.00","0.00","0.00","0.00","0.00","930.00","3.15","5893.53","19.98","0.00","0.00","4452.13","15.09","14622.22","2.98","9062.23","1.85","5281.87","1.08","1329.84","0.27"
2022,2023,"SWKE0209","SWKB0976","1057.59","8.81","0.00","0.00","492.66","4.11","976.32","8.14","0.00","0.00","0.00","0.00","0.00","0.00","80.00","0.67","3800.07","31.67","0.00","0.00","4039.02","33.66","1202.85","10.02","0.00","0.00","65.34","0.54","0.00","0.00"
2022,2023,"SWKE0329","SWKB0977","779.89","6.84","0.00","0.00","719.52","6.31","346.98","3.04","0.00","0.00","371.46","3.26","0.00","0.00","60.00","0.53","2533.38","22.22","86.60","0.76","2221.80","19.49","67056.41","7.86","57695.83","6.77","7120.45","0.84","2827.45","0.33"
2022,2023,"SWKE0030","SWKB0978","12055.02","19.76","0.00","0.00","8632.80","14.15","4428.17","7.26","0.00","0.00","4917.33","8.06","52923.38","86.76","280.00","0.46","9676.82","15.86","15500.14","25.41","13271.91","21.76","13046.37","5.16","12907.80","5.10","2492.06","0.99","3207.96","1.27"
2022,2023,"SWKE0211","SWKB0979","0.00","0.00","0.00","0.00","2126.31","10.63","2654.51","13.27","0.00","0.00","0.00","0.00","0.00","0.00","140.00","0.70","5927.48","29.64","15394.37","76.97","5801.72","29.01","0.00","0.00","472.27","2.36","103.67","0.52","53.49","0.27"
2022,2023,"SWKE0145","SWKB0980","1315.99","5.51","0.00","0.00","2775.86","11.61","1280.70","5.36","0.00","0.00","0.00","0.00","0.00","0.00","120.00","0.50","4844.83","20.27","0.00","0.00","2026.01","8.48","28851.81","5.32","12285.67","2.26","6990.17","1.29","3304.06","0.61"
2022,2023,"SWKE0204","SWKB0981","557.92","9.30","0.00","0.00","806.08","13.43","840.72","14.01","0.00","0.00","0.00","0.00","0.00","0.00","30.00","0.50","1688.92","28.15","0.00","0.00","1708.92","28.48","1737.37","9.65","0.00","0.00","0.00","0.00","0.00","0.00"
2022,2023,"SWKE0198","SWKB0982","2903.79","8.83","0.00","0.00","5511.24","16.75","1512.70","4.60","0.00","0.00","3227.64","9.81","7971.09","24.23","130.00","0.40","4806.48","14.61","477.26","1.45","2728.88","8.29","10806.74","4.00","4473.97","1.65","1968.42","0.73","1238.25","0.46"
2022,2023,"SWKE0100","SWKB0983","585.12","7.50","0.00","0.00","1396.84","17.91","285.56","3.66","0.00","0.00","0.00","0.00","0.00","0.00","40.00","0.51","1688.92","21.65","45.76","0.59","1667.40","21.38","3943.26","1.58","15133.29","6.06","3262.17","1.31","2132.32","0.85"
2022,2023,"SWKE0212","SWKB0984","291.06","6.93","0.00","0.00","486.78","11.59","603.88","14.38","0.00","0.00","0.00","0.00","0.00","0.00","20.00","0.48","689.28","16.41","62.30","1.48","846.80","20.16","179.60","4.28","0.00","0.00","41.92","1.00","0.00","0.00"
2022,2023,"SWKE0213","SWKB0985","1251.62","6.32","0.00","0.00","4495.89","22.71","66.24","0.33","0.00","0.00","0.00","0.00","0.00","0.00","100.00","0.51","3764.36","19.01","0.00","0.00","243.98","1.23","1466.83","3.83","1881.47","4.91","123.23","0.32","474.16","1.24"
2022,2023,"SWKE0214","SWKB0986","308.62","8.57","0.00","0.00","794.84","22.08","154.08","4.28","0.00","0.00","0.00","0.00","0.00","0.00","20.00","0.56","844.46","23.46","65.42","1.82","202.60","5.63","373.66","10.38","641.10","17.81","10.06","0.28","0.00","0.00"
2022,2023,"SWKE0217","SWKB0987","687.77","13.49","0.00","0.00","3872.23","75.93","666.00","13.06","0.00","0.00","0.00","0.00","0.00","0.00","20.00","0.39","861.06","16.88","76.96","1.51","729.10","14.30","9768.12","4.97","4798.38","2.44","1490.04","0.76","1113.40","0.57"
2022,2023,"SWKE0217","SWKB0988","491.48","9.45","0.00","0.00","1054.89","20.29","612.88","11.79","0.00","0.00","0.00","0.00","0.00","0.00","30.00","0.58","1277.53","24.57","100.63","1.94","972.28","18.70","9768.12","4.97","4798.38","2.44","1490.04","0.76","1113.40","0.57"
2022,2023,"SWKE0217","SWKB0989","197.62","4.03","0.00","0.00","707.08","14.43","149.98","3.06","0.00","0.00","0.00","0.00","0.00","0.00","10.00","0.20","427.65","8.73","37.37","0.76","340.30","6.94","9768.12","4.97","4798.38","2.44","1490.04","0.76","1113.40","0.57"
2022,2023,"SWKE0217","SWKB0990","140.79","2.76","0.00","0.00","354.11","6.94","216.34","4.24","0.00","0.00","0.00","0.00","0.00","0.00","10.00","0.20","344.64","6.76","25.66","0.50","243.03","4.77","9768.12","4.97","4798.38","2.44","1490.04","0.76","1113.40","0.57"
2022,2023,"SWKE0205","SWKB0991","1828.25","8.58","0.00","0.00","3292.70","15.46","2074.05","9.74","0.00","0.00","2316.01","10.87","0.00","0.00","90.00","0.42","3756.62","17.64","0.00","0.00","3162.10","14.85","5394.51","9.75","4703.63","8.51","599.78","1.08","95.62","0.17"
2022,2023,"SWKE0198","SWKB0992","555.57","12.35","0.00","0.00","71.79","1.60","20.94","0.47","0.00","0.00","2030.64","45.13","1095.42","24.34","30.00","0.67","1033.92","22.98","98.10","2.18","775.98","17.24","10806.74","4.00","4473.97","1.65","1968.42","0.73","1238.25","0.46"
2022,2023,"SWKE0084","SWKB0993","1892.19","7.25","0.00","0.00","1906.38","7.30","1326.64","5.08","0.00","0.00","1546.29","5.92","5544.91","21.24","120.00","0.46","4066.16","15.58","0.00","0.00","2692.11","10.31","9947.29","3.00","6767.48","2.04","5024.55","1.52","1002.80","0.30"
2022,2023,"SWKE0252","SWKB0994","19962.48","18.50","0.00","0.00","9185.94","8.51","11314.37","10.49","0.00","0.00","8066.93","7.48","92070.17","85.33","1240.00","1.15","24349.08","22.57","15054.57","13.95","24273.01","22.50","27945.14","6.69","12050.02","2.89","8416.38","2.02","2690.83","0.64"
2022,2023,"SWKE0329","SWKB0995","599.44","9.99","0.00","0.00","1113.80","18.56","434.72","7.25","0.00","0.00","0.00","0.00","0.00","0.00","40.00","0.67","1688.92","28.15","0.00","0.00","1744.28","29.07","67056.41","7.86","57695.83","6.77","7120.45","0.84","2827.45","0.33"
2022,2023,"SWKE0329","SWKB0996","522.24","8.70","0.00","0.00","233.96","3.90","376.04","6.27","0.00","0.00","0.00","0.00","0.00","0.00","40.00","0.67","1688.92","28.15","130.80","2.18","1779.64","29.66","67056.41","7.86","57695.83","6.77","7120.45","0.84","2827.45","0.33"
2022,2023,"SWKE0156","SWKB0997","1715.25","4.80","0.00","0.00","2013.55","5.64","1822.30","5.10","0.00","0.00","0.00","0.00","0.00","0.00","120.00","0.34","4841.96","13.56","285.96","0.80","4280.02","11.99","18101.96","8.44","6570.48","3.06","4272.51","1.99","2078.74","0.97"
2022,2023,"SWKE0288","SWKB0998","2992.17","13.24","0.00","0.00","1282.76","5.68","18118.57","80.17","0.00","0.00","2743.70","12.14","0.00","0.00","80.00","0.35","3416.12","15.12","0.00","0.00","2862.12","12.66","36388.87","5.99","15134.54","2.49","3958.58","0.65","5509.76","0.91"
2022,2023,"SWKE0288","SWKB0999","6076.54","18.47","0.00","0.00","2633.38","8.00","36417.99","110.69","0.00","0.00","1978.31","6.01","0.00","0.00","210.00","0.64","8787.87","26.71","0.00","0.00","7187.80","21.85","36388.87","5.99","15134.54","2.49","3958.58","0.65","5509.76","0.91"
2022,2023,"SWKE0219","SWKB1000","474.76","6.09","0.00","0.00","341.10","4.37","26.45","0.34","0.00","0.00","0.00","0.00","0.00","0.00","60.00","0.77","2063.02","26.45","0.00","0.00","386.34","4.95","721.28","9.25","1067.43","13.69","142.10","1.82","0.00","0.00"
2022,2023,"SWKE0041","SWKB1001","1702.76","7.88","0.00","0.00","542.19","2.51","949.70","4.40","0.00","0.00","0.00","0.00","0.00","0.00","170.00","0.79","5850.33","27.08","504.98","2.34","4961.57","22.97","66294.63","5.02","43369.16","3.28","23493.13","1.78","6607.17","0.50"
2022,2023,"SWKE0041","SWKB1002","1887.88","8.07","0.00","0.00","5843.58","24.97","4611.98","19.71","0.00","0.00","0.00","0.00","0.00","0.00","320.00","1.37","5510.67","23.55","0.00","0.00","77.08","0.33","66294.63","5.02","43369.16","3.28","23493.13","1.78","6607.17","0.50"
2022,2023,"SWKE0041","SWKB1003","2321.95","7.04","0.00","0.00","5112.94","15.49","3768.02","11.42","0.00","0.00","0.00","0.00","0.00","0.00","170.00","0.52","6282.85","19.04","0.00","0.00","3801.93","11.52","66294.63","5.02","43369.16","3.28","23493.13","1.78","6607.17","0.50"
2022,2023,"SWKE0352","SWKB1004","1542.39","11.02","0.00","0.00","3013.23","21.52","1876.50","13.40","0.00","0.00","0.00","0.00","0.00","0.00","100.00","0.71","4271.08","30.51","0.00","0.00","3716.14","26.54","7891.72","2.79","6970.78","2.46","3122.20","1.10","1356.29","0.48"
2022,2023,"SWKE0100","SWKB1005","528.00","6.77","0.00","0.00","43.20","0.55","584.40","7.49","0.00","0.00","0.00","0.00","0.00","0.00","50.00","0.64","2111.15","27.07","0.00","0.00","1582.75","20.29","3943.26","1.58","15133.29","6.06","3262.17","1.31","2132.32","0.85"
2022,2023,"SWKE0100","SWKB1006","328.98","3.92","0.00","0.00","948.34","11.29","251.36","2.99","0.00","0.00","0.00","0.00","0.00","0.00","20.00","0.24","855.30","10.18","119.92","1.43","667.60","7.95","3943.26","1.58","15133.29","6.06","3262.17","1.31","2132.32","0.85"
2022,2023,"SWKE0100","SWKB1007","503.44","6.07","0.00","0.00","468.32","5.64","489.32","5.90","0.00","0.00","0.00","0.00","0.00","0.00","40.00","0.48","1710.60","20.61","121.36","1.46","1350.16","16.27","3943.26","1.58","15133.29","6.06","3262.17","1.31","2132.32","0.85"
2022,2023,"SWKE0100","SWKB1008","775.22","10.07","0.00","0.00","312.10","4.05","1570.73","20.40","0.00","0.00","0.00","0.00","0.00","0.00","60.00","0.78","2544.56","33.05","145.23","1.89","1965.42","25.52","3943.26","1.58","15133.29","6.06","3262.17","1.31","2132.32","0.85"
2022,2023,"SWKE0291","SWKB1009","494.08","20.59","0.00","0.00","113.26","4.72","0.00","0.00","0.00","0.00","0.00","0.00","3145.78","131.07","20.00","0.83","686.64","28.61","0.00","0.00","215.22","8.97","58565.61","12.97","9635.91","2.13","7060.54","1.56","879.53","0.19"
2022,2023,"SWKE0291","SWKB1010","515.48","21.48","0.00","0.00","631.75","26.32","0.00","0.00","0.00","0.00","0.00","0.00","2982.24","124.26","20.00","0.83","687.96","28.67","0.00","0.00","184.47","7.69","58565.61","12.97","9635.91","2.13","7060.54","1.56","879.53","0.19"
2022,2023,"SWKE0291","SWKB1011","100.31","4.18","0.00","0.00","162.27","6.76","0.00","0.00","0.00","0.00","0.00","0.00","0.00","0.00","10.00","0.42","343.32","14.31","0.00","0.00","107.61","4.48","58565.61","12.97","9635.91","2.13","7060.54","1.56","879.53","0.19"
2022,2023,"SWKE0291","SWKB1012","390.83","4.44","0.00","0.00","417.08","4.74","0.00","0.00","0.00","0.00","0.00","0.00","2102.92","23.90","20.00","0.23","684.46","7.78","0.00","0.00","202.59","2.30","58565.61","12.97","9635.91","2.13","7060.54","1.56","879.53","0.19"
2022,2023,"SWKE0291","SWKB1013","239.92","10.00","0.00","0.00","56.63","2.36","0.00","0.00","0.00","0.00","0.00","0.00","1501.76","62.57","10.00","0.42","343.32","14.31","0.00","0.00","107.61","4.48","58565.61","12.97","9635.91","2.13","7060.54","1.56","879.53","0.19"
2022,2023,"SWKE0291","SWKB1014","489.96","20.42","0.00","0.00","113.26","4.72","0.00","0.00","0.00","0.00","0.00","0.00","3104.56","129.36","20.00","0.83","686.64","28.61","0.00","0.00","215.22","8.97","58565.61","12.97","9635.91","2.13","7060.54","1.56","879.53","0.19"
2022,2023,"SWKE0291","SWKB1015","260.52","10.86","0.00","0.00","165.46","6.89","0.00","0.00","0.00","0.00","0.00","0.00","1598.91","66.62","10.00","0.42","343.32","14.31","0.00","0.00","107.61","4.48","58565.61","12.97","9635.91","2.13","7060.54","1.56","879.53","0.19"
2022,2023,"SWKE0291","SWKB1016","261.95","10.91","0.00","0.00","77.87","3.24","0.00","0.00","0.00","0.00","0.00","0.00","1700.79","70.87","10.00","0.42","343.32","14.31","0.00","0.00","107.61","4.48","58565.61","12.97","9635.91","2.13","7060.54","1.56","879.53","0.19"
2022,2023,"SWKE0291","SWKB1017","928.42","9.67","0.00","0.00","305.39","3.18","0.00","0.00","0.00","0.00","0.00","0.00","5672.27","59.09","40.00","0.42","1458.93","15.20","0.00","0.00","399.69","4.16","58565.61","12.97","9635.91","2.13","7060.54","1.56","879.53","0.19"
2022,2023,"SWKE0291","SWKB1018","13554.93","15.09","0.00","0.00","18990.44","21.15","4506.80","5.02","0.00","0.00","3417.87","3.81","69771.08","77.70","430.00","0.48","15603.08","17.38","0.00","0.00","6328.84","7.05","58565.61","12.97","9635.91","2.13","7060.54","1.56","879.53","0.19"
2022,2023,"SWKE0291","SWKB1019","758.35","8.92","0.00","0.00","971.42","11.43","27.96","0.33","0.00","0.00","0.00","0.00","3869.20","45.52","230.00","2.71","1364.10","16.05","0.00","0.00","404.13","4.75","58565.61","12.97","9635.91","2.13","7060.54","1.56","879.53","0.19"
2022,2023,"SWKE0291","SWKB1020","278.95","11.62","0.00","0.00","301.97","12.58","0.00","0.00","0.00","0.00","0.00","0.00","1562.34","65.10","10.00","0.42","427.65","17.82","0.00","0.00","107.61","4.48","58565.61","12.97","9635.91","2.13","7060.54","1.56","879.53","0.19"
2022,2023,"SWKE0291","SWKB1021","661.62","27.57","0.00","0.00","153.71","6.40","0.00","0.00","0.00","0.00","0.00","0.00","4080.82","170.03","20.00","0.83","1031.28","42.97","0.00","0.00","292.08","12.17","58565.61","12.97","9635.91","2.13","7060.54","1.56","879.53","0.19"
2022,2023,"SWKE0291","SWKB1022","253.42","10.56","0.00","0.00","72.84","3.04","0.00","0.00","0.00","0.00","0.00","0.00","1620.47","67.52","10.00","0.42","343.32","14.31","0.00","0.00","107.61","4.48","58565.61","12.97","9635.91","2.13","7060.54","1.56","879.53","0.19"
2022,2023,"SWKE0253","SWKB1023","1685.82","16.86","0.00","0.00","955.26","9.55","765.66","7.66","0.00","0.00","0.00","0.00","8294.10","82.94","250.00","2.50","2067.84","20.68","0.00","0.00","2632.14","26.32","22883.13","8.88","4446.78","1.72","1017.29","0.39","7492.98","2.91"
2022,2023,"SWKE0221","SWKB1024","400.98","5.28","0.00","0.00","1112.31","14.64","0.00","0.00","0.00","0.00","0.00","0.00","0.00","0.00","20.00","0.26","1029.96","13.55","0.00","0.00","0.00","0.00","1173.30","15.44","670.08","8.82","24.09","0.32","0.00","0.00"
2022,2023,"SWKE0222","SWKB1025","372.40","10.34","0.00","0.00","483.76","13.44","390.24","10.84","0.00","0.00","0.00","0.00","0.00","0.00","20.00","0.56","844.46","23.46","194.24","5.40","524.54","14.57","1336.13","12.73","943.69","8.99","186.34","1.77","0.00","0.00"
2022,2023,"SWKE0275","SWKB1026","1351.13","4.53","0.00","0.00","976.54","3.28","669.23","2.25","0.00","0.00","1546.93","5.19","6872.21","23.06","50.00","0.17","1878.38","6.30","160.04","0.54","906.61","3.04","1037.38","0.86","1282.91","1.07","295.97","0.25","242.45","0.20"
2022,2023,"SWKE0342","SWKB1027","0.00","0.00","0.00","0.00","6993.28","14.78","11795.60","24.94","0.00","0.00","5987.04","12.66","0.00","0.00","300.00","0.63","12890.64","27.25","310.00","0.66","14011.28","29.62","0.00","0.00","0.00","0.00","388.56","0.82","955.60","2.02"
2022,2023,"SWKE0201","SWKB1028","210.62","5.27","0.00","0.00","64.78","1.62","189.16","4.73","0.00","0.00","0.00","0.00","0.00","0.00","20.00","0.50","689.28","17.23","0.00","0.00","690.96","17.27","36636.71","8.79","15477.74","3.71","7328.70","1.76","4457.84","1.07"
2022,2023,"SWKE0217","SWKB1029","628.30","5.11","0.00","0.00","2301.12","18.71","490.44","3.99","0.00","0.00","0.00","0.00","0.00","0.00","40.00","0.33","1355.96","11.02","115.44","0.94","944.16","7.68","9768.12","4.97","4798.38","2.44","1490.04","0.76","1113.40","0.57"
2022,2023,"SWKE0217","SWKB1030","498.45","4.33","0.00","0.00","2628.71","22.86","235.15","2.04","0.00","0.00","0.00","0.00","0.00","0.00","20.00","0.17","691.27","6.01","184.61","1.61","572.29","4.98","9768.12","4.97","4798.38","2.44","1490.04","0.76","1113.40","0.57"
2022,2023,"SWKE0217","SWKB1031","714.53","2.75","0.00","0.00","2713.47","10.44","587.27","2.26","0.00","0.00","0.00","0.00","0.00","0.00","50.00","0.19","1721.23","6.62","0.00","0.00","509.24","1.96","9768.12","4.97","4798.38","2.44","1490.04","0.76","1113.40","0.57"
2022,2023,"SWKE0145","SWKB1032","1105.52","5.67","0.00","0.00","1854.08","9.51","1178.78","6.05","0.00","0.00","0.00","0.00","0.00","0.00","100.00","0.51","4243.98","21.76","0.00","0.00","1765.86","9.06","28851.81","5.32","12285.67","2.26","6990.17","1.29","3304.06","0.61"
2022,2023,"SWKE0223","SWKB1033","1061.60","8.43","0.00","0.00","683.30","5.42","382.97","3.04","0.00","0.00","0.00","0.00","0.00","0.00","70.00","0.56","2544.10","20.19","158.12","1.25","2818.04","22.37","3574.77","13.14","959.19","3.53","959.65","3.53","79.23","0.29"
2022,2023,"SWKE0223","SWKB1034","431.65","7.99","0.00","0.00","285.51","5.29","140.40","2.60","0.00","0.00","0.00","0.00","0.00","0.00","30.00","0.56","1100.21","20.37","174.42","3.23","1072.62","19.86","3574.77","13.14","959.19","3.53","959.65","3.53","79.23","0.29"
2022,2023,"SWKE0224","SWKB1035","588.44","11.32","0.00","0.00","1650.72","31.74","520.77","10.01","0.00","0.00","0.00","0.00","0.00","0.00","30.00","0.58","1108.87","21.32","0.00","0.00","1077.80","20.73","8921.77","22.76","3712.07","9.47","539.74","1.38","129.50","0.33"
2022,2023,"SWKE0224","SWKB1036","543.53","14.30","0.00","0.00","98.54","2.59","415.92","10.95","0.00","0.00","0.00","0.00","0.00","0.00","30.00","0.79","1114.82","29.34","792.54","20.86","1401.13","36.87","8921.77","22.76","3712.07","9.47","539.74","1.38","129.50","0.33"
2022,2023,"SWKE0224","SWKB1037","291.36","5.60","0.00","0.00","0.00","0.00","226.58","4.36","0.00","0.00","0.00","0.00","0.00","0.00","20.00","0.38","686.64","13.20","0.00","0.00","812.42","15.62","8921.77","22.76","3712.07","9.47","539.74","1.38","129.50","0.33"
2022,2023,"SWKE0224","SWKB1038","660.08","16.93","0.00","0.00","0.00","0.00","520.80","13.35","0.00","0.00","0.00","0.00","0.00","0.00","30.00","0.77","1456.82","37.35","80.81","2.07","2166.45","55.55","8921.77","22.76","3712.07","9.47","539.74","1.38","129.50","0.33"
2022,2023,"SWKE0041","SWKB1039","606.74","15.17","0.00","0.00","514.34","12.86","59.88","1.50","0.00","0.00","0.00","0.00","3706.42","92.66","20.00","0.50","677.98","16.95","0.00","0.00","693.72","17.34","66294.63","5.02","43369.16","3.28","23493.13","1.78","6607.17","0.50"
2022,2023,"SWKE0041","SWKB1040","1827.66","19.04","0.00","0.00","2272.50","23.67","910.26","9.48","0.00","0.00","0.00","0.00","10256.95","106.84","60.00","0.63","2059.92","21.46","0.00","0.00","1324.68","13.80","66294.63","5.02","43369.16","3.28","23493.13","1.78","6607.17","0.50"
2022,2023,"SWKE0225","SWKB1041","1882.64","26.15","0.00","0.00","2044.42","28.39","1361.27","18.91","0.00","0.00","0.00","0.00","12073.57","167.69","60.00","0.83","2306.03","32.03","0.00","0.00","209.09","2.90","671.89","2.33","1124.25","3.90","296.95","1.03","60.88","0.21"
2022,2023,"SWKE0225","SWKB1042","1520.02","14.07","0.00","0.00","1720.04","15.93","999.05","9.25","0.00","0.00","0.00","0.00","9631.39","89.18","50.00","0.46","1961.39","18.16","0.00","0.00","178.32","1.65","671.89","2.33","1124.25","3.90","296.95","1.03","60.88","0.21"
2022,2023,"SWKE0225","SWKB1043","459.81","12.77","0.00","0.00","271.87","7.55","550.05","15.28","0.00","0.00","0.00","0.00","2528.07","70.22","20.00","0.56","849.88","23.61","0.00","0.00","79.94","2.22","671.89","2.33","1124.25","3.90","296.95","1.03","60.88","0.21"
2022,2023,"SWKE0225","SWKB1044","559.72","7.77","0.00","0.00","176.74","2.45","522.50","7.26","0.00","0.00","0.00","0.00","3758.21","52.20","20.00","0.28","772.29","10.73","0.00","0.00","73.79","1.02","671.89","2.33","1124.25","3.90","296.95","1.03","60.88","0.21"
2022,2023,"SWKE0116","SWKB1045","280.55","5.61","0.00","0.00","70.57","1.41","14.85","0.30","0.00","0.00","0.00","0.00","2188.85","43.78","10.00","0.20","344.64","6.89","0.00","0.00","0.00","0.00","659.70","0.61","705.33","0.65","268.74","0.25","45.54","0.04"
2022,2023,"SWKE0268","SWKB1046","709.92","6.34","0.00","0.00","541.56","4.84","853.76","7.62","0.00","0.00","0.00","0.00","0.00","0.00","40.00","0.36","1373.28","12.26","130.82","1.17","879.60","7.85","8828.25","5.68","3319.91","2.14","1881.60","1.21","21548.45","13.88"
2022,2023,"SWKE0088","SWKB1047","535.08","5.95","0.00","0.00","466.92","5.19","136.44","1.52","0.00","0.00","0.00","0.00","3230.86","35.90","20.00","0.22","689.28","7.66","127.18","1.41","340.44","3.78","12142.16","4.46","2955.56","1.09","1191.99","0.44","892.70","0.33"
2022,2023,"SWKE0088","SWKB1048","2634.22","8.47","0.00","0.00","1793.31","5.77","578.99","1.86","0.00","0.00","0.00","0.00","17336.85","55.75","90.00","0.29","3308.61","10.64","139.60","0.45","1302.99","4.19","12142.16","4.46","2955.56","1.09","1191.99","0.44","892.70","0.33"
2022,2023,"SWKE0088","SWKB1049","2415.15","33.54","0.00","0.00","714.96","9.93","839.07","11.65","0.00","0.00","0.00","0.00","17420.13","241.95","80.00","1.11","3050.91","42.37","0.00","0.00","184.86","2.57","12142.16","4.46","2955.56","1.09","1191.99","0.44","892.70","0.33"
2022,2023,"SWKE0226","SWKB1050","902.20","5.86","0.00","0.00","1475.76","9.58","156.89","1.02","0.00","0.00","418.66","2.72","0.00","0.00","50.00","0.32","2033.56","13.20","177.00","1.15","1602.54","10.41","1461.26","9.49","1605.44","10.42","91.01","0.59","0.00","0.00"
2022,2023,"SWKE0017","SWKB1051","2097.52","7.89","0.00","0.00","4214.12","15.84","1240.79","4.66","0.00","0.00","0.00","0.00","0.00","0.00","170.00","0.64","5806.13","21.83","0.00","0.00","3817.47","14.35","11038.97","5.77","3490.54","1.83","1723.70","0.90","13544.02","7.08"
2022,2023,"SWKE0056","SWKB1052","1046.67","8.11","0.00","0.00","453.68","3.52","763.14","5.92","0.00","0.00","0.00","0.00","0.00","0.00","110.00","0.85","3785.78","29.35","0.00","0.00","1576.27","12.22","11236.68","7.22","2379.71","1.53","2129.49","1.37","2380.20","1.53"
2022,2023,"SWKE0263","SWKB1053","314.74","6.70","0.00","0.00","424.54","9.03","139.00","2.96","0.00","0.00","0.00","0.00","0.00","0.00","20.00","0.43","844.46","17.97","125.26","2.67","701.92","14.93","15356.34","12.74","6185.99","5.13","5900.07","4.90","2608.91","2.17"
2022,2023,"SWKE0307","SWKB1054","2717.15","7.27","0.00","0.00","4493.04","12.01","2312.37","6.18","0.00","0.00","2938.98","7.86","0.00","0.00","170.00","0.45","7198.56","19.25","555.39","1.49","4826.49","12.91","10327.23","5.35","10931.39","5.66","1722.40","0.89","2244.32","1.16"
2022,2023,"SWKE0307","SWKB1055","576.19","4.97","0.00","0.00","393.78","3.39","635.53","5.48","0.00","0.00","0.00","0.00","0.00","0.00","50.00","0.43","1910.02","16.47","0.00","0.00","978.34","8.43","10327.23","5.35","10931.39","5.66","1722.40","0.89","2244.32","1.16"
2022,2023,"SWKE0307","SWKB1056","570.76","13.92","0.00","0.00","3903.04","95.20","262.92","6.41","0.00","0.00","0.00","0.00","0.00","0.00","20.00","0.49","679.64","16.58","0.00","0.00","483.70","11.80","10327.23","5.35","10931.39","5.66","1722.40","0.89","2244.32","1.16"
2022,2023,"SWKE0252","SWKB1057","17620.65","16.96","0.00","0.00","9723.72","9.36","8263.16","7.95","0.00","0.00","4855.49","4.67","82499.79","79.40","570.00","0.55","19658.77","18.92","15429.12","14.85","22246.92","21.41","27945.14","6.69","12050.02","2.89","8416.38","2.02","2690.83","0.64"
2022,2023,"SWKE0228","SWKB1058","1842.65","6.35","0.00","0.00","3574.77","12.33","2394.14","8.26","0.00","0.00","3183.59","10.98","0.00","0.00","300.00","1.03","4256.58","14.68","348.81","1.20","2635.20","9.09","3444.86","8.88","0.00","0.00","258.30","0.67","196.70","0.51"
2022,2023,"SWKE0020","SWKB1059","807.45","24.47","0.00","0.00","3736.80","113.24","1714.77","51.96","0.00","0.00","0.00","0.00","0.00","0.00","30.00","0.91","1029.96","31.21","0.00","0.00","223.17","6.76","800.52","4.63","530.10","3.06","167.88","0.97","1240.92","7.17"
2022,2023,"SWKE0297","SWKB1060","2402.87","4.06","0.00","0.00","1078.51","1.82","1944.18","3.28","0.00","0.00","917.53","1.55","13253.05","22.39","100.00","0.17","2627.40","4.44","253.45","0.43","2099.96","3.55","5805.44","2.23","4462.90","1.71","1573.29","0.60","537.57","0.21"
2022,2023,"SWKE0229","SWKB1061","70.90","2.95","0.00","0.00","277.32","11.56","0.00","0.00","0.00","0.00","0.00","0.00","0.00","0.00","10.00","0.42","422.23","17.59","0.00","0.00","0.00","0.00","0.00","0.00","0.00","0.00","9.49","0.40","0.00","0.00"
2022,2023,"SWKE0084","SWKB1062","640.60","4.64","0.00","0.00","1052.18","7.62","1016.18","7.36","0.00","0.00","718.78","5.21","0.00","0.00","230.00","1.67","1533.74","11.11","48.98","0.35","1393.78","10.10","9947.29","3.00","6767.48","2.04","5024.55","1.52","1002.80","0.30"
2022,2023,"SWKE0201","SWKB1063","1459.82","7.52","0.00","0.00","1186.77","6.12","100.17","0.52","0.00","0.00","2488.69","12.83","0.00","0.00","100.00","0.52","4040.61","20.83","346.25","1.78","3320.46","17.12","36636.71","8.79","15477.74","3.71","7328.70","1.76","4457.84","1.07"
2022,2023,"SWKE0253","SWKB1064","8528.68","20.95","0.00","0.00","3687.20","9.06","2186.98","5.37","0.00","0.00","0.00","0.00","44357.11","108.99","300.00","0.74","11192.69","27.50","3481.12","8.55","8880.16","21.82","22883.13","8.88","4446.78","1.72","1017.29","0.39","7492.98","2.91"
2022,2023,"SWKE0316","SWKB1065","108.57","1.13","0.00","0.00","68.76","0.72","150.97","1.57","0.00","0.00","0.00","0.00","0.00","0.00","10.00","0.10","338.99","3.53","0.00","0.00","309.05","3.22","29606.81","9.09","8008.07","2.46","3575.40","1.10","1671.91","0.51"
2022,2023,"SWKE0048","SWKB1066","0.00","0.00","0.00","0.00","243.33","1.89","942.18","7.30","0.00","0.00","1344.06","10.42","0.00","0.00","90.00","0.70","3179.35","24.65","723.65","5.61","3355.33","26.01","0.00","0.00","3803.49","1.48","4526.42","1.76","13547.48","5.26"
2022,2023,"SWKE0200","SWKB1067","483.65","2.76","0.00","0.00","385.56","2.20","146.04","0.83","0.00","0.00","0.00","0.00","0.00","0.00","40.00","0.23","1715.74","9.80","0.00","0.00","677.37","3.87","2990.18","5.76","2930.44","5.65","628.00","1.21","279.44","0.54"
2022,2023,"SWKE0288","SWKB1068","4744.23","25.92","0.00","0.00","1135.24","6.20","30288.52","165.51","0.00","0.00","1940.52","10.60","0.00","0.00","150.00","0.82","6331.23","34.60","0.00","0.00","5131.57","28.04","36388.87","5.99","15134.54","2.49","3958.58","0.65","5509.76","0.91"
2022,2023,"SWKE0288","SWKB1069","3536.98","23.27","0.00","0.00","895.57","5.89","21622.16","142.25","0.00","0.00","2991.37","19.68","0.00","0.00","100.00","0.66","4482.18","29.49","0.00","0.00","3604.48","23.71","36388.87","5.99","15134.54","2.49","3958.58","0.65","5509.76","0.91"
2022,2023,"SWKE0082","SWKB1070","3055.56","11.07","0.00","0.00","8555.64","31.00","2281.81","8.27","0.00","0.00","0.00","0.00","0.00","0.00","240.00","0.87","8231.32","29.82","0.00","0.00","4073.64","14.76","13658.39","7.08","5272.73","2.73","3668.66","1.90","2674.92","1.39"
2022,2023,"SWKE0129","SWKB1071","2193.94","7.70","0.00","0.00","4322.42","15.17","2411.48","8.46","0.00","0.00","2935.96","10.30","0.00","0.00","140.00","0.49","5788.56","20.31","0.00","0.00","2381.42","8.36","33233.44","5.71","15254.16","2.62","6285.16","1.08","4205.47","0.72"
2022,2023,"SWKE0111","SWKB1072","0.00","0.00","0.00","0.00","18867.76","128.35","924.49","6.29","0.00","0.00","0.00","0.00","26849.92","182.65","110.00","0.75","3817.52","25.97","0.00","0.00","4578.16","31.14","0.00","0.00","6114.08","2.85","2844.13","1.32","77.17","0.04"
2022,2023,"SWKE0111","SWKB1073","0.00","0.00","0.00","0.00","16484.30","89.10","1595.70","8.63","0.00","0.00","0.00","0.00","17201.70","92.98","100.00","0.54","3446.40","18.63","327.00","1.77","3105.70","16.79","0.00","0.00","6114.08","2.85","2844.13","1.32","77.17","0.04"
2022,2023,"SWKE0111","SWKB1074","0.00","0.00","0.00","0.00","17188.05","121.04","1042.95","7.34","0.00","0.00","0.00","0.00","20138.46","141.82","70.00","0.49","2780.29","19.58","0.00","0.00","3558.51","25.06","0.00","0.00","6114.08","2.85","2844.13","1.32","77.17","0.04"
2022,2023,"SWKE0111","SWKB1075","0.00","0.00","0.00","0.00","22853.59","118.41","1553.01","8.05","0.00","0.00","0.00","0.00","26577.00","137.70","110.00","0.57","4126.44","21.38","0.00","0.00","4407.80","22.84","0.00","0.00","6114.08","2.85","2844.13","1.32","77.17","0.04"
2022,2023,"SWKE0111","SWKB1076","0.00","0.00","0.00","0.00","15344.29","201.90","668.90","8.80","0.00","0.00","0.00","0.00","19458.02","256.03","80.00","1.05","3092.52","40.69","0.00","0.00","3483.77","45.84","0.00","0.00","6114.08","2.85","2844.13","1.32","77.17","0.04"
2022,2023,"SWKE0231","SWKB1077","1206.15","9.97","0.00","0.00","1000.44","8.27","1488.91","12.31","0.00","0.00","1440.11","11.90","0.00","0.00","70.00","0.58","2729.46","22.56","189.16","1.56","1755.72","14.51","1353.89","11.19","1741.53","14.39","337.43","2.79","24.98","0.21"
2022,2023,"SWKE0129","SWKB1078","3868.64","9.62","0.00","0.00","3731.36","9.28","2695.20","6.70","0.00","0.00","2066.88","5.14","13551.36","33.71","160.00","0.40","6755.68","16.81","759.84","1.89","4654.40","11.58","33233.44","5.71","15254.16","2.62","6285.16","1.08","4205.47","0.72"
2022,2023,"SWKE0109","SWKB1079","422.74","7.69","0.00","0.00","1039.52","18.90","624.32","11.35","0.00","0.00","0.00","0.00","0.00","0.00","20.00","0.36","855.30","15.55","66.60","1.21","1063.82","19.34","28993.09","7.77","13027.12","3.49","5731.74","1.54","8768.26","2.35"
2022,2023,"SWKE0109","SWKB1080","1350.04","22.88","0.00","0.00","1824.68","30.93","2332.93","39.54","0.00","0.00","0.00","0.00","0.00","0.00","70.00","1.19","3010.83","51.03","230.64","3.91","3955.47","67.04","28993.09","7.77","13027.12","3.49","5731.74","1.54","8768.26","2.35"
2022,2023,"SWKE0109","SWKB1081","726.21","12.10","0.00","0.00","1125.28","18.75","1298.58","21.64","0.00","0.00","0.00","0.00","0.00","0.00","40.00","0.67","1628.53","27.14","127.53","2.13","2009.16","33.49","28993.09","7.77","13027.12","3.49","5731.74","1.54","8768.26","2.35"
2022,2023,"SWKE0303","SWKB1082","1749.47","6.07","0.00","0.00","2490.50","8.65","1134.92","3.94","0.00","0.00","1426.13","4.95","0.00","0.00","160.00","0.56","5762.83","20.01","0.00","0.00","3731.67","12.96","3913.26","2.53","4496.29","2.91","2112.97","1.37","4221.99","2.73"
2022,2023,"SWKE0232","SWKB1083","2448.81","5.28","0.00","0.00","2280.64","4.92","679.64","1.46","0.00","0.00","0.00","0.00","0.00","0.00","250.00","0.54","10300.27","22.20","0.00","0.00","6006.33","12.94","4029.53","6.21","2610.05","4.02","401.60","0.62","21.39","0.03"
2022,2023,"SWKE0345","SWKB1084","0.00","0.00","0.00","0.00","1747.15","11.20","472.59","3.03","0.00","0.00","0.00","0.00","0.00","0.00","60.00","0.38","2805.85","17.99","0.00","0.00","1569.60","10.06","0.00","0.00","4652.46","6.40","495.01","0.68","532.60","0.73"
2022,2023,"SWKE0233","SWKB1085","1000.86","10.01","0.00","0.00","3654.50","36.55","444.64","4.45","0.00","0.00","0.00","0.00","0.00","0.00","80.00","0.80","3057.84","30.58","107.86","1.08","584.94","5.85","362.18","3.62","1592.14","15.92","204.40","2.04","0.00","0.00"
2022,2023,"SWKE0220","SWKB1086","1318.02","5.78","0.00","0.00","3350.21","14.69","666.82","2.92","0.00","0.00","0.00","0.00","0.00","0.00","90.00","0.39","3838.69","16.84","0.00","0.00","1958.48","8.59","9538.91","6.28","11292.23","7.43","2533.64","1.67","3053.70","2.01"
2022,2023,"SWKE0109","SWKB1087","146.98","2.16","0.00","0.00","124.12","1.83","170.69","2.51","0.00","0.00","241.07","3.55","0.00","0.00","10.00","0.15","344.64","5.07","28.86","0.42","354.08","5.21","28993.09","7.77","13027.12","3.49","5731.74","1.54","8768.26","2.35"
2022,2023,"SWKE0109","SWKB1088","1313.10","15.09","0.00","0.00","2739.34","31.49","1367.34","15.72","0.00","0.00","1439.27","16.54","0.00","0.00","60.00","0.69","2571.66","29.56","193.98","2.23","3045.14","35.00","28993.09","7.77","13027.12","3.49","5731.74","1.54","8768.26","2.35"
2022,2023,"SWKE0109","SWKB1089","1026.04","14.66","0.00","0.00","873.04","12.47","879.92","12.57","0.00","0.00","3993.80","57.05","0.00","0.00","40.00","0.57","1688.92","24.13","134.56","1.92","1699.72","24.28","28993.09","7.77","13027.12","3.49","5731.74","1.54","8768.26","2.35"
2022,2023,"SWKE0112","SWKB1090","112.83","4.70","0.00","0.00","198.51","8.27","109.15","4.55","0.00","0.00","0.00","0.00","0.00","0.00","10.00","0.42","339.82","14.16","0.00","0.00","298.16","12.42","37372.02","7.97","29578.18","6.31","5048.69","1.08","2283.47","0.49"
2022,2023,"SWKE0156","SWKB1091","1428.67","5.65","0.00","0.00","1396.29","5.52","1252.23","4.95","0.00","0.00","0.00","0.00","0.00","0.00","100.00","0.40","4091.92","16.17","382.22","1.51","3762.98","14.87","18101.96","8.44","6570.48","3.06","4272.51","1.99","2078.74","0.97"
2022,2023,"SWKE0301","SWKB1092","1538.22","10.12","0.00","0.00","2324.80","15.29","225.98","1.49","0.00","0.00","0.00","0.00","8041.75","52.91","50.00","0.33","1712.87","11.27","0.00","0.00","1605.04","10.56","12966.55","7.53","3369.10","1.96","918.19","0.53","635.55","0.37"
2022,2023,"SWKE0220","SWKB1093","1272.04","14.29","0.00","0.00","2117.67","23.79","612.83","6.89","0.00","0.00","0.00","0.00","0.00","0.00","90.00","1.01","3749.58","42.13","0.00","0.00","3039.78","34.15","9538.91","6.28","11292.23","7.43","2533.64","1.67","3053.70","2.01"
2022,2023,"SWKE0210","SWKB1094","1014.16","12.22","0.00","0.00","705.16","8.50","191.72","2.31","0.00","0.00","0.00","0.00","5969.20","71.92","40.00","0.48","1378.56","16.61","0.00","0.00","1109.64","13.37","18399.95","6.76","6510.11","2.39","3421.44","1.26","2839.76","1.04"
2022,2023,"SWKE0210","SWKB1095","3143.67","16.72","0.00","0.00","2002.77","10.65","340.30","1.81","0.00","0.00","0.00","0.00","18734.02","99.65","130.00","0.69","4790.68","25.48","0.00","0.00","2853.32","15.18","18399.95","6.76","6510.11","2.39","3421.44","1.26","2839.76","1.04"
2022,2023,"SWKE0210","SWKB1096","1062.48","8.57","0.00","0.00","1156.20","9.32","210.80","1.70","0.00","0.00","0.00","0.00","6012.96","48.49","40.00","0.32","1378.56","11.12","0.00","0.00","1079.28","8.70","18399.95","6.76","6510.11","2.39","3421.44","1.26","2839.76","1.04"
2022,2023,"SWKE0294","SWKB1097","947.36","5.26","0.00","0.00","870.80","4.84","427.76","2.38","0.00","0.00","2053.04","11.41","0.00","0.00","80.00","0.44","2711.92","15.07","261.60","1.45","1026.64","5.70","12977.53","4.98","8001.88","3.07","1704.80","0.65","639.15","0.25"
2022,2023,"SWKE0329","SWKB1098","222.96","4.95","0.00","0.00","547.84","12.17","211.26","4.69","0.00","0.00","0.00","0.00","0.00","0.00","20.00","0.44","689.28","15.32","0.00","0.00","359.10","7.98","67056.41","7.86","57695.83","6.77","7120.45","0.84","2827.45","0.33"
2022,2023,"SWKE0329","SWKB1099","781.94","7.38","0.00","0.00","612.83","5.78","722.83","6.82","0.00","0.00","0.00","0.00","0.00","0.00","80.00","0.75","2906.65","27.42","193.39","1.82","1568.83","14.80","67056.41","7.86","57695.83","6.77","7120.45","0.84","2827.45","0.33"
2022,2023,"SWKE0002","SWKB1100","264.21","8.01","0.00","0.00","162.71","4.93","7.89","0.24","0.00","0.00","0.00","0.00","996.51","30.20","10.00","0.30","339.82","10.30","0.00","0.00","922.66","27.96","3727.56","2.35","1029.04","0.65","898.67","0.57","507.13","0.32"
2022,2023,"SWKE0002","SWKB1101","278.04","2.11","0.00","0.00","113.27","0.86","0.00","0.00","0.00","0.00","0.00","0.00","1852.34","14.03","10.00","0.08","343.32","2.60","0.00","0.00","99.60","0.75","3727.56","2.35","1029.04","0.65","898.67","0.57","507.13","0.32"
2022,2023,"SWKE0002","SWKB1102","1672.71","16.24","0.00","0.00","896.09","8.70","579.60","5.63","0.00","0.00","0.00","0.00","9618.08","93.38","60.00","0.58","2129.42","20.67","0.00","0.00","1803.84","17.51","3727.56","2.35","1029.04","0.65","898.67","0.57","507.13","0.32"
2022,2023,"SWKE0224","SWKB1103","150.32","5.37","0.00","0.00","0.00","0.00","257.20","9.19","0.00","0.00","0.00","0.00","0.00","0.00","10.00","0.36","344.64","12.31","15.18","0.54","461.89","16.50","8921.77","22.76","3712.07","9.47","539.74","1.38","129.50","0.33"
2022,2023,"SWKE0224","SWKB1104","829.76","15.96","0.00","0.00","1560.38","30.01","945.44","18.18","0.00","0.00","0.00","0.00","0.00","0.00","40.00","0.77","1531.10","29.44","114.48","2.20","1939.94","37.31","8921.77","22.76","3712.07","9.47","539.74","1.38","129.50","0.33"
2022,2023,"SWKE0224","SWKB1105","552.72","10.63","0.00","0.00","452.85","8.71","695.46","13.37","0.00","0.00","0.00","0.00","0.00","0.00","30.00","0.58","1029.96","19.81","0.00","0.00","1566.87","30.13","8921.77","22.76","3712.07","9.47","539.74","1.38","129.50","0.33"
2022,2023,"SWKE0120","SWKB1106","1912.61","6.83","0.00","0.00","4361.21","15.58","3154.48","11.27","0.00","0.00","0.00","0.00","0.00","0.00","720.00","2.57","5220.93","18.65","0.00","0.00","4415.95","15.77","14622.22","2.98","9062.23","1.85","5281.87","1.08","1329.84","0.27"
2022,2023,"SWKE0234","SWKB1107","852.45","16.71","0.00","0.00","0.00","0.00","612.00","12.00","0.00","0.00","0.00","0.00","0.00","0.00","60.00","1.18","2144.78","42.05","130.80","2.56","2451.43","48.07","4678.18","14.90","5294.17","16.86","1574.49","5.01","0.00","0.00"
2022,2023,"SWKE0234","SWKB1108","502.88","9.86","0.00","0.00","839.88","16.47","420.74","8.25","0.00","0.00","0.00","0.00","0.00","0.00","30.00","0.59","1031.28","20.22","59.45","1.17","1164.43","22.83","4678.18","14.90","5294.17","16.86","1574.49","5.01","0.00","0.00"
2022,2023,"SWKE0234","SWKB1109","767.68","15.05","0.00","0.00","399.92","7.84","463.92","9.10","0.00","0.00","0.00","0.00","0.00","0.00","40.00","0.78","1879.05","36.84","142.70","2.80","2083.71","40.86","4678.18","14.90","5294.17","16.86","1574.49","5.01","0.00","0.00"
2022,2023,"SWKE0234","SWKB1110","426.88","8.54","0.00","0.00","1325.74","26.51","119.64","2.39","0.00","0.00","0.00","0.00","0.00","0.00","20.00","0.40","691.27","13.83","0.00","0.00","937.67","18.75","4678.18","14.90","5294.17","16.86","1574.49","5.01","0.00","0.00"
2022,2023,"SWKE0234","SWKB1111","964.98","8.69","0.00","0.00","2186.16","19.70","439.19","3.96","0.00","0.00","0.00","0.00","0.00","0.00","60.00","0.54","2297.97","20.70","199.13","1.79","1580.72","14.24","4678.18","14.90","5294.17","16.86","1574.49","5.01","0.00","0.00"
2022,2023,"SWKE0201","SWKB1112","989.17","7.27","0.00","0.00","1105.09","8.13","318.50","2.34","0.00","0.00","1341.23","9.86","0.00","0.00","70.00","0.51","2805.85","20.63","167.38","1.23","2218.51","16.31","36636.71","8.79","15477.74","3.71","7328.70","1.76","4457.84","1.07"
2022,2023,"SWKE0292","SWKB1113","102.62","1.55","0.00","0.00","134.99","2.05","50.99","0.77","0.00","0.00","0.00","0.00","0.00","0.00","10.00","0.15","344.64","5.22","0.00","0.00","377.86","5.73","224.55","1.87","0.00","0.00","10.96","0.09","0.00","0.00"
2022,2023,"SWKE0112","SWKB1114","781.24","6.51","0.00","0.00","374.90","3.12","733.83","6.12","0.00","0.00","1139.14","9.49","0.00","0.00","50.00","0.42","1906.66","15.89","120.70","1.01","2206.13","18.38","37372.02","7.97","29578.18","6.31","5048.69","1.08","2283.47","0.49"
2022,2023,"SWKE0235","SWKB1115","147.63","2.55","0.00","0.00","63.47","1.09","218.31","3.76","0.00","0.00","214.88","3.70","0.00","0.00","10.00","0.17","422.23","7.28","69.11","1.19","324.52","5.60","3145.72","4.72","0.00","0.00","538.65","0.81","0.00","0.00"
2022,2023,"SWKE0235","SWKB1116","1013.84","4.74","0.00","0.00","1464.12","6.84","1363.02","6.37","0.00","0.00","448.88","2.10","0.00","0.00","70.00","0.33","2641.29","12.34","728.55","3.40","2291.79","10.71","3145.72","4.72","0.00","0.00","538.65","0.81","0.00","0.00"
2022,2023,"SWKE0235","SWKB1117","526.27","3.99","0.00","0.00","1014.34","7.68","1535.23","11.63","0.00","0.00","0.00","0.00","0.00","0.00","30.00","0.23","1108.87","8.40","101.92","0.77","956.57","7.25","3145.72","4.72","0.00","0.00","538.65","0.81","0.00","0.00"
2022,2023,"SWKE0235","SWKB1118","710.73","5.38","0.00","0.00","1641.47","12.44","585.32","4.43","0.00","0.00","0.00","0.00","0.00","0.00","50.00","0.38","1874.42","14.20","527.06","3.99","1578.34","11.96","3145.72","4.72","0.00","0.00","538.65","0.81","0.00","0.00"
2022,2023,"SWKE0201","SWKB1119","965.61","7.10","0.00","0.00","1374.24","10.10","354.48","2.61","0.00","0.00","833.12","6.13","0.00","0.00","70.00","0.51","2884.04","21.21","69.26","0.51","2239.31","16.47","36636.71","8.79","15477.74","3.71","7328.70","1.76","4457.84","1.07"
2022,2023,"SWKE0145","SWKB1120","1283.22","6.45","0.00","0.00","1243.16","6.25","2281.50","11.46","0.00","0.00","2077.24","10.44","0.00","0.00","80.00","0.40","3410.36","17.14","266.28","1.34","1855.44","9.32","28851.81","5.32","12285.67","2.26","6990.17","1.29","3304.06","0.61"
2022,2023,"SWKE0301","SWKB1121","9540.43","17.87","0.00","0.00","21991.47","41.18","2517.53","4.71","0.00","0.00","1934.73","3.62","44153.72","82.68","260.00","0.49","9293.92","17.40","0.00","0.00","7419.28","13.89","12966.55","7.53","3369.10","1.96","918.19","0.53","635.55","0.37"
2022,2023,"SWKE0236","SWKB1122","763.96","5.79","0.00","0.00","630.47","4.78","334.31","2.53","0.00","0.00","0.00","0.00","0.00","0.00","90.00","0.68","3169.74","24.01","0.00","0.00","1475.29","11.18","5011.67","10.19","1807.86","3.67","817.12","1.66","328.91","0.67"
2022,2023,"SWKE0236","SWKB1123","492.13","8.49","0.00","0.00","291.14","5.02","235.17","4.05","0.00","0.00","0.00","0.00","0.00","0.00","40.00","0.69","1896.78","32.70","0.00","0.00","1081.24","18.64","5011.67","10.19","1807.86","3.67","817.12","1.66","328.91","0.67"
2022,2023,"SWKE0236","SWKB1124","319.11","5.50","0.00","0.00","63.90","1.10","151.74","2.62","0.00","0.00","0.00","0.00","0.00","0.00","20.00","0.34","1198.62","20.67","0.00","0.00","972.60","16.77","5011.67","10.19","1807.86","3.67","817.12","1.66","328.91","0.67"
2022,2023,"SWKE0236","SWKB1125","639.70","6.15","0.00","0.00","1451.40","13.96","247.86","2.38","0.00","0.00","0.00","0.00","0.00","0.00","60.00","0.58","2130.17","20.48","0.00","0.00","1073.88","10.33","5011.67","10.19","1807.86","3.67","817.12","1.66","328.91","0.67"
2022,2023,"SWKE0236","SWKB1126","464.60","6.64","0.00","0.00","0.00","0.00","203.39","2.91","0.00","0.00","0.00","0.00","0.00","0.00","50.00","0.71","1965.49","28.08","0.00","0.00","1251.70","17.88","5011.67","10.19","1807.86","3.67","817.12","1.66","328.91","0.67"
2022,2023,"SWKE0236","SWKB1127","460.70","6.58","0.00","0.00","905.84","12.94","165.26","2.36","0.00","0.00","0.00","0.00","0.00","0.00","40.00","0.57","1531.10","21.87","0.00","0.00","1009.06","14.42","5011.67","10.19","1807.86","3.67","817.12","1.66","328.91","0.67"
2022,2023,"SWKE0129","SWKB1128","1246.28","6.53","0.00","0.00","123.79","0.65","1675.46","8.77","0.00","0.00","3408.29","17.84","0.00","0.00","70.00","0.37","2740.04","14.35","222.95","1.17","2335.85","12.23","33233.44","5.71","15254.16","2.62","6285.16","1.08","4205.47","0.72"
2022,2023,"SWKE0237","SWKB1129","252.01","12.60","0.00","0.00","0.00","0.00","27.77","1.39","0.00","0.00","0.00","0.00","1908.67","95.43","20.00","1.00","344.64","17.23","0.00","0.00","0.00","0.00","277.68","1.40","232.77","1.18","167.46","0.85","39.27","0.20"
2022,2023,"SWKE0237","SWKB1130","500.52","16.68","0.00","0.00","643.50","21.45","292.56","9.75","0.00","0.00","0.00","0.00","2901.68","96.72","20.00","0.67","689.28","22.98","0.00","0.00","0.00","0.00","277.68","1.40","232.77","1.18","167.46","0.85","39.27","0.20"
2022,2023,"SWKE0021","SWKB1131","2691.19","5.16","0.00","0.00","8614.13","16.50","1589.72","3.05","0.00","0.00","566.14","1.08","9814.28","18.80","70.00","0.13","2642.61","5.06","0.00","0.00","2444.40","4.68","11477.97","0.96","6872.37","0.57","2775.59","0.23","5106.47","0.43"
2022,2023,"SWKE0021","SWKB1132","1487.48","6.33","0.00","0.00","793.77","3.38","847.47","3.61","0.00","0.00","0.00","0.00","8217.75","34.97","60.00","0.26","1882.24","8.01","0.00","0.00","2057.68","8.76","11477.97","0.96","6872.37","0.57","2775.59","0.23","5106.47","0.43"
2022,2023,"SWKE0021","SWKB1133","1016.77","1.95","0.00","0.00","3847.04","7.37","946.59","1.81","0.00","0.00","558.26","1.07","2909.70","5.57","20.00","0.04","765.55","1.47","0.00","0.00","756.60","1.45","11477.97","0.96","6872.37","0.57","2775.59","0.23","5106.47","0.43"
2022,2023,"SWKE0021","SWKB1134","1002.28","3.16","0.00","0.00","517.88","1.63","985.60","3.11","0.00","0.00","0.00","0.00","5571.46","17.58","30.00","0.09","1034.59","3.26","0.00","0.00","1263.40","3.99","11477.97","0.96","6872.37","0.57","2775.59","0.23","5106.47","0.43"
2022,2023,"SWKE0021","SWKB1135","2065.85","6.73","0.00","0.00","1395.16","4.54","1947.56","6.34","0.00","0.00","0.00","0.00","11402.10","37.14","70.00","0.23","2423.08","7.89","0.00","0.00","1984.21","6.46","11477.97","0.96","6872.37","0.57","2775.59","0.23","5106.47","0.43"
2022,2023,"SWKE0297","SWKB1136","2391.44","6.64","0.00","0.00","2588.40","7.19","891.36","2.48","0.00","0.00","1692.56","4.70","12549.36","34.86","80.00","0.22","2757.12","7.66","261.60","0.73","1578.80","4.39","5805.44","2.23","4462.90","1.71","1573.29","0.60","537.57","0.21"
2022,2023,"SWKE0100","SWKB1137","808.87","5.99","0.00","0.00","584.93","4.33","121.67","0.90","0.00","0.00","1071.48","7.94","0.00","0.00","70.00","0.52","2756.38","20.42","0.00","0.00","2116.73","15.68","3943.26","1.58","15133.29","6.06","3262.17","1.31","2132.32","0.85"
2022,2023,"SWKE0084","SWKB1138","1367.70","6.91","0.00","0.00","2557.42","12.92","1337.06","6.75","0.00","0.00","0.00","0.00","0.00","0.00","100.00","0.51","3837.66","19.38","368.53","1.86","3883.26","19.61","9947.29","3.00","6767.48","2.04","5024.55","1.52","1002.80","0.30"
2022,2023,"SWKE0041","SWKB1139","4186.61","11.86","0.00","0.00","4443.25","12.59","2257.44","6.40","0.00","0.00","1472.90","4.17","23275.48","65.94","130.00","0.37","4462.29","12.64","409.84","1.16","2907.32","8.24","66294.63","5.02","43369.16","3.28","23493.13","1.78","6607.17","0.50"
2022,2023,"SWKE0079","SWKB1140","649.91","11.61","0.00","0.00","1560.59","27.87","257.50","4.60","0.00","0.00","0.00","0.00","0.00","0.00","60.00","1.07","2129.72","38.03","0.00","0.00","1120.97","20.02","17553.15","17.82","7775.92","7.89","656.97","0.67","120.30","0.12"
2022,2023,"SWKE0274","SWKB1141","2427.66","21.87","0.00","0.00","1250.10","11.26","1830.78","16.49","0.00","0.00","0.00","0.00","13687.22","123.31","80.00","0.72","2912.30","26.24","0.00","0.00","3167.06","28.53","4758.09","3.55","2896.30","2.16","1515.54","1.13","462.79","0.35"
2022,2023,"SWKE0274","SWKB1142","687.86","22.93","0.00","0.00","841.36","28.05","330.70","11.02","0.00","0.00","0.00","0.00","3890.12","129.67","20.00","0.67","689.28","22.98","0.00","0.00","786.76","26.23","4758.09","3.55","2896.30","2.16","1515.54","1.13","462.79","0.35"
2022,2023,"SWKE0274","SWKB1143","291.48","9.72","0.00","0.00","264.21","8.81","187.71","6.26","0.00","0.00","0.00","0.00","1554.60","51.82","10.00","0.33","344.64","11.49","0.00","0.00","393.38","13.11","4758.09","3.55","2896.30","2.16","1515.54","1.13","462.79","0.35"
2022,2023,"SWKE0274","SWKB1144","874.32","29.14","0.00","0.00","589.29","19.64","502.32","16.74","0.00","0.00","0.00","0.00","4926.84","164.23","30.00","1.00","1033.92","34.46","0.00","0.00","1180.14","39.34","4758.09","3.55","2896.30","2.16","1515.54","1.13","462.79","0.35"
2022,2023,"SWKE0274","SWKB1145","925.59","30.85","0.00","0.00","87.45","2.92","678.33","22.61","0.00","0.00","0.00","0.00","5765.46","192.18","30.00","1.00","1033.92","34.46","0.00","0.00","1180.14","39.34","4758.09","3.55","2896.30","2.16","1515.54","1.13","462.79","0.35"
2022,2023,"SWKE0274","SWKB1146","1657.39","32.50","0.00","0.00","3007.25","58.97","1663.93","32.63","0.00","0.00","0.00","0.00","7699.16","150.96","40.00","0.78","1611.33","31.59","0.00","0.00","1809.48","35.48","4758.09","3.55","2896.30","2.16","1515.54","1.13","462.79","0.35"
2022,2023,"SWKE0274","SWKB1147","396.59","7.08","0.00","0.00","194.06","3.47","0.00","0.00","0.00","0.00","0.00","0.00","3118.04","55.68","10.00","0.18","343.32","6.13","0.00","0.00","72.25","1.29","4758.09","3.55","2896.30","2.16","1515.54","1.13","462.79","0.35"
2022,2023,"SWKE0239","SWKB1148","663.17","8.73","0.00","0.00","1633.11","21.49","151.00","1.99","0.00","0.00","0.00","0.00","0.00","0.00","70.00","0.92","2404.56","31.64","0.00","0.00","0.00","0.00","3103.27","12.98","1702.83","7.12","0.00","0.00","27.81","0.12"
2022,2023,"SWKE0239","SWKB1149","68.92","2.30","0.00","0.00","43.97","1.47","40.69","1.36","0.00","0.00","0.00","0.00","0.00","0.00","10.00","0.33","344.64","11.49","0.00","0.00","0.00","0.00","3103.27","12.98","1702.83","7.12","0.00","0.00","27.81","0.12"
2022,2023,"SWKE0239","SWKB1150","435.68","6.05","0.00","0.00","1610.59","22.37","88.14","1.22","0.00","0.00","0.00","0.00","0.00","0.00","40.00","0.56","1306.64","18.15","0.00","0.00","0.00","0.00","3103.27","12.98","1702.83","7.12","0.00","0.00","27.81","0.12"
2022,2023,"SWKE0240","SWKB1151","439.38","11.56","0.00","0.00","176.53","4.65","270.06","7.11","0.00","0.00","0.00","0.00","0.00","0.00","30.00","0.79","1116.93","29.39","43.90","1.16","1157.16","30.45","0.00","0.00","1629.21","42.87","0.00","0.00","0.00","0.00"
2022,2023,"SWKE0241","SWKB1152","544.32","8.51","0.00","0.00","514.89","8.05","228.30","3.57","0.00","0.00","666.53","10.41","0.00","0.00","50.00","0.78","1878.38","29.35","220.74","3.45","1649.60","25.78","188.56","1.75","38.76","0.36","0.00","0.00","57.61","0.53"
2022,2023,"SWKE0303","SWKB1153","2539.08","7.30","0.00","0.00","3962.52","11.39","3359.37","9.65","0.00","0.00","1407.21","4.04","0.00","0.00","180.00","0.52","6149.45","17.67","480.76","1.38","6591.05","18.94","3913.26","2.53","4496.29","2.91","2112.97","1.37","4221.99","2.73"
2022,2023,"SWKE0109","SWKB1154","628.16","12.32","0.00","0.00","641.86","12.59","700.64","13.74","0.00","0.00","0.00","0.00","0.00","0.00","40.00","0.78","1622.17","31.81","128.28","2.52","2157.03","42.29","28993.09","7.77","13027.12","3.49","5731.74","1.54","8768.26","2.35"
2022,2023,"SWKE0109","SWKB1155","668.68","11.33","0.00","0.00","378.86","6.42","670.18","11.36","0.00","0.00","0.00","0.00","0.00","0.00","40.00","0.68","1722.12","29.19","133.06","2.26","2544.52","43.13","28993.09","7.77","13027.12","3.49","5731.74","1.54","8768.26","2.35"
2022,2023,"SWKE0109","SWKB1156","369.42","6.06","0.00","0.00","503.27","8.25","344.22","5.64","0.00","0.00","0.00","0.00","0.00","0.00","20.00","0.33","861.06","14.12","72.37","1.19","1294.26","21.22","28993.09","7.77","13027.12","3.49","5731.74","1.54","8768.26","2.35"
2022,2023,"SWKE0109","SWKB1157","823.85","16.48","0.00","0.00","1286.62","25.73","791.26","15.83","0.00","0.00","0.00","0.00","0.00","0.00","40.00","0.80","2044.40","40.89","162.20","3.24","2674.66","53.49","28993.09","7.77","13027.12","3.49","5731.74","1.54","8768.26","2.35"
2022,2023,"SWKE0050","SWKB1158","1388.74","6.68","0.00","0.00","2537.50","12.20","1406.26","6.76","0.00","0.00","1394.06","6.70","0.00","0.00","100.00","0.48","4254.82","20.46","0.00","0.00","2023.16","9.73","2347.82","6.67","1077.61","3.06","291.83","0.83","0.00","0.00"
2022,2023,"SWKE0227","SWKB1159","741.88","8.06","0.00","0.00","204.46","2.22","840.59","9.14","0.00","0.00","0.00","0.00","0.00","0.00","60.00","0.65","2450.97","26.64","0.00","0.00","2082.27","22.63","20224.97","9.68","9128.09","4.37","4000.84","1.91","2920.21","1.40"
2022,2023,"SWKE0092","SWKB1160","3485.70","30.05","0.00","0.00","1167.50","10.06","60.70","0.52","0.00","0.00","0.00","0.00","24372.20","210.11","100.00","0.86","3433.20","29.60","0.00","0.00","942.10","8.12","25129.33","11.15","3853.35","1.71","3984.36","1.77","858.81","0.38"
2022,2023,"SWKE0092","SWKB1161","384.13","10.67","0.00","0.00","761.10","21.14","311.91","8.66","0.00","0.00","0.00","0.00","1535.83","42.66","10.00","0.28","422.23","11.73","32.71","0.91","359.10","9.98","25129.33","11.15","3853.35","1.71","3984.36","1.77","858.81","0.38"
2022,2023,"SWKE0092","SWKB1162","336.58","16.83","0.00","0.00","321.01","16.05","78.52","3.93","0.00","0.00","0.00","0.00","2140.12","107.01","10.00","0.50","338.99","16.95","0.00","0.00","68.75","3.44","25129.33","11.15","3853.35","1.71","3984.36","1.77","858.81","0.38"
2022,2023,"SWKE0092","SWKB1163","1570.16","18.26","0.00","0.00","369.87","4.30","12.11","0.14","0.00","0.00","0.00","0.00","11035.34","128.32","50.00","0.58","1713.10","19.92","0.00","0.00","339.61","3.95","25129.33","11.15","3853.35","1.71","3984.36","1.77","858.81","0.38"
2022,2023,"SWKE0092","SWKB1164","667.66","13.09","0.00","0.00","262.44","5.15","236.67","4.64","0.00","0.00","0.00","0.00","3925.36","76.97","20.00","0.39","766.87","15.04","0.00","0.00","718.19","14.08","25129.33","11.15","3853.35","1.71","3984.36","1.77","858.81","0.38"
2022,2023,"SWKE0041","SWKB1165","5603.87","22.69","0.00","0.00","5144.12","20.83","3095.95","12.53","0.00","0.00","2117.60","8.57","30873.19","124.99","160.00","0.65","5469.93","22.15","1215.07","4.92","4693.30","19.00","66294.63","5.02","43369.16","3.28","23493.13","1.78","6607.17","0.50"
2022,2023,"SWKE0267","SWKB1166","348.39","11.61","0.00","0.00","1211.90","40.40","0.00","0.00","0.00","0.00","0.00","0.00","1152.25","38.41","20.00","0.67","689.28","22.98","0.00","0.00","0.00","0.00","2415.03","2.07","464.80","0.40","246.56","0.21","316.96","0.27"
2022,2023,"SWKE0084","SWKB1167","231.30","5.26","0.00","0.00","70.45","1.60","252.66","5.74","0.00","0.00","0.00","0.00","1399.32","31.80","10.00","0.23","344.64","7.83","73.58","1.67","26.39","0.60","9947.29","3.00","6767.48","2.04","5024.55","1.52","1002.80","0.30"
2022,2023,"SWKE0033","SWKB1168","651.96","6.33","0.00","0.00","687.15","6.67","569.55","5.53","0.00","0.00","0.00","0.00","0.00","0.00","50.00","0.49","1861.43","18.07","161.95","1.57","1937.45","18.81","8881.31","4.52","3400.90","1.73","2480.48","1.26","1457.53","0.74"
2022,2023,"SWKE0242","SWKB1169","572.88","7.44","0.00","0.00","1906.36","24.76","226.50","2.94","0.00","0.00","0.00","0.00","0.00","0.00","40.00","0.52","1531.10","19.88","0.00","0.00","291.16","3.78","985.95","7.64","2817.43","21.84","221.61","1.72","0.00","0.00"
2022,2023,"SWKE0243","SWKB1170","687.21","13.22","0.00","0.00","363.21","6.98","371.94","7.15","0.00","0.00","0.00","0.00","0.00","0.00","60.00","1.15","2296.65","44.17","0.00","0.00","484.98","9.33","484.98","9.33","2592.27","49.85","146.49","2.82","131.55","2.53"
2022,2023,"SWKE0242","SWKB1171","732.94","14.10","0.00","0.00","2390.04","45.96","266.41","5.12","0.00","0.00","0.00","0.00","0.00","0.00","50.00","0.96","1874.42","36.05","0.00","0.00","547.24","10.52","985.95","7.64","2817.43","21.84","221.61","1.72","0.00","0.00"
2022,2023,"SWKE0035","SWKB1172","1064.35","8.12","0.00","0.00","217.83","1.66","675.06","5.15","0.00","0.00","0.00","0.00","0.00","0.00","80.00","0.61","3334.53","25.45","691.32","5.28","2805.78","21.42","1944.04","6.19","2931.60","9.34","240.91","0.77","1428.83","4.55"
2022,2023,"SWKE0352","SWKB1173","159.81","1.66","0.00","0.00","243.29","2.53","122.13","1.27","0.00","0.00","0.00","0.00","0.00","0.00","10.00","0.10","427.65","4.45","0.00","0.00","546.65","5.69","7891.72","2.79","6970.78","2.46","3122.20","1.10","1356.29","0.48"
2022,2023,"SWKE0323","SWKB1174","0.00","0.00","0.00","0.00","0.00","0.00","0.00","0.00","0.00","0.00","0.00","0.00","0.00","0.00","20.00","1.43","0.00","0.00","0.00","0.00","0.00","0.00","0.00","0.00","449.17","0.83","23.33","0.04","22.26","0.04"
2022,2023,"SWKE0323","SWKB1175","0.00","0.00","0.00","0.00","0.00","0.00","0.00","0.00","0.00","0.00","0.00","0.00","0.00","0.00","20.00","0.71","0.00","0.00","0.00","0.00","0.00","0.00","0.00","0.00","449.17","0.83","23.33","0.04","22.26","0.04"
2022,2023,"SWKE0323","SWKB1176","0.00","0.00","0.00","0.00","0.00","0.00","0.00","0.00","0.00","0.00","0.00","0.00","0.00","0.00","30.00","1.07","0.00","0.00","0.00","0.00","0.00","0.00","0.00","0.00","449.17","0.83","23.33","0.04","22.26","0.04"
2022,2023,"SWKE0323","SWKB1177","0.00","0.00","0.00","0.00","0.00","0.00","0.00","0.00","0.00","0.00","0.00","0.00","0.00","0.00","20.00","0.71","0.00","0.00","0.00","0.00","0.00","0.00","0.00","0.00","449.17","0.83","23.33","0.04","22.26","0.04"
2022,2023,"SWKE0323","SWKB1178","6.90","0.25","0.00","0.00","0.00","0.00","0.00","0.00","0.00","0.00","0.00","0.00","0.00","0.00","20.00","0.71","0.00","0.00","0.00","0.00","0.00","0.00","0.00","0.00","449.17","0.83","23.33","0.04","22.26","0.04"
2022,2023,"SWKE0041","SWKB1179","2883.40","16.38","0.00","0.00","2293.30","13.03","1426.78","8.11","0.00","0.00","1647.48","9.36","14776.54","83.96","100.00","0.57","3441.58","19.55","425.23","2.42","3129.04","17.78","66294.63","5.02","43369.16","3.28","23493.13","1.78","6607.17","0.50"
2022,2023,"SWKE0244","SWKB1180","160.28","4.45","0.00","0.00","460.20","12.78","43.18","1.20","0.00","0.00","0.00","0.00","0.00","0.00","10.00","0.28","422.23","11.73","32.71","0.91","245.56","6.82","1454.95","9.70","1471.74","9.81","0.00","0.00","65.11","0.43"
2022,2023,"SWKE0244","SWKB1181","224.16","6.23","0.00","0.00","42.80","1.19","0.00","0.00","0.00","0.00","0.00","0.00","0.00","0.00","20.00","0.56","844.46","23.46","65.42","1.82","491.12","13.64","1454.95","9.70","1471.74","9.81","0.00","0.00","65.11","0.43"
2022,2023,"SWKE0244","SWKB1182","443.76","10.57","0.00","0.00","800.64","19.06","0.00","0.00","0.00","0.00","0.00","0.00","0.00","0.00","30.00","0.71","1282.95","30.55","98.13","2.34","859.53","20.47","1454.95","9.70","1471.74","9.81","0.00","0.00","65.11","0.43"
2022,2023,"SWKE0244","SWKB1183","120.03","3.33","0.00","0.00","57.68","1.60","43.18","1.20","0.00","0.00","0.00","0.00","0.00","0.00","10.00","0.28","422.23","11.73","32.71","0.91","245.56","6.82","1454.95","9.70","1471.74","9.81","0.00","0.00","65.11","0.43"
2022,2023,"SWKE0208","SWKB1184","786.34","6.96","0.00","0.00","1121.84","9.93","314.81","2.79","0.00","0.00","0.00","0.00","0.00","0.00","80.00","0.71","2751.19","24.35","189.33","1.68","2298.57","20.34","2403.71","0.97","5063.13","2.04","2800.57","1.13","1360.06","0.55"
2022,2023,"SWKE0245","SWKB1185","113.78","1.90","0.00","0.00","34.41","0.57","73.50","1.23","0.00","0.00","0.00","0.00","0.00","0.00","10.00","0.17","343.32","5.72","0.00","0.00","401.37","6.69","0.00","0.00","253.65","4.23","31.52","0.53","0.00","0.00"
2022,2023,"SWKE0185","SWKB1186","214.88","5.97","0.00","0.00","65.36","1.82","217.10","6.03","0.00","0.00","0.00","0.00","0.00","0.00","20.00","0.56","844.46","23.46","0.00","0.00","508.04","14.11","838.18","7.76","780.50","7.23","179.90","1.67","0.00","0.00"
2022,2023,"SWKE0185","SWKB1187","261.74","7.27","0.00","0.00","482.84","13.41","159.10","4.42","0.00","0.00","0.00","0.00","0.00","0.00","20.00","0.56","844.46","23.46","109.00","3.03","508.04","14.11","838.18","7.76","780.50","7.23","179.90","1.67","0.00","0.00"
2022,2023,"SWKE0246","SWKB1188","631.12","15.03","0.00","0.00","380.24","9.05","361.88","8.62","0.00","0.00","0.00","0.00","0.00","0.00","40.00","0.95","1710.60","40.73","0.00","0.00","1939.96","46.19","933.96","22.24","780.48","18.58","203.88","4.85","0.00","0.00"
2022,2023,"SWKE0247","SWKB1189","518.06","7.51","0.00","0.00","106.58","1.54","981.29","14.22","0.00","0.00","0.00","0.00","0.00","0.00","40.00","0.58","1536.52","22.27","0.00","0.00","1285.35","18.63","18071.71","8.68","3899.56","1.87","865.69","0.42","2916.64","1.40"
2022,2023,"SWKE0247","SWKB1190","755.15","4.78","0.00","0.00","304.57","1.93","690.38","4.37","0.00","0.00","0.00","0.00","0.00","0.00","70.00","0.44","2461.33","15.58","0.00","0.00","2165.34","13.70","18071.71","8.68","3899.56","1.87","865.69","0.42","2916.64","1.40"
2022,2023,"SWKE0247","SWKB1191","757.98","4.68","0.00","0.00","197.41","1.22","652.59","4.03","0.00","0.00","0.00","0.00","0.00","0.00","80.00","0.49","2839.02","17.52","0.00","0.00","1956.39","12.08","18071.71","8.68","3899.56","1.87","865.69","0.42","2916.64","1.40"
2022,2023,"SWKE0247","SWKB1192","465.51","4.75","0.00","0.00","702.21","7.17","466.38","4.76","0.00","0.00","0.00","0.00","0.00","0.00","30.00","0.31","1289.05","13.15","0.00","0.00","1161.91","11.86","18071.71","8.68","3899.56","1.87","865.69","0.42","2916.64","1.40"
2022,2023,"SWKE0247","SWKB1193","221.39","3.30","0.00","0.00","111.16","1.66","320.34","4.78","0.00","0.00","0.00","0.00","0.00","0.00","20.00","0.30","683.63","10.20","0.00","0.00","580.95","8.67","18071.71","8.68","3899.56","1.87","865.69","0.42","2916.64","1.40"
2022,2023,"SWKE0247","SWKB1194","446.40","5.44","0.00","0.00","1033.24","12.60","522.60","6.37","0.00","0.00","0.00","0.00","0.00","0.00","30.00","0.37","1110.19","13.54","0.00","0.00","950.64","11.59","18071.71","8.68","3899.56","1.87","865.69","0.42","2916.64","1.40"
2022,2023,"SWKE0247","SWKB1195","342.42","5.27","0.00","0.00","635.89","9.78","214.14","3.29","0.00","0.00","0.00","0.00","0.00","0.00","30.00","0.46","954.66","14.69","0.00","0.00","819.26","12.60","18071.71","8.68","3899.56","1.87","865.69","0.42","2916.64","1.40"
2022,2023,"SWKE0247","SWKB1196","124.06","2.03","0.00","0.00","149.45","2.45","163.29","2.68","0.00","0.00","0.00","0.00","0.00","0.00","10.00","0.16","338.99","5.56","0.00","0.00","306.43","5.02","18071.71","8.68","3899.56","1.87","865.69","0.42","2916.64","1.40"
2022,2023,"SWKE0247","SWKB1197","786.02","11.73","0.00","0.00","85.29","1.27","995.93","14.86","0.00","0.00","0.00","0.00","0.00","0.00","70.00","1.04","2464.83","36.79","0.00","0.00","2243.05","33.48","18071.71","8.68","3899.56","1.87","865.69","0.42","2916.64","1.40"
2022,2023,"SWKE0247","SWKB1198","531.55","6.90","0.00","0.00","887.17","11.52","414.06","5.38","0.00","0.00","0.00","0.00","0.00","0.00","40.00","0.52","1555.18","20.20","0.00","0.00","1336.03","17.35","18071.71","8.68","3899.56","1.87","865.69","0.42","2916.64","1.40"
2022,2023,"SWKE0247","SWKB1199","292.14","3.79","0.00","0.00","485.96","6.31","198.01","2.57","0.00","0.00","0.00","0.00","0.00","0.00","20.00","0.26","691.27","8.98","0.00","0.00","840.05","10.91","18071.71","8.68","3899.56","1.87","865.69","0.42","2916.64","1.40"
2022,2023,"SWKE0328","SWKB1237","123.08","5.86","0.00","0.00","0.00","0.00","0.00","0.00","0.00","0.00","0.00","0.00","0.00","0.00","20.00","0.95","0.00","0.00","0.00","0.00","0.00","0.00","16278.41","11.42","33261.27","23.34","7166.77","5.03","1330.05","0.93"
2022,2023,"SWKE0247","SWKB1200","357.13","5.67","0.00","0.00","213.52","3.39","402.17","6.38","0.00","0.00","0.00","0.00","0.00","0.00","30.00","0.48","1025.63","16.28","0.00","0.00","988.57","15.69","18071.71","8.68","3899.56","1.87","865.69","0.42","2916.64","1.40"
2022,2023,"SWKE0247","SWKB1201","171.72","3.58","0.00","0.00","121.39","2.53","571.09","11.90","0.00","0.00","0.00","0.00","0.00","0.00","10.00","0.21","422.23","8.80","0.00","0.00","320.11","6.67","18071.71","8.68","3899.56","1.87","865.69","0.42","2916.64","1.40"
2022,2023,"SWKE0247","SWKB1202","335.55","6.10","0.00","0.00","16.61","0.30","702.91","12.78","0.00","0.00","0.00","0.00","0.00","0.00","30.00","0.55","1043.55","18.97","0.00","0.00","839.33","15.26","18071.71","8.68","3899.56","1.87","865.69","0.42","2916.64","1.40"
2022,2023,"SWKE0247","SWKB1203","138.12","2.16","0.00","0.00","64.98","1.02","43.81","0.68","0.00","0.00","0.00","0.00","0.00","0.00","10.00","0.16","542.38","8.47","0.00","0.00","401.97","6.28","18071.71","8.68","3899.56","1.87","865.69","0.42","2916.64","1.40"
2022,2023,"SWKE0247","SWKB1204","691.90","10.98","0.00","0.00","2610.64","41.44","770.32","12.23","0.00","0.00","0.00","0.00","0.00","0.00","40.00","0.63","1314.58","20.87","0.00","0.00","1187.92","18.86","18071.71","8.68","3899.56","1.87","865.69","0.42","2916.64","1.40"
2022,2023,"SWKE0247","SWKB1205","119.53","2.49","0.00","0.00","39.12","0.82","223.33","4.65","0.00","0.00","0.00","0.00","0.00","0.00","10.00","0.21","338.99","7.06","0.00","0.00","311.41","6.49","18071.71","8.68","3899.56","1.87","865.69","0.42","2916.64","1.40"
2022,2023,"SWKE0247","SWKB1206","725.01","11.51","0.00","0.00","1454.11","23.08","598.10","9.49","0.00","0.00","0.00","0.00","0.00","0.00","60.00","0.95","1856.99","29.48","0.00","0.00","1787.63","28.38","18071.71","8.68","3899.56","1.87","865.69","0.42","2916.64","1.40"
2022,2023,"SWKE0247","SWKB1207","388.42","6.07","0.00","0.00","964.25","15.07","217.89","3.40","0.00","0.00","0.00","0.00","0.00","0.00","30.00","0.47","1111.51","17.37","0.00","0.00","837.38","13.08","18071.71","8.68","3899.56","1.87","865.69","0.42","2916.64","1.40"
2022,2023,"SWKE0247","SWKB1208","269.46","3.80","0.00","0.00","622.01","8.76","269.25","3.79","0.00","0.00","0.00","0.00","0.00","0.00","20.00","0.28","620.00","8.73","0.00","0.00","618.41","8.71","18071.71","8.68","3899.56","1.87","865.69","0.42","2916.64","1.40"
2022,2023,"SWKE0247","SWKB1209","207.47","4.72","0.00","0.00","774.81","17.61","285.78","6.50","0.00","0.00","0.00","0.00","0.00","0.00","10.00","0.23","343.32","7.80","0.00","0.00","341.29","7.76","18071.71","8.68","3899.56","1.87","865.69","0.42","2916.64","1.40"
2022,2023,"SWKE0247","SWKB1210","748.41","9.13","0.00","0.00","460.05","5.61","815.27","9.94","0.00","0.00","0.00","0.00","0.00","0.00","70.00","0.85","2211.26","26.97","0.00","0.00","2161.62","26.36","18071.71","8.68","3899.56","1.87","865.69","0.42","2916.64","1.40"
2022,2023,"SWKE0247","SWKB1211","526.64","4.15","0.00","0.00","1001.24","7.88","387.36","3.05","0.00","0.00","0.00","0.00","0.00","0.00","40.00","0.31","1605.68","12.64","0.00","0.00","1142.48","9.00","18071.71","8.68","3899.56","1.87","865.69","0.42","2916.64","1.40"
2022,2023,"SWKE0247","SWKB1212","466.29","6.06","0.00","0.00","456.96","5.93","448.14","5.82","0.00","0.00","0.00","0.00","0.00","0.00","50.00","0.65","1636.92","21.26","0.00","0.00","1123.45","14.59","18071.71","8.68","3899.56","1.87","865.69","0.42","2916.64","1.40"
2022,2023,"SWKE0247","SWKB1213","459.22","5.96","0.00","0.00","314.76","4.09","357.64","4.64","0.00","0.00","0.00","0.00","0.00","0.00","40.00","0.52","1522.44","19.77","0.00","0.00","1267.56","16.46","18071.71","8.68","3899.56","1.87","865.69","0.42","2916.64","1.40"
2022,2023,"SWKE0247","SWKB1214","560.52","3.79","0.00","0.00","604.09","4.08","399.43","2.70","0.00","0.00","0.00","0.00","0.00","0.00","50.00","0.34","1804.77","12.19","0.00","0.00","1478.76","9.99","18071.71","8.68","3899.56","1.87","865.69","0.42","2916.64","1.40"
2022,2023,"SWKE0022","SWKB1215","849.28","7.58","0.00","0.00","1482.24","13.23","378.80","3.38","0.00","0.00","0.00","0.00","0.00","0.00","80.00","0.71","2757.12","24.62","0.00","0.00","2194.00","19.59","1943.04","4.11","2061.38","4.36","782.42","1.65","759.23","1.61"
2022,2023,"SWKE0307","SWKB1216","1192.82","6.89","0.00","0.00","1937.21","11.20","762.63","4.41","0.00","0.00","1182.51","6.84","0.00","0.00","80.00","0.46","2747.69","15.88","82.94","0.48","2661.75","15.39","10327.23","5.35","10931.39","5.66","1722.40","0.89","2244.32","1.16"
2022,2023,"SWKE0030","SWKB1217","5276.70","10.55","0.00","0.00","12435.73","24.87","1809.99","3.62","0.00","0.00","4105.40","8.21","19936.75","39.87","130.00","0.26","4619.29","9.24","479.88","0.96","4153.67","8.31","13046.37","5.16","12907.80","5.10","2492.06","0.99","3207.96","1.27"
2022,2023,"SWKE0250","SWKB1218","99.28","2.76","0.00","0.00","97.92","2.72","106.85","2.97","0.00","0.00","0.00","0.00","0.00","0.00","10.00","0.28","422.23","11.73","49.05","1.36","155.18","4.31","125.72","3.49","0.00","0.00","35.80","0.99","0.00","0.00"
2022,2023,"SWKE0251","SWKB1219","1299.10","13.53","0.00","0.00","1469.45","15.31","6909.20","71.97","0.00","0.00","0.00","0.00","0.00","0.00","50.00","0.52","1694.95","17.66","0.00","0.00","1114.10","11.61","1908.78","4.09","583.88","1.25","272.18","0.58","0.00","0.00"
2022,2023,"SWKE0288","SWKB1220","1006.39","5.99","0.00","0.00","759.75","4.52","1020.27","6.07","0.00","0.00","1397.62","8.32","0.00","0.00","80.00","0.48","2746.56","16.35","0.00","0.00","2681.44","15.96","36388.87","5.99","15134.54","2.49","3958.58","0.65","5509.76","0.91"
2022,2023,"SWKE0048","SWKB1221","0.00","0.00","0.00","0.00","768.44","4.83","4270.38","26.86","0.00","0.00","2705.98","17.02","0.00","0.00","80.00","0.50","3384.33","21.29","397.21","2.50","3666.55","23.06","0.00","0.00","3803.49","1.48","4526.42","1.76","13547.48","5.26"
2022,2023,"SWKE0119","SWKB1222","1114.53","37.15","0.00","0.00","0.00","0.00","146.46","4.88","0.00","0.00","0.00","0.00","8319.27","277.31","30.00","1.00","1033.92","34.46","0.00","0.00","1175.94","39.20","7478.12","5.24","216.06","0.15","1046.96","0.73","743.96","0.52"
2022,2023,"SWKE0119","SWKB1223","349.25","8.32","0.00","0.00","351.17","8.36","104.29","2.48","0.00","0.00","0.00","0.00","2142.67","51.02","10.00","0.24","344.64","8.21","0.00","0.00","393.20","9.36","7478.12","5.24","216.06","0.15","1046.96","0.73","743.96","0.52"
2022,2023,"SWKE0152","SWKB1224","4350.18","10.33","0.00","0.00","11634.07","27.63","3459.42","8.22","0.00","0.00","0.00","0.00","0.00","0.00","310.00","0.74","11337.79","26.93","0.00","0.00","9972.90","23.69","9686.42","6.54","5542.07","3.74","3827.76","2.58","825.96","0.56"
2022,2023,"SWKE0056","SWKB1225","200.10","1.55","0.00","0.00","158.22","1.23","197.12","1.53","0.00","0.00","0.00","0.00","0.00","0.00","20.00","0.16","686.64","5.32","0.00","0.00","269.96","2.09","11236.68","7.22","2379.71","1.53","2129.49","1.37","2380.20","1.53"
2022,2023,"SWKE0048","SWKB1226","0.00","0.00","0.00","0.00","1360.85","4.95","1657.33","6.03","0.00","0.00","2358.07","8.57","0.00","0.00","160.00","0.58","6961.40","25.31","22321.10","81.17","7422.71","26.99","0.00","0.00","3803.49","1.48","4526.42","1.76","13547.48","5.26"
2022,2023,"SWKE0112","SWKB1227","1725.96","12.51","0.00","0.00","534.53","3.87","958.88","6.95","0.00","0.00","0.00","0.00","0.00","0.00","400.00","2.90","6634.78","48.08","0.00","0.00","4998.32","36.22","37372.02","7.97","29578.18","6.31","5048.69","1.08","2283.47","0.49"
2022,2023,"SWKE0122","SWKB1228","113.60","2.32","0.00","0.00","0.00","0.00","0.00","0.00","0.00","0.00","0.00","0.00","0.00","0.00","20.00","0.41","0.00","0.00","0.00","0.00","0.00","0.00","20294.21","25.02","4938.76","6.09","614.23","0.76","5108.91","6.30"
2022,2023,"SWKE0316","SWKB1229","724.14","8.83","0.00","0.00","759.69","9.26","401.14","4.89","0.00","0.00","0.00","0.00","0.00","0.00","60.00","0.73","2466.63","30.08","0.00","0.00","2270.15","27.68","29606.81","9.09","8008.07","2.46","3575.40","1.10","1671.91","0.51"
2022,2023,"SWKE0328","SWKB1230","889.78","10.59","0.00","0.00","224.88","2.68","794.06","9.45","0.00","0.00","0.00","0.00","0.00","0.00","80.00","0.95","2912.30","34.67","0.00","0.00","1273.86","15.17","16278.41","11.42","33261.27","23.34","7166.77","5.03","1330.05","0.93"
2022,2023,"SWKE0328","SWKB1231","337.80","4.02","0.00","0.00","56.16","0.67","338.88","4.03","0.00","0.00","0.00","0.00","0.00","0.00","30.00","0.36","1111.51","13.23","0.00","0.00","464.77","5.53","16278.41","11.42","33261.27","23.34","7166.77","5.03","1330.05","0.93"
2022,2023,"SWKE0328","SWKB1232","723.97","8.62","0.00","0.00","119.70","1.43","535.26","6.37","0.00","0.00","0.00","0.00","0.00","0.00","110.00","1.31","2567.66","30.57","0.00","0.00","1093.84","13.02","16278.41","11.42","33261.27","23.34","7166.77","5.03","1330.05","0.93"
2022,2023,"SWKE0328","SWKB1233","0.00","0.00","0.00","0.00","0.00","0.00","0.00","0.00","0.00","0.00","0.00","0.00","0.00","0.00","10.00","0.48","0.00","0.00","0.00","0.00","0.00","0.00","16278.41","11.42","33261.27","23.34","7166.77","5.03","1330.05","0.93"
2022,2023,"SWKE0328","SWKB1234","147.94","7.04","0.00","0.00","0.00","0.00","0.00","0.00","0.00","0.00","0.00","0.00","0.00","0.00","30.00","1.43","0.00","0.00","0.00","0.00","0.00","0.00","16278.41","11.42","33261.27","23.34","7166.77","5.03","1330.05","0.93"
2022,2023,"SWKE0328","SWKB1235","96.80","4.61","0.00","0.00","0.00","0.00","0.00","0.00","0.00","0.00","0.00","0.00","0.00","0.00","20.00","0.95","0.00","0.00","0.00","0.00","0.00","0.00","16278.41","11.42","33261.27","23.34","7166.77","5.03","1330.05","0.93"
2022,2023,"SWKE0328","SWKB1236","123.08","5.86","0.00","0.00","0.00","0.00","0.00","0.00","0.00","0.00","0.00","0.00","0.00","0.00","10.00","0.48","0.00","0.00","0.00","0.00","0.00","0.00","16278.41","11.42","33261.27","23.34","7166.77","5.03","1330.05","0.93"
2022,2023,"SWKE0328","SWKB1238","61.54","2.93","0.00","0.00","0.00","0.00","0.00","0.00","0.00","0.00","0.00","0.00","0.00","0.00","10.00","0.48","0.00","0.00","0.00","0.00","0.00","0.00","16278.41","11.42","33261.27","23.34","7166.77","5.03","1330.05","0.93"
2022,2023,"SWKE0021","SWKB1239","830.20","6.06","0.00","0.00","1122.81","8.20","379.21","2.77","0.00","0.00","0.00","0.00","4297.01","31.37","30.00","0.22","1272.11","9.29","0.00","0.00","669.56","4.89","11477.97","0.96","6872.37","0.57","2775.59","0.23","5106.47","0.43"
2022,2023,"SWKE0145","SWKB1240","4808.69","7.69","0.00","0.00","12584.08","20.13","1799.29","2.88","0.00","0.00","0.00","0.00","0.00","0.00","410.00","0.66","16455.48","26.33","0.00","0.00","9274.16","14.84","28851.81","5.32","12285.67","2.26","6990.17","1.29","3304.06","0.61"
2022,2023,"SWKE0329","SWKB1241","1138.56","6.33","0.00","0.00","2256.96","12.54","1001.78","5.57","0.00","0.00","937.80","5.21","0.00","0.00","80.00","0.44","3244.34","18.02","0.00","0.00","1834.58","10.19","67056.41","7.86","57695.83","6.77","7120.45","0.84","2827.45","0.33"
2022,2023,"SWKE0329","SWKB1242","1108.04","6.16","0.00","0.00","2930.24","16.28","927.44","5.15","0.00","0.00","683.84","3.80","0.00","0.00","180.00","1.00","3067.48","17.04","0.00","0.00","1614.44","8.97","67056.41","7.86","57695.83","6.77","7120.45","0.84","2827.45","0.33"
2022,2023,"SWKE0100","SWKB1243","999.57","13.88","0.00","0.00","482.14","6.70","6339.27","88.05","0.00","0.00","0.00","0.00","0.00","0.00","30.00","0.42","1199.94","16.67","0.00","0.00","1367.41","18.99","3943.26","1.58","15133.29","6.06","3262.17","1.31","2132.32","0.85"
2022,2023,"SWKE0256","SWKB1244","133.67","7.43","0.00","0.00","0.00","0.00","155.65","8.65","0.00","0.00","0.00","0.00","0.00","0.00","10.00","0.56","542.23","30.12","0.00","0.00","0.00","0.00","230.00","12.78","408.82","22.71","0.00","0.00","0.00","0.00"
2022,2023,"SWKE0331","SWKB1245","1131.83","9.93","0.00","0.00","1134.91","9.96","584.90","5.13","0.00","0.00","0.00","0.00","0.00","0.00","70.00","0.61","2412.50","21.16","424.30","3.72","2451.64","21.51","8422.69","14.62","4764.21","8.27","1523.48","2.64","1088.32","1.89"
2022,2023,"SWKE0324","SWKB1638","0.00","0.00","0.00","0.00","0.00","0.00","0.00","0.00","0.00","0.00","0.00","0.00","0.00","0.00","20.00","0.71","0.00","0.00","0.00","0.00","0.00","0.00","107.58","0.07","13.33","0.01","16.92","0.01","26.16","0.02"
2022,2023,"SWKE0331","SWKB1246","432.37","7.21","0.00","0.00","33.99","0.57","24.76","0.41","0.00","0.00","0.00","0.00","0.00","0.00","30.00","0.50","1236.93","20.62","225.00","3.75","1286.38","21.44","8422.69","14.62","4764.21","8.27","1523.48","2.64","1088.32","1.89"
2022,2023,"SWKE0331","SWKB1247","747.10","6.55","0.00","0.00","532.90","4.67","503.85","4.42","0.00","0.00","0.00","0.00","0.00","0.00","50.00","0.44","1716.60","15.06","295.71","2.59","1464.10","12.84","8422.69","14.62","4764.21","8.27","1523.48","2.64","1088.32","1.89"
2022,2023,"SWKE0254","SWKB1248","773.78","12.90","0.00","0.00","477.31","7.96","281.58","4.69","0.00","0.00","0.00","0.00","5126.93","85.45","20.00","0.33","683.63","11.39","63.49","1.06","691.57","11.53","28014.15","5.93","12841.99","2.72","3467.67","0.73","2878.73","0.61"
2022,2023,"SWKE0254","SWKB1249","1854.41","12.36","0.00","0.00","248.97","1.66","201.19","1.34","0.00","0.00","0.00","0.00","13013.93","86.76","60.00","0.40","2039.59","13.60","179.13","1.19","1546.18","10.31","28014.15","5.93","12841.99","2.72","3467.67","0.73","2878.73","0.61"
2022,2023,"SWKE0258","SWKB1250","2623.55","17.15","0.00","0.00","5755.48","37.62","1120.80","7.33","0.00","0.00","0.00","0.00","0.00","0.00","150.00","0.98","6793.62","44.40","668.15","4.37","2217.43","14.49","1686.27","10.67","6614.27","41.86","26.62","0.17","1352.55","8.56"
2022,2023,"SWKE0087","SWKB1251","1589.72","7.10","0.00","0.00","2967.18","13.25","863.52","3.86","0.00","0.00","1854.53","8.28","0.00","0.00","300.00","1.34","4117.66","18.38","0.00","0.00","4288.43","19.14","9590.04","5.73","5415.19","3.23","1480.71","0.88","1213.61","0.72"
2022,2023,"SWKE0302","SWKB1252","334.85","2.46","0.00","0.00","667.68","4.91","237.22","1.74","0.00","0.00","0.00","0.00","0.00","0.00","20.00","0.15","686.64","5.05","34.33","0.25","742.46","5.46","11188.21","15.26","2938.39","4.01","962.50","1.31","720.79","0.98"
2022,2023,"SWKE0201","SWKB1253","1245.54","8.36","0.00","0.00","1131.90","7.60","1090.56","7.32","0.00","0.00","1657.64","11.13","0.00","0.00","90.00","0.60","3733.92","25.06","245.28","1.65","2000.35","13.43","36636.71","8.79","15477.74","3.71","7328.70","1.76","4457.84","1.07"
2022,2023,"SWKE0112","SWKB1254","1069.53","6.90","0.00","0.00","735.38","4.74","989.42","6.38","0.00","0.00","0.00","0.00","0.00","0.00","90.00","0.58","3564.32","23.00","0.00","0.00","2848.75","18.38","37372.02","7.97","29578.18","6.31","5048.69","1.08","2283.47","0.49"
2022,2023,"SWKE0041","SWKB1255","67.99","9.71","0.00","0.00","0.00","0.00","0.00","0.00","0.00","0.00","0.00","0.00","0.00","0.00","10.00","1.43","427.65","61.09","0.00","0.00","10.27","1.47","66294.63","5.02","43369.16","3.28","23493.13","1.78","6607.17","0.50"
2022,2023,"SWKE0041","SWKB1256","1139.99","9.91","0.00","0.00","3274.60","28.47","1047.61","9.11","0.00","0.00","988.17","8.59","0.00","0.00","60.00","0.52","2455.79","21.35","388.16","3.38","2035.31","17.70","66294.63","5.02","43369.16","3.28","23493.13","1.78","6607.17","0.50"
2022,2023,"SWKE0041","SWKB1257","1423.62","10.10","0.00","0.00","250.06","1.77","1465.74","10.40","0.00","0.00","0.00","0.00","0.00","0.00","140.00","0.99","5972.00","42.35","484.02","3.43","2365.18","16.77","66294.63","5.02","43369.16","3.28","23493.13","1.78","6607.17","0.50"
2022,2023,"SWKE0041","SWKB1258","940.22","8.18","0.00","0.00","279.72","2.43","1199.29","10.43","0.00","0.00","1063.78","9.25","0.00","0.00","60.00","0.52","2826.70","24.58","276.44","2.40","2355.55","20.48","66294.63","5.02","43369.16","3.28","23493.13","1.78","6607.17","0.50"
2022,2023,"SWKE0041","SWKB1259","2276.04","10.69","0.00","0.00","2388.84","11.22","3132.06","14.70","0.00","0.00","0.00","0.00","0.00","0.00","140.00","0.66","5159.06","24.22","4134.85","19.41","4245.76","19.93","66294.63","5.02","43369.16","3.28","23493.13","1.78","6607.17","0.50"
2022,2023,"SWKE0041","SWKB1260","1092.26","9.50","0.00","0.00","706.25","6.14","1300.72","11.31","0.00","0.00","1332.45","11.59","0.00","0.00","80.00","0.70","3300.25","28.70","320.77","2.79","2336.69","20.32","66294.63","5.02","43369.16","3.28","23493.13","1.78","6607.17","0.50"
2022,2023,"SWKE0041","SWKB1261","972.47","8.38","0.00","0.00","1472.16","12.69","1331.82","11.48","0.00","0.00","877.21","7.56","0.00","0.00","60.00","0.52","2538.80","21.89","406.82","3.51","1823.67","15.72","66294.63","5.02","43369.16","3.28","23493.13","1.78","6607.17","0.50"
2022,2023,"SWKE0260","SWKB1262","649.86","12.26","0.00","0.00","81.88","1.54","45.63","0.86","0.00","0.00","0.00","0.00","0.00","0.00","60.00","1.13","2821.39","53.23","190.80","3.60","374.05","7.06","374.05","7.06","2461.34","46.44","149.43","2.82","0.00","0.00"
2022,2023,"SWKE0268","SWKB1263","850.96","10.13","0.00","0.00","1806.96","21.51","816.48","9.72","0.00","0.00","0.00","0.00","0.00","0.00","40.00","0.48","1373.28","16.35","130.82","1.56","1061.76","12.64","8828.25","5.68","3319.91","2.14","1881.60","1.21","21548.45","13.88"
2022,2023,"SWKE0329","SWKB1264","2009.18","5.46","0.00","0.00","2163.29","5.88","1178.39","3.20","0.00","0.00","0.00","0.00","0.00","0.00","180.00","0.49","7465.16","20.29","0.00","0.00","4749.99","12.91","67056.41","7.86","57695.83","6.77","7120.45","0.84","2827.45","0.33"
2022,2023,"SWKE0352","SWKB1265","2830.39","6.06","0.00","0.00","2556.05","5.47","2166.66","4.64","0.00","0.00","1300.70","2.79","14518.22","31.09","90.00","0.19","3644.89","7.80","302.21","0.65","1896.17","4.06","7891.72","2.79","6970.78","2.46","3122.20","1.10","1356.29","0.48"
2022,2023,"SWKE0345","SWKB1266","0.00","0.00","0.00","0.00","379.90","4.63","229.44","2.80","0.00","0.00","0.00","0.00","0.00","0.00","50.00","0.61","1885.34","22.99","0.00","0.00","1332.95","16.26","0.00","0.00","4652.46","6.40","495.01","0.68","532.60","0.73"
2022,2023,"SWKE0345","SWKB1267","0.00","0.00","0.00","0.00","3155.94","48.55","345.74","5.32","0.00","0.00","0.00","0.00","0.00","0.00","50.00","0.77","2127.41","32.73","0.00","0.00","1570.98","24.17","0.00","0.00","4652.46","6.40","495.01","0.68","532.60","0.73"
2022,2023,"SWKE0129","SWKB1268","2362.74","10.23","0.00","0.00","817.02","3.54","11830.20","51.21","0.00","0.00","0.00","0.00","6715.20","29.07","50.00","0.22","2067.84","8.95","196.20","0.85","603.60","2.61","33233.44","5.71","15254.16","2.62","6285.16","1.08","4205.47","0.72"
2022,2023,"SWKE0021","SWKB1269","847.43","5.30","0.00","0.00","504.80","3.16","476.80","2.98","0.00","0.00","0.00","0.00","4325.12","27.03","30.00","0.19","1108.87","6.93","0.00","0.00","1467.88","9.17","11477.97","0.96","6872.37","0.57","2775.59","0.23","5106.47","0.43"
2022,2023,"SWKE0352","SWKB1270","2189.70","7.99","0.00","0.00","4849.71","17.70","1773.81","6.47","0.00","0.00","0.00","0.00","0.00","0.00","140.00","0.51","5695.31","20.79","0.00","0.00","6477.38","23.64","7891.72","2.79","6970.78","2.46","3122.20","1.10","1356.29","0.48"
2022,2023,"SWKE0329","SWKB1271","2459.08","8.14","0.00","0.00","2094.11","6.93","1676.44","5.55","0.00","0.00","1829.29","6.06","0.00","0.00","410.00","1.36","8393.86","27.79","744.17","2.46","4758.59","15.76","67056.41","7.86","57695.83","6.77","7120.45","0.84","2827.45","0.33"
2022,2023,"SWKE0254","SWKB1272","1290.90","24.36","0.00","0.00","575.40","10.86","54.40","1.03","0.00","0.00","0.00","0.00","8885.70","167.65","30.00","0.57","1025.63","19.35","69.38","1.31","1547.11","29.19","28014.15","5.93","12841.99","2.72","3467.67","0.73","2878.73","0.61"
2022,2023,"SWKE0254","SWKB1273","3560.09","23.58","0.00","0.00","760.27","5.03","25.87","0.17","0.00","0.00","0.00","0.00","26243.55","173.80","100.00","0.66","3507.89","23.23","263.36","1.74","2545.62","16.86","28014.15","5.93","12841.99","2.72","3467.67","0.73","2878.73","0.61"
2022,2023,"SWKE0329","SWKB1274","469.49","9.39","0.00","0.00","693.19","13.86","124.40","2.49","0.00","0.00","0.00","0.00","2825.95","56.52","10.00","0.20","526.95","10.54","0.00","0.00","262.59","5.25","67056.41","7.86","57695.83","6.77","7120.45","0.84","2827.45","0.33"
2022,2023,"SWKE0328","SWKB1275","780.84","21.69","0.00","0.00","985.56","27.38","270.28","7.51","0.00","0.00","0.00","0.00","3839.76","106.66","20.00","0.56","844.46","23.46","0.00","0.00","813.36","22.59","16278.41","11.42","33261.27","23.34","7166.77","5.03","1330.05","0.93"
2022,2023,"SWKE0262","SWKB1276","343.50","11.45","0.00","0.00","0.00","0.00","388.20","12.94","0.00","0.00","0.00","0.00","0.00","0.00","20.00","0.67","1033.92","34.46","179.88","6.00","1088.73","36.29","2861.74","3.17","852.99","0.94","527.00","0.58","461.05","0.51"
2022,2023,"SWKE0262","SWKB1277","311.70","10.39","0.00","0.00","48.17","1.61","214.16","7.14","0.00","0.00","0.00","0.00","0.00","0.00","30.00","1.00","1033.92","34.46","147.16","4.91","1088.73","36.29","2861.74","3.17","852.99","0.94","527.00","0.58","461.05","0.51"
2022,2023,"SWKE0262","SWKB1278","443.28","14.78","0.00","0.00","1386.00","46.20","0.00","0.00","0.00","0.00","0.00","0.00","0.00","0.00","30.00","1.00","1033.92","34.46","179.88","6.00","1088.73","36.29","2861.74","3.17","852.99","0.94","527.00","0.58","461.05","0.51"
2022,2023,"SWKE0201","SWKB1279","324.81","3.42","0.00","0.00","301.47","3.17","514.69","5.42","0.00","0.00","546.06","5.75","0.00","0.00","20.00","0.21","849.88","8.95","0.00","0.00","422.39","4.45","36636.71","8.79","15477.74","3.71","7328.70","1.76","4457.84","1.07"
2022,2023,"SWKE0269","SWKB1280","1428.18","12.42","0.00","0.00","2531.09","22.01","854.10","7.43","0.00","0.00","2649.39","23.04","0.00","0.00","80.00","0.70","3145.07","27.35","255.92","2.23","2430.90","21.14","9084.30","4.93","2336.64","1.27","559.69","0.30","311.44","0.17"
2022,2023,"SWKE0263","SWKB1281","252.26","3.94","0.00","0.00","0.00","0.00","26.10","0.41","0.00","0.00","0.00","0.00","1519.75","23.75","10.00","0.16","343.32","5.36","0.00","0.00","101.23","1.58","15356.34","12.74","6185.99","5.13","5900.07","4.90","2608.91","2.17"
2022,2023,"SWKE0230","SWKB1282","383.20","6.72","0.00","0.00","43.30","0.76","122.38","2.15","0.00","0.00","0.00","0.00","0.00","0.00","40.00","0.70","1533.74","26.91","126.22","2.21","1283.34","22.51","3113.57","6.33","3347.79","6.80","215.28","0.44","93.35","0.19"
2022,2023,"SWKE0230","SWKB1283","531.83","8.58","0.00","0.00","28.52","0.46","203.10","3.28","0.00","0.00","0.00","0.00","0.00","0.00","50.00","0.81","2044.40","32.97","215.24","3.47","1808.23","29.17","3113.57","6.33","3347.79","6.80","215.28","0.44","93.35","0.19"
2022,2023,"SWKE0230","SWKB1284","239.41","3.11","0.00","0.00","21.51","0.28","80.01","1.04","0.00","0.00","0.00","0.00","0.00","0.00","20.00","0.26","861.06","11.18","63.71","0.83","874.90","11.36","3113.57","6.33","3347.79","6.80","215.28","0.44","93.35","0.19"
2022,2023,"SWKE0230","SWKB1285","352.74","5.69","0.00","0.00","104.00","1.68","216.34","3.49","0.00","0.00","0.00","0.00","0.00","0.00","30.00","0.48","1277.53","20.61","105.49","1.70","1166.60","18.82","3113.57","6.33","3347.79","6.80","215.28","0.44","93.35","0.19"
2022,2023,"SWKE0230","SWKB1286","521.60","9.15","0.00","0.00","30.05","0.53","166.90","2.93","0.00","0.00","0.00","0.00","0.00","0.00","50.00","0.88","2111.15","37.04","172.10","3.02","1750.00","30.70","3113.57","6.33","3347.79","6.80","215.28","0.44","93.35","0.19"
2022,2023,"SWKE0048","SWKB1287","0.00","0.00","0.00","0.00","20.03","0.15","1282.83","9.57","0.00","0.00","0.00","0.00","0.00","0.00","90.00","0.67","3256.94","24.31","10179.54","75.97","3423.39","25.55","0.00","0.00","3803.49","1.48","4526.42","1.76","13547.48","5.26"
2022,2023,"SWKE0277","SWKB1288","2244.60","7.77","0.00","0.00","3886.70","13.45","1331.13","4.61","0.00","0.00","0.00","0.00","0.00","0.00","320.00","1.11","11028.48","38.16","0.00","0.00","6137.92","21.24","0.00","0.00","274.79","0.13","39.83","0.02","28.34","0.01"
2022,2023,"SWKE0277","SWKB1289","1778.74","4.63","0.00","0.00","1096.46","2.86","806.21","2.10","0.00","0.00","0.00","0.00","0.00","0.00","480.00","1.25","10072.15","26.23","0.00","0.00","5775.77","15.04","0.00","0.00","274.79","0.13","39.83","0.02","28.34","0.01"
2022,2023,"SWKE0264","SWKB1290","290.56","4.92","0.00","0.00","182.48","3.09","472.64","8.01","0.00","0.00","754.62","12.79","0.00","0.00","20.00","0.34","689.28","11.68","60.96","1.03","602.80","10.22","127.84","2.17","0.00","0.00","14.92","0.25","0.00","0.00"
2022,2023,"SWKE0266","SWKB1291","844.70","9.08","0.00","0.00","4228.86","45.47","475.48","5.11","0.00","0.00","0.00","0.00","0.00","0.00","40.00","0.43","1524.10","16.39","0.00","0.00","1158.90","12.46","0.00","0.00","1003.88","10.79","43.80","0.47","11.96","0.13"
2022,2023,"SWKE0265","SWKB1292","221.21","3.69","0.00","0.00","107.81","1.80","163.25","2.72","0.00","0.00","0.00","0.00","0.00","0.00","20.00","0.33","607.13","10.12","14.39","0.24","287.98","4.80","585.38","9.76","417.39","6.96","28.84","0.48","0.00","0.00"
2022,2023,"SWKE0267","SWKB1293","517.26","10.35","0.00","0.00","117.03","2.34","0.00","0.00","0.00","0.00","0.00","0.00","3376.05","67.52","30.00","0.60","1033.92","20.68","0.00","0.00","0.00","0.00","2415.03","2.07","464.80","0.40","246.56","0.21","316.96","0.27"
2022,2023,"SWKE0267","SWKB1294","190.96","4.77","0.00","0.00","98.63","2.47","0.00","0.00","0.00","0.00","0.00","0.00","1251.11","31.28","10.00","0.25","344.64","8.62","0.00","0.00","0.00","0.00","2415.03","2.07","464.80","0.40","246.56","0.21","316.96","0.27"
2022,2023,"SWKE0267","SWKB1295","544.08","18.14","0.00","0.00","1889.06","62.97","0.00","0.00","0.00","0.00","0.00","0.00","2432.06","81.07","20.00","0.67","689.28","22.98","0.00","0.00","0.00","0.00","2415.03","2.07","464.80","0.40","246.56","0.21","316.96","0.27"
2022,2023,"SWKE0269","SWKB1296","1518.21","25.30","0.00","0.00","218.25","3.64","795.95","13.27","0.00","0.00","0.00","0.00","8589.75","143.16","50.00","0.83","1694.95","28.25","248.54","4.14","2024.35","33.74","9084.30","4.93","2336.64","1.27","559.69","0.30","311.44","0.17"
2022,2023,"SWKE0210","SWKB1297","3640.94","30.34","0.00","0.00","4433.24","36.94","652.24","5.44","0.00","0.00","0.00","0.00","21021.28","175.18","100.00","0.83","3620.38","30.17","0.00","0.00","3770.00","31.42","18399.95","6.76","6510.11","2.39","3421.44","1.26","2839.76","1.04"
2022,2023,"SWKE0208","SWKB1298","1305.86","6.60","0.00","0.00","4968.33","25.09","777.52","3.93","0.00","0.00","0.00","0.00","0.00","0.00","100.00","0.51","3397.46","17.16","0.00","0.00","2472.09","12.49","2403.71","0.97","5063.13","2.04","2800.57","1.13","1360.06","0.55"
2022,2023,"SWKE0270","SWKB1299","479.22","3.52","0.00","0.00","553.48","4.07","10.58","0.08","0.00","0.00","0.00","0.00","2649.34","19.48","10.00","0.07","689.28","5.07","0.00","0.00","444.08","3.27","3278.76","6.60","2109.47","4.24","182.28","0.37","41.12","0.08"
2022,2023,"SWKE0270","SWKB1300","1585.48","14.41","0.00","0.00","1904.59","17.31","173.02","1.57","0.00","0.00","0.00","0.00","8577.68","77.98","60.00","0.55","2455.79","22.33","0.00","0.00","1184.81","10.77","3278.76","6.60","2109.47","4.24","182.28","0.37","41.12","0.08"
2022,2023,"SWKE0270","SWKB1301","2819.92","19.31","0.00","0.00","1007.88","6.90","857.43","5.87","0.00","0.00","0.00","0.00","15969.43","109.38","110.00","0.75","4659.53","31.91","0.00","0.00","2898.95","19.86","3278.76","6.60","2109.47","4.24","182.28","0.37","41.12","0.08"
2022,2023,"SWKE0270","SWKB1302","754.95","7.19","0.00","0.00","316.32","3.01","56.07","0.53","0.00","0.00","0.00","0.00","4502.07","42.88","30.00","0.29","1266.69","12.06","0.00","0.00","606.72","5.78","3278.76","6.60","2109.47","4.24","182.28","0.37","41.12","0.08"
2022,2023,"SWKE0271","SWKB1303","924.12","12.84","0.00","0.00","1077.72","14.97","1322.82","18.37","0.00","0.00","0.00","0.00","0.00","0.00","60.00","0.83","2533.38","35.19","392.46","5.45","1889.16","26.24","10277.53","10.53","7516.94","7.70","1667.66","1.71","682.78","0.70"
2022,2023,"SWKE0271","SWKB1304","438.40","8.12","0.00","0.00","564.15","10.45","203.32","3.77","0.00","0.00","0.00","0.00","0.00","0.00","40.00","0.74","1364.10","25.26","123.55","2.29","1172.02","21.70","10277.53","10.53","7516.94","7.70","1667.66","1.71","682.78","0.70"
2022,2023,"SWKE0271","SWKB1305","96.95","1.80","0.00","0.00","99.68","1.85","0.00","0.00","0.00","0.00","0.00","0.00","0.00","0.00","10.00","0.19","339.82","6.29","29.07","0.54","275.77","5.11","10277.53","10.53","7516.94","7.70","1667.66","1.71","682.78","0.70"
2022,2023,"SWKE0271","SWKB1306","4290.44","12.77","0.00","0.00","6091.73","18.13","4175.68","12.43","0.00","0.00","7617.39","22.67","0.00","0.00","190.00","0.57","9528.98","28.36","728.63","2.17","5983.66","17.81","10277.53","10.53","7516.94","7.70","1667.66","1.71","682.78","0.70"
2022,2023,"SWKE0271","SWKB1307","3542.74","10.54","0.00","0.00","4414.08","13.14","4704.59","14.00","0.00","0.00","4975.72","14.81","0.00","0.00","190.00","0.57","8125.35","24.18","621.30","1.85","5102.26","15.19","10277.53","10.53","7516.94","7.70","1667.66","1.71","682.78","0.70"
2022,2023,"SWKE0271","SWKB1308","276.96","3.85","0.00","0.00","225.26","3.13","311.48","4.33","0.00","0.00","0.00","0.00","0.00","0.00","20.00","0.28","844.46","11.73","65.42","0.91","647.66","9.00","10277.53","10.53","7516.94","7.70","1667.66","1.71","682.78","0.70"
2022,2023,"SWKE0041","SWKB1309","220.61","5.25","0.00","0.00","1080.90","25.74","60.05","1.43","0.00","0.00","0.00","0.00","0.00","0.00","10.00","0.24","427.65","10.18","0.00","0.00","395.43","9.42","66294.63","5.02","43369.16","3.28","23493.13","1.78","6607.17","0.50"
2022,2023,"SWKE0041","SWKB1310","596.04","14.19","0.00","0.00","587.44","13.99","240.20","5.72","0.00","0.00","0.00","0.00","0.00","0.00","40.00","0.95","1710.60","40.73","872.12","20.76","1581.72","37.66","66294.63","5.02","43369.16","3.28","23493.13","1.78","6607.17","0.50"
2022,2023,"SWKE0041","SWKB1311","321.54","9.19","0.00","0.00","441.80","12.62","120.10","3.43","0.00","0.00","0.00","0.00","0.00","0.00","20.00","0.57","855.30","24.44","523.28","14.95","790.78","22.59","66294.63","5.02","43369.16","3.28","23493.13","1.78","6607.17","0.50"
2022,2023,"SWKE0041","SWKB1312","736.69","5.38","0.00","0.00","1091.51","7.97","369.74","2.70","0.00","0.00","0.00","0.00","0.00","0.00","260.00","1.90","2412.48","17.61","305.65","2.23","1977.22","14.43","66294.63","5.02","43369.16","3.28","23493.13","1.78","6607.17","0.50"
2022,2023,"SWKE0041","SWKB1313","147.66","3.52","0.00","0.00","133.36","3.18","60.05","1.43","0.00","0.00","0.00","0.00","0.00","0.00","10.00","0.24","427.65","10.18","218.03","5.19","395.43","9.42","66294.63","5.02","43369.16","3.28","23493.13","1.78","6607.17","0.50"
2022,2023,"SWKE0008","SWKB1314","190.04","7.92","0.00","0.00","33.38","1.39","48.23","2.01","0.00","0.00","0.00","0.00","0.00","0.00","20.00","0.83","766.87","31.95","0.00","0.00","768.72","32.03","3589.01","1.56","3127.38","1.36","2324.56","1.01","3032.25","1.32"
2022,2023,"SWKE0008","SWKB1315","458.24","19.09","0.00","0.00","1136.37","47.35","131.52","5.48","0.00","0.00","0.00","0.00","0.00","0.00","40.00","1.67","1446.51","60.27","0.00","0.00","1378.98","57.46","3589.01","1.56","3127.38","1.36","2324.56","1.01","3032.25","1.32"
2022,2023,"SWKE0008","SWKB1316","266.25","11.09","0.00","0.00","0.00","0.00","80.98","3.37","0.00","0.00","0.00","0.00","0.00","0.00","30.00","1.25","1106.69","46.11","0.00","0.00","1088.67","45.36","3589.01","1.56","3127.38","1.36","2324.56","1.01","3032.25","1.32"
2022,2023,"SWKE0254","SWKB1317","12146.42","28.25","0.00","0.00","6550.64","15.23","5624.21","13.08","0.00","0.00","2208.99","5.14","81747.86","190.11","280.00","0.65","9621.91","22.38","582.92","1.36","8139.96","18.93","28014.15","5.93","12841.99","2.72","3467.67","0.73","2878.73","0.61"
2022,2023,"SWKE0152","SWKB1318","14712.50","27.45","0.00","0.00","14256.47","26.60","15676.24","29.25","0.00","0.00","10056.19","18.76","62598.23","116.79","420.00","0.78","13614.50","25.40","5246.84","9.79","17750.49","33.12","9686.42","6.54","5542.07","3.74","3827.76","2.58","825.96","0.56"
2022,2023,"SWKE0109","SWKB1319","791.52","15.22","0.00","0.00","2900.26","55.77","755.22","14.52","0.00","0.00","0.00","0.00","0.00","0.00","40.00","0.77","1539.76","29.61","130.19","2.50","1640.36","31.55","28993.09","7.77","13027.12","3.49","5731.74","1.54","8768.26","2.35"
2022,2023,"SWKE0109","SWKB1320","1794.67","20.87","0.00","0.00","6561.07","76.29","1194.24","13.89","0.00","0.00","1333.52","15.51","0.00","0.00","70.00","0.81","2999.99","34.88","228.19","2.65","3566.24","41.47","28993.09","7.77","13027.12","3.49","5731.74","1.54","8768.26","2.35"
2022,2023,"SWKE0109","SWKB1321","412.08","4.79","0.00","0.00","898.98","10.45","367.34","4.27","0.00","0.00","358.96","4.17","0.00","0.00","20.00","0.23","855.30","9.95","63.90","0.74","998.54","11.61","28993.09","7.77","13027.12","3.49","5731.74","1.54","8768.26","2.35"
2022,2023,"SWKE0109","SWKB1322","594.77","6.92","0.00","0.00","975.54","11.34","558.23","6.49","0.00","0.00","547.43","6.37","0.00","0.00","30.00","0.35","1289.05","14.99","100.40","1.17","1569.15","18.25","28993.09","7.77","13027.12","3.49","5731.74","1.54","8768.26","2.35"
2022,2023,"SWKE0109","SWKB1323","1107.12","16.05","0.00","0.00","5236.32","75.89","904.80","13.11","0.00","0.00","715.69","10.37","0.00","0.00","30.00","0.43","1572.08","22.78","127.04","1.84","1593.34","23.09","28993.09","7.77","13027.12","3.49","5731.74","1.54","8768.26","2.35"
2022,2023,"SWKE0109","SWKB1324","1547.27","29.76","0.00","0.00","7945.87","152.81","1620.63","31.17","0.00","0.00","0.00","0.00","0.00","0.00","50.00","0.96","2121.99","40.81","181.17","3.48","2282.24","43.89","28993.09","7.77","13027.12","3.49","5731.74","1.54","8768.26","2.35"
2022,2023,"SWKE0272","SWKB1325","1915.07","8.87","0.00","0.00","8967.33","41.52","637.40","2.95","0.00","0.00","826.57","3.83","0.00","0.00","70.00","0.32","3083.74","14.28","0.00","0.00","2727.80","12.63","726.97","3.37","1692.19","7.83","476.38","2.21","12.14","0.06"
2022,2023,"SWKE0068","SWKB1326","704.36","7.34","0.00","0.00","548.08","5.71","590.96","6.16","0.00","0.00","1175.40","12.24","0.00","0.00","40.00","0.42","1391.80","14.50","0.00","0.00","1708.68","17.80","2535.02","9.05","1193.40","4.26","37.74","0.13","0.00","0.00"
2022,2023,"SWKE0208","SWKB1327","496.02","1.48","0.00","0.00","536.79","1.60","669.87","1.99","0.00","0.00","718.14","2.14","0.00","0.00","30.00","0.09","1282.95","3.82","118.92","0.35","1196.04","3.56","2403.71","0.97","5063.13","2.04","2800.57","1.13","1360.06","0.55"
2022,2023,"SWKE0120","SWKB1328","769.77","3.09","0.00","0.00","744.34","2.99","408.90","1.64","0.00","0.00","0.00","0.00","0.00","0.00","640.00","2.57","2723.21","10.94","165.69","0.67","2714.46","10.90","14622.22","2.98","9062.23","1.85","5281.87","1.08","1329.84","0.27"
2022,2023,"SWKE0088","SWKB1329","290.82","5.70","0.00","0.00","430.95","8.45","82.72","1.62","0.00","0.00","0.00","0.00","0.00","0.00","30.00","0.59","1032.60","20.25","0.00","0.00","750.65","14.72","12142.16","4.46","2955.56","1.09","1191.99","0.44","892.70","0.33"
2022,2023,"SWKE0112","SWKB1330","2498.87","10.72","0.00","0.00","7499.98","32.19","958.14","4.11","0.00","0.00","0.00","0.00","0.00","0.00","170.00","0.73","6366.69","27.32","0.00","0.00","5231.52","22.45","37372.02","7.97","29578.18","6.31","5048.69","1.08","2283.47","0.49"
2022,2023,"SWKE0201","SWKB1331","250.00","2.63","0.00","0.00","112.78","1.19","90.96","0.96","0.00","0.00","253.00","2.66","0.00","0.00","20.00","0.21","855.30","9.00","72.28","0.76","454.88","4.79","36636.71","8.79","15477.74","3.71","7328.70","1.76","4457.84","1.07"
2022,2023,"SWKE0329","SWKB1332","958.32","8.33","0.00","0.00","833.54","7.25","1374.59","11.95","0.00","0.00","0.00","0.00","0.00","0.00","80.00","0.70","3063.65","26.64","336.10","2.92","1895.96","16.49","67056.41","7.86","57695.83","6.77","7120.45","0.84","2827.45","0.33"
2022,2023,"SWKE0329","SWKB1333","951.37","8.13","0.00","0.00","433.92","3.71","413.15","3.53","0.00","0.00","0.00","0.00","0.00","0.00","100.00","0.85","3911.94","33.44","312.89","2.67","2120.56","18.12","67056.41","7.86","57695.83","6.77","7120.45","0.84","2827.45","0.33"
2022,2023,"SWKE0329","SWKB1334","1159.63","9.58","0.00","0.00","2290.85","18.93","856.90","7.08","0.00","0.00","0.00","0.00","0.00","0.00","100.00","0.83","3525.98","29.14","312.81","2.59","2246.50","18.57","67056.41","7.86","57695.83","6.77","7120.45","0.84","2827.45","0.33"
2022,2023,"SWKE0290","SWKB1335","737.97","5.81","0.00","0.00","2307.97","18.17","1058.64","8.34","0.00","0.00","483.01","3.80","0.00","0.00","40.00","0.31","1616.75","12.73","84.96","0.67","938.55","7.39","6743.02","5.66","4905.29","4.12","700.05","0.59","382.49","0.32"
2022,2023,"SWKE0006","SWKB1336","1560.93","9.29","0.00","0.00","1497.88","8.92","1588.07","9.45","0.00","0.00","1837.26","10.94","0.00","0.00","90.00","0.54","4771.78","28.40","316.78","1.89","3085.05","18.36","4390.38","5.92","2677.50","3.61","532.93","0.72","1655.37","2.23"
2022,2023,"SWKE0002","SWKB1337","538.04","24.46","0.00","0.00","343.95","15.63","0.00","0.00","0.00","0.00","0.00","0.00","2884.92","131.13","20.00","0.91","683.14","31.05","0.00","0.00","883.96","40.18","3727.56","2.35","1029.04","0.65","898.67","0.57","507.13","0.32"
2022,2023,"SWKE0100","SWKB1338","2749.70","17.19","0.00","0.00","1397.44","8.73","16433.21","102.71","0.00","0.00","2678.03","16.74","0.00","0.00","80.00","0.50","3327.69","20.80","0.00","0.00","1999.32","12.50","3943.26","1.58","15133.29","6.06","3262.17","1.31","2132.32","0.85"
2022,2023,"SWKE0129","SWKB1339","711.41","4.94","0.00","0.00","1935.81","13.44","407.31","2.83","0.00","0.00","0.00","0.00","0.00","0.00","2400.00","16.67","2853.76","19.82","0.00","0.00","0.00","0.00","33233.44","5.71","15254.16","2.62","6285.16","1.08","4205.47","0.72"
2022,2023,"SWKE0087","SWKB1340","822.30","34.26","0.00","0.00","389.49","16.23","162.75","6.78","0.00","0.00","0.00","0.00","5545.41","231.06","30.00","1.25","1019.46","42.48","0.00","0.00","756.54","31.52","9590.04","5.73","5415.19","3.23","1480.71","0.88","1213.61","0.72"
2022,2023,"SWKE0224","SWKB1341","766.78","9.71","0.00","0.00","2138.90","27.07","887.48","11.23","0.00","0.00","0.00","0.00","0.00","0.00","40.00","0.51","1531.10","19.38","0.00","0.00","922.26","11.67","8921.77","22.76","3712.07","9.47","539.74","1.38","129.50","0.33"
2022,2023,"SWKE0273","SWKB1342","1213.62","9.41","0.00","0.00","1826.64","14.16","405.90","3.15","0.00","0.00","0.00","0.00","0.00","0.00","100.00","0.78","4133.73","32.04","0.00","0.00","3033.93","23.52","7783.54","8.77","2721.49","3.06","1034.37","1.16","0.00","0.00"
2022,2023,"SWKE0273","SWKB1343","1101.73","9.66","0.00","0.00","1289.96","11.32","1193.92","10.47","0.00","0.00","2051.98","18.00","0.00","0.00","70.00","0.61","2955.61","25.93","0.00","0.00","2205.28","19.34","7783.54","8.77","2721.49","3.06","1034.37","1.16","0.00","0.00"
2022,2023,"SWKE0280","SWKB1344","2503.13","6.82","0.00","0.00","6710.87","18.29","217.96","0.59","0.00","0.00","0.00","0.00","0.00","0.00","190.00","0.52","6982.37","19.03","0.00","0.00","2856.98","7.78","5210.58","11.40","2372.00","5.19","503.50","1.10","177.13","0.39"
2022,2023,"SWKE0227","SWKB1345","5694.09","11.32","0.00","0.00","21163.24","42.07","4398.74","8.75","0.00","0.00","3573.67","7.10","0.00","0.00","160.00","0.32","6522.91","12.97","10753.43","21.38","5494.15","10.92","20224.97","9.68","9128.09","4.37","4000.84","1.91","2920.21","1.40"
2022,2023,"SWKE0129","SWKB1346","406.22","4.06","0.00","0.00","39.02","0.39","842.39","8.42","0.00","0.00","550.95","5.51","0.00","0.00","20.00","0.20","963.62","9.64","32.55","0.33","990.96","9.91","33233.44","5.71","15254.16","2.62","6285.16","1.08","4205.47","0.72"
2022,2023,"SWKE0262","SWKB1347","418.92","13.96","0.00","0.00","122.72","4.09","162.92","5.43","0.00","0.00","0.00","0.00","0.00","0.00","40.00","1.33","1378.56","45.95","167.60","5.59","1365.08","45.50","2861.74","3.17","852.99","0.94","527.00","0.58","461.05","0.51"
2022,2023,"SWKE0167","SWKB1348","0.00","0.00","0.00","0.00","700.56","11.68","1695.68","28.26","0.00","0.00","0.00","0.00","6265.72","104.43","40.00","0.67","1378.56","22.98","0.00","0.00","678.48","11.31","0.00","0.00","8844.81","8.64","560.26","0.55","5127.13","5.01"
2022,2023,"SWKE0167","SWKB1349","0.00","0.00","0.00","0.00","1936.62","49.66","1434.00","36.77","0.00","0.00","0.00","0.00","0.00","0.00","50.00","1.28","1707.94","43.79","0.00","0.00","1119.49","28.70","0.00","0.00","8844.81","8.64","560.26","0.55","5127.13","5.01"
2022,2023,"SWKE0167","SWKB1350","0.00","0.00","0.00","0.00","184.25","4.72","1083.70","27.79","0.00","0.00","0.00","0.00","0.00","0.00","40.00","1.03","1368.95","35.10","0.00","0.00","915.95","23.49","0.00","0.00","8844.81","8.64","560.26","0.55","5127.13","5.01"
2022,2023,"SWKE0167","SWKB1351","0.00","0.00","0.00","0.00","1255.58","33.93","1143.46","30.90","0.00","0.00","0.00","0.00","0.00","0.00","40.00","1.08","1364.62","36.88","0.00","0.00","882.02","23.84","0.00","0.00","8844.81","8.64","560.26","0.55","5127.13","5.01"
2022,2023,"SWKE0167","SWKB1352","0.00","0.00","0.00","0.00","1176.76","15.09","2286.87","29.32","0.00","0.00","0.00","0.00","0.00","0.00","80.00","1.03","2724.91","34.93","0.00","0.00","1730.11","22.18","0.00","0.00","8844.81","8.64","560.26","0.55","5127.13","5.01"
2022,2023,"SWKE0026","SWKB1353","4799.97","19.43","0.00","0.00","5134.84","20.79","974.23","3.94","0.00","0.00","2310.73","9.36","27049.42","109.51","340.00","1.38","5319.78","21.54","0.00","0.00","4165.32","16.86","6995.63","6.19","3868.29","3.42","1062.43","0.94","729.71","0.65"
2022,2023,"SWKE0041","SWKB1354","4982.55","12.43","0.00","0.00","4131.45","10.30","2126.25","5.30","0.00","0.00","2701.80","6.74","27208.20","67.85","150.00","0.37","6333.45","15.79","499.20","1.24","3712.50","9.26","66294.63","5.02","43369.16","3.28","23493.13","1.78","6607.17","0.50"
2022,2023,"SWKE0316","SWKB1355","526.11","2.35","0.00","0.00","1372.89","6.13","428.28","1.91","0.00","0.00","715.47","3.19","0.00","0.00","30.00","0.13","1029.96","4.60","0.00","0.00","951.81","4.25","29606.81","9.09","8008.07","2.46","3575.40","1.10","1671.91","0.51"
2022,2023,"SWKE0310","SWKB1356","638.74","3.92","0.00","0.00","1174.09","7.20","124.65","0.76","0.00","0.00","905.67","5.56","0.00","0.00","50.00","0.31","1955.97","12.00","0.00","0.00","1387.02","8.51","2706.91","4.79","88.40","0.16","328.58","0.58","949.71","1.68"
2022,2023,"SWKE0259","SWKB1357","3185.95","45.51","0.00","0.00","7543.20","107.76","11033.52","157.62","0.00","0.00","0.00","0.00","8800.88","125.73","40.00","0.57","1605.68","22.94","494.44","7.06","1640.08","23.43","7056.09","2.49","10017.05","3.54","3543.05","1.25","651.89","0.23"
2022,2023,"SWKE0259","SWKB1358","3716.52","53.09","0.00","0.00","342.99","4.90","17078.77","243.98","0.00","0.00","0.00","0.00","13719.97","196.00","60.00","0.86","2289.08","32.70","49.70","0.71","2541.35","36.31","7056.09","2.49","10017.05","3.54","3543.05","1.25","651.89","0.23"
2022,2023,"SWKE0083","SWKB1359","1776.06","26.51","0.00","0.00","3074.06","45.88","2374.25","35.44","0.00","0.00","1556.95","23.24","0.00","0.00","70.00","1.04","2961.03","44.19","0.00","0.00","2369.94","35.37","4370.10","16.01","2288.03","8.38","5546.71","20.32","4824.68","17.67"
2022,2023,"SWKE0152","SWKB1360","939.12","16.19","0.00","0.00","893.69","15.41","210.42","3.63","0.00","0.00","0.00","0.00","5812.45","100.21","50.00","0.86","1708.74","29.46","62.65","1.08","0.00","0.00","9686.42","6.54","5542.07","3.74","3827.76","2.58","825.96","0.56"
2022,2023,"SWKE0167","SWKB1361","0.00","0.00","0.00","0.00","112.65","2.89","288.56","7.40","0.00","0.00","0.00","0.00","0.00","0.00","0.00","0.00","682.31","17.50","0.00","0.00","441.01","11.31","0.00","0.00","8844.81","8.64","560.26","0.55","5127.13","5.01"
2022,2023,"SWKE0167","SWKB1362","0.00","0.00","0.00","0.00","1154.27","29.60","244.57","6.27","0.00","0.00","0.00","0.00","0.00","0.00","0.00","0.00","343.32","8.80","0.00","0.00","237.47","6.09","0.00","0.00","8844.81","8.64","560.26","0.55","5127.13","5.01"
2022,2023,"SWKE0167","SWKB1363","0.00","0.00","0.00","0.00","0.00","0.00","0.00","0.00","0.00","0.00","0.00","0.00","0.00","0.00","0.00","0.00","1364.62","34.99","0.00","0.00","882.02","22.62","0.00","0.00","8844.81","8.64","560.26","0.55","5127.13","5.01"
2022,2023,"SWKE0167","SWKB1364","0.00","0.00","0.00","0.00","0.00","0.00","860.20","22.06","0.00","0.00","0.00","0.00","0.00","0.00","10.00","0.26","1364.62","34.99","0.00","0.00","882.02","22.62","0.00","0.00","8844.81","8.64","560.26","0.55","5127.13","5.01"
2022,2023,"SWKE0276","SWKB1365","5169.31","22.67","0.00","0.00","3063.28","13.44","4755.65","20.86","0.00","0.00","0.00","0.00","26200.58","114.91","160.00","0.70","6204.91","27.21","0.00","0.00","3301.89","14.48","7182.86","15.68","3441.45","7.51","2463.84","5.38","255.72","0.56"
2022,2023,"SWKE0276","SWKB1366","3241.20","14.34","0.00","0.00","4590.15","20.31","624.54","2.76","0.00","0.00","0.00","0.00","15751.50","69.70","110.00","0.49","4200.10","18.58","0.00","0.00","2068.60","9.15","7182.86","15.68","3441.45","7.51","2463.84","5.38","255.72","0.56"
2022,2023,"SWKE0129","SWKB1367","1355.83","8.80","0.00","0.00","675.90","4.39","8611.17","55.92","0.00","0.00","0.00","0.00","0.00","0.00","40.00","0.26","1522.84","9.89","0.00","0.00","1302.03","8.45","33233.44","5.71","15254.16","2.62","6285.16","1.08","4205.47","0.72"
2022,2023,"SWKE0152","SWKB1368","3580.70","9.52","0.00","0.00","5330.52","14.18","5921.10","15.75","0.00","0.00","4628.93","12.31","0.00","0.00","210.00","0.56","5846.07","15.55","6740.84","17.93","4078.13","10.85","9686.42","6.54","5542.07","3.74","3827.76","2.58","825.96","0.56"
2022,2023,"SWKE0277","SWKB1369","666.15","5.33","0.00","0.00","959.47","7.68","550.89","4.41","0.00","0.00","0.00","0.00","0.00","0.00","90.00","0.72","3179.35","25.43","0.00","0.00","1943.32","15.55","0.00","0.00","274.79","0.13","39.83","0.02","28.34","0.01"
2022,2023,"SWKE0278","SWKB1370","919.85","6.43","0.00","0.00","1595.39","11.16","1448.33","10.13","0.00","0.00","0.00","0.00","0.00","0.00","90.00","0.63","3339.34","23.35","0.00","0.00","1761.03","12.31","1778.85","2.43","1890.97","2.58","1748.02","2.38","358.35","0.49"
2022,2023,"SWKE0278","SWKB1371","860.86","4.30","0.00","0.00","2111.77","10.56","1050.86","5.25","0.00","0.00","0.00","0.00","0.00","0.00","80.00","0.40","2680.87","13.40","0.00","0.00","1776.60","8.88","1778.85","2.43","1890.97","2.58","1748.02","2.38","358.35","0.49"
2022,2023,"SWKE0278","SWKB1372","2033.06","8.26","0.00","0.00","1079.82","4.39","2852.21","11.59","0.00","0.00","0.00","0.00","0.00","0.00","220.00","0.89","7715.28","31.36","0.00","0.00","5959.91","24.23","1778.85","2.43","1890.97","2.58","1748.02","2.38","358.35","0.49"
2022,2023,"SWKE0278","SWKB1373","737.87","5.27","0.00","0.00","182.89","1.31","1135.46","8.11","0.00","0.00","0.00","0.00","0.00","0.00","90.00","0.64","3095.62","22.11","0.00","0.00","1954.18","13.96","1778.85","2.43","1890.97","2.58","1748.02","2.38","358.35","0.49"
2022,2023,"SWKE0259","SWKB1374","560.76","2.79","0.00","0.00","608.49","3.03","276.46","1.38","0.00","0.00","915.05","4.55","0.00","0.00","50.00","0.25","1954.65","9.72","48.26","0.24","877.66","4.37","7056.09","2.49","10017.05","3.54","3543.05","1.25","651.89","0.23"
2022,2023,"SWKE0279","SWKB1375","3169.43","8.34","0.00","0.00","4471.95","11.77","7251.66","19.08","0.00","0.00","4561.23","12.00","0.00","0.00","190.00","0.50","8314.06","21.88","0.00","0.00","3950.13","10.40","1187.22","1.91","3182.88","5.13","843.60","1.36","915.76","1.47"
2022,2023,"SWKE0279","SWKB1376","3103.94","12.88","0.00","0.00","3453.41","14.33","4920.03","20.42","0.00","0.00","6822.66","28.31","0.00","0.00","390.00","1.62","7746.29","32.14","0.00","0.00","5112.97","21.22","1187.22","1.91","3182.88","5.13","843.60","1.36","915.76","1.47"
2022,2023,"SWKE0182","SWKB1377","1274.67","12.26","0.00","0.00","4089.48","39.32","392.34","3.77","0.00","0.00","0.00","0.00","0.00","0.00","50.00","0.48","2549.64","24.52","196.23","1.89","2072.52","19.93","2640.87","10.32","6088.88","23.78","614.81","2.40","1524.35","5.95"
2022,2023,"SWKE0157","SWKB1378","0.00","0.00","0.00","0.00","4528.06","19.11","4028.70","17.00","0.00","0.00","2313.44","9.76","43277.24","182.60","90.00","0.38","3526.79","14.88","364.22","1.54","5964.66","25.17","0.00","0.00","12815.76","5.85","10556.31","4.82","1043.51","0.48"
2022,2023,"SWKE0157","SWKB1379","0.00","0.00","0.00","0.00","1267.28","7.92","1110.32","6.94","0.00","0.00","523.92","3.27","11583.20","72.40","40.00","0.25","1378.56","8.62","14.40","0.09","1537.48","9.61","0.00","0.00","12815.76","5.85","10556.31","4.82","1043.51","0.48"
2022,2023,"SWKE0281","SWKB1380","0.00","0.00","0.00","0.00","3543.71","35.09","864.13","8.56","0.00","0.00","0.00","0.00","0.00","0.00","60.00","0.59","2383.73","23.60","5011.25","49.62","1822.36","18.04","0.00","0.00","1964.09","5.63","603.10","1.73","0.00","0.00"
2022,2023,"SWKE0281","SWKB1381","0.00","0.00","0.00","0.00","4733.48","69.61","476.56","7.01","0.00","0.00","0.00","0.00","0.00","0.00","40.00","0.59","1710.60","25.16","130.80","1.92","1155.76","17.00","0.00","0.00","1964.09","5.63","603.10","1.73","0.00","0.00"
2022,2023,"SWKE0281","SWKB1382","0.00","0.00","0.00","0.00","5312.74","29.52","1398.93","7.77","0.00","0.00","0.00","0.00","0.00","0.00","120.00","0.67","5197.44","28.87","15656.42","86.98","4137.25","22.98","0.00","0.00","1964.09","5.63","603.10","1.73","0.00","0.00"
2022,2023,"SWKE0227","SWKB1383","729.85","7.93","0.00","0.00","1179.46","12.82","1974.13","21.46","0.00","0.00","0.00","0.00","0.00","0.00","40.00","0.43","1606.51","17.46","0.00","0.00","1347.35","14.65","20224.97","9.68","9128.09","4.37","4000.84","1.91","2920.21","1.40"
2022,2023,"SWKE0034","SWKB1384","454.61","10.82","0.00","0.00","470.52","11.20","629.94","15.00","0.00","0.00","0.00","0.00","0.00","0.00","30.00","0.71","1282.95","30.55","131.52","3.13","1023.81","24.38","1571.85","18.71","731.71","8.71","46.90","0.56","0.00","0.00"
2022,2023,"SWKE0227","SWKB1385","1733.57","6.88","0.00","0.00","1284.92","5.10","1145.69","4.55","0.00","0.00","1700.79","6.75","0.00","0.00","130.00","0.52","4547.49","18.05","289.62","1.15","3440.45","13.65","20224.97","9.68","9128.09","4.37","4000.84","1.91","2920.21","1.40"
2022,2023,"SWKE0288","SWKB1386","3066.62","20.44","0.00","0.00","1566.18","10.44","19135.86","127.57","0.00","0.00","0.00","0.00","0.00","0.00","100.00","0.67","4243.98","28.29","347.50","2.32","3629.14","24.19","36388.87","5.99","15134.54","2.49","3958.58","0.65","5509.76","0.91"
2022,2023,"SWKE0201","SWKB1387","577.19","6.08","0.00","0.00","1807.69","19.03","546.89","5.76","0.00","0.00","563.97","5.94","0.00","0.00","30.00","0.32","1272.11","13.39","67.13","0.71","617.34","6.50","36636.71","8.79","15477.74","3.71","7328.70","1.76","4457.84","1.07"
2022,2023,"SWKE0283","SWKB1388","383.31","5.64","0.00","0.00","195.15","2.87","276.27","4.06","0.00","0.00","0.00","0.00","0.00","0.00","30.00","0.44","1266.69","18.63","0.00","0.00","1102.68","16.22","171.18","2.52","752.61","11.07","68.37","1.01","0.00","0.00"
2022,2023,"SWKE0282","SWKB1389","581.27","8.68","0.00","0.00","176.07","2.63","369.22","5.51","0.00","0.00","0.00","0.00","0.00","0.00","50.00","0.75","1955.97","29.19","0.00","0.00","1784.90","26.64","270.25","4.03","1188.19","17.73","67.99","1.01","0.00","0.00"
2022,2023,"SWKE0261","SWKB1390","1796.51","19.53","0.00","0.00","3523.44","38.30","1676.40","18.22","0.00","0.00","366.76","3.99","7708.96","83.79","30.00","0.33","1373.28","14.93","152.61","1.66","1669.68","18.15","10869.53","12.02","2265.24","2.51","1514.86","1.68","332.26","0.37"
2022,2023,"SWKE0145","SWKB1391","2927.93","10.93","0.00","0.00","10417.25","38.87","2503.12","9.34","0.00","0.00","0.00","0.00","0.00","0.00","200.00","0.75","8450.35","31.53","0.00","0.00","3694.64","13.79","28851.81","5.32","12285.67","2.26","6990.17","1.29","3304.06","0.61"
2022,2023,"SWKE0324","SWKB1392","0.00","0.00","0.00","0.00","0.00","0.00","0.00","0.00","0.00","0.00","0.00","0.00","0.00","0.00","20.00","1.43","0.00","0.00","0.00","0.00","0.00","0.00","107.58","0.07","13.33","0.01","16.92","0.01","26.16","0.02"
2022,2023,"SWKE0324","SWKB1393","0.00","0.00","0.00","0.00","0.00","0.00","0.00","0.00","0.00","0.00","0.00","0.00","0.00","0.00","10.00","0.23","0.00","0.00","0.00","0.00","0.00","0.00","107.58","0.07","13.33","0.01","16.92","0.01","26.16","0.02"
2022,2023,"SWKE0324","SWKB1394","0.00","0.00","0.00","0.00","0.00","0.00","0.00","0.00","0.00","0.00","0.00","0.00","0.00","0.00","20.00","0.71","0.00","0.00","0.00","0.00","0.00","0.00","107.58","0.07","13.33","0.01","16.92","0.01","26.16","0.02"
2022,2023,"SWKE0324","SWKB1395","0.00","0.00","0.00","0.00","0.00","0.00","0.00","0.00","0.00","0.00","0.00","0.00","0.00","0.00","20.00","1.43","0.00","0.00","0.00","0.00","0.00","0.00","107.58","0.07","13.33","0.01","16.92","0.01","26.16","0.02"
2022,2023,"SWKE0324","SWKB1396","0.00","0.00","0.00","0.00","0.00","0.00","0.00","0.00","0.00","0.00","0.00","0.00","0.00","0.00","20.00","0.69","0.00","0.00","0.00","0.00","0.00","0.00","107.58","0.07","13.33","0.01","16.92","0.01","26.16","0.02"
2022,2023,"SWKE0324","SWKB1397","0.00","0.00","0.00","0.00","0.00","0.00","0.00","0.00","0.00","0.00","0.00","0.00","0.00","0.00","20.00","1.43","0.00","0.00","0.00","0.00","0.00","0.00","107.58","0.07","13.33","0.01","16.92","0.01","26.16","0.02"
2022,2023,"SWKE0324","SWKB1398","0.00","0.00","0.00","0.00","0.00","0.00","0.00","0.00","0.00","0.00","0.00","0.00","0.00","0.00","20.00","0.69","0.00","0.00","0.00","0.00","0.00","0.00","107.58","0.07","13.33","0.01","16.92","0.01","26.16","0.02"
2022,2023,"SWKE0324","SWKB1399","0.00","0.00","0.00","0.00","0.00","0.00","0.00","0.00","0.00","0.00","0.00","0.00","0.00","0.00","10.00","0.71","0.00","0.00","0.00","0.00","0.00","0.00","107.58","0.07","13.33","0.01","16.92","0.01","26.16","0.02"
2022,2023,"SWKE0324","SWKB1400","0.00","0.00","0.00","0.00","0.00","0.00","0.00","0.00","0.00","0.00","0.00","0.00","0.00","0.00","20.00","1.43","0.00","0.00","0.00","0.00","0.00","0.00","107.58","0.07","13.33","0.01","16.92","0.01","26.16","0.02"
2022,2023,"SWKE0324","SWKB1401","0.00","0.00","0.00","0.00","0.00","0.00","0.00","0.00","0.00","0.00","0.00","0.00","0.00","0.00","10.00","0.71","0.00","0.00","0.00","0.00","0.00","0.00","107.58","0.07","13.33","0.01","16.92","0.01","26.16","0.02"
2022,2023,"SWKE0324","SWKB1402","0.00","0.00","0.00","0.00","0.00","0.00","0.00","0.00","0.00","0.00","0.00","0.00","0.00","0.00","10.00","0.71","0.00","0.00","0.00","0.00","0.00","0.00","107.58","0.07","13.33","0.01","16.92","0.01","26.16","0.02"
2022,2023,"SWKE0324","SWKB1403","0.00","0.00","0.00","0.00","0.00","0.00","0.00","0.00","0.00","0.00","0.00","0.00","0.00","0.00","20.00","1.43","0.00","0.00","0.00","0.00","0.00","0.00","107.58","0.07","13.33","0.01","16.92","0.01","26.16","0.02"
2022,2023,"SWKE0324","SWKB1404","0.00","0.00","0.00","0.00","0.00","0.00","0.00","0.00","0.00","0.00","0.00","0.00","0.00","0.00","20.00","1.43","0.00","0.00","0.00","0.00","0.00","0.00","107.58","0.07","13.33","0.01","16.92","0.01","26.16","0.02"
2022,2023,"SWKE0307","SWKB1405","1556.64","4.23","0.00","0.00","2897.55","7.87","1650.42","4.48","0.00","0.00","1464.84","3.98","0.00","0.00","280.00","0.76","3800.07","10.33","590.31","1.60","2610.18","7.09","10327.23","5.35","10931.39","5.66","1722.40","0.89","2244.32","1.16"
2022,2023,"SWKE0307","SWKB1406","448.94","3.56","0.00","0.00","362.88","2.88","549.24","4.36","0.00","0.00","516.18","4.10","0.00","0.00","30.00","0.24","1029.96","8.17","176.08","1.40","862.20","6.84","10327.23","5.35","10931.39","5.66","1722.40","0.89","2244.32","1.16"
2022,2023,"SWKE0284","SWKB1407","4214.28","16.27","0.00","0.00","2059.54","7.95","5503.26","21.25","0.00","0.00","3523.38","13.60","18131.54","70.01","520.00","2.01","4824.96","18.63","482.72","1.86","5442.36","21.01","1428.55","2.45","3810.31","6.55","932.54","1.60","136.78","0.24"
2022,2023,"SWKE0284","SWKB1408","6814.17","21.10","0.00","0.00","2147.03","6.65","10765.68","33.33","0.00","0.00","0.00","0.00","34788.54","107.70","240.00","0.74","7836.59","24.26","394.47","1.22","8076.84","25.01","1428.55","2.45","3810.31","6.55","932.54","1.60","136.78","0.24"
2022,2023,"SWKE0056","SWKB1409","3100.91","6.58","0.00","0.00","1876.00","3.98","2201.00","4.67","0.00","0.00","2590.79","5.50","14481.84","30.75","290.00","0.62","4144.71","8.80","332.67","0.71","2505.14","5.32","11236.68","7.22","2379.71","1.53","2129.49","1.37","2380.20","1.53"
2022,2023,"SWKE0285","SWKB1410","528.05","3.18","0.00","0.00","1217.04","7.33","198.13","1.19","0.00","0.00","0.00","0.00","0.00","0.00","60.00","0.36","2060.87","12.41","303.40","1.83","917.01","5.52","458.49","2.76","0.00","0.00","95.37","0.57","30.09","0.18"
2022,2023,"SWKE0288","SWKB1411","2294.72","14.43","0.00","0.00","1051.70","6.61","15005.81","94.38","0.00","0.00","0.00","0.00","0.00","0.00","80.00","0.50","3394.10","21.35","0.00","0.00","2106.03","13.25","36388.87","5.99","15134.54","2.49","3958.58","0.65","5509.76","0.91"
2022,2023,"SWKE0259","SWKB1412","1126.42","8.28","0.00","0.00","867.66","6.38","1549.92","11.40","0.00","0.00","909.10","6.68","0.00","0.00","90.00","0.66","3480.07","25.59","338.57","2.49","2635.29","19.38","7056.09","2.49","10017.05","3.54","3543.05","1.25","651.89","0.23"
2022,2023,"SWKE0200","SWKB1413","665.84","3.94","0.00","0.00","1809.55","10.71","104.16","0.62","0.00","0.00","0.00","0.00","0.00","0.00","60.00","0.36","2131.57","12.61","0.00","0.00","701.40","4.15","2990.18","5.76","2930.44","5.65","628.00","1.21","279.44","0.54"
2022,2023,"SWKE0210","SWKB1414","2847.07","23.73","0.00","0.00","3506.15","29.22","1559.86","13.00","0.00","0.00","0.00","0.00","16114.00","134.28","70.00","0.58","2501.46","20.85","0.00","0.00","2742.69","22.86","18399.95","6.76","6510.11","2.39","3421.44","1.26","2839.76","1.04"
2022,2023,"SWKE0129","SWKB1415","482.93","4.31","0.00","0.00","285.12","2.55","2850.89","25.45","0.00","0.00","0.00","0.00","0.00","0.00","20.00","0.18","766.87","6.85","0.00","0.00","553.38","4.94","33233.44","5.71","15254.16","2.62","6285.16","1.08","4205.47","0.72"
2022,2023,"SWKE0120","SWKB1416","82.97","1.04","0.00","0.00","55.09","0.69","176.46","2.21","0.00","0.00","0.00","0.00","0.00","0.00","200.00","2.50","272.82","3.41","8.93","0.11","224.61","2.81","14622.22","2.98","9062.23","1.85","5281.87","1.08","1329.84","0.27"
2022,2023,"SWKE0248","SWKB1417","441.84","3.09","0.00","0.00","564.72","3.95","597.33","4.18","0.00","0.00","820.17","5.74","0.00","0.00","30.00","0.21","1266.69","8.86","0.00","0.00","646.83","4.52","5528.05","3.65","4264.51","2.81","2492.04","1.64","260.49","0.17"
2022,2023,"SWKE0292","SWKB1418","105.01","1.94","0.00","0.00","54.34","1.01","104.23","1.93","0.00","0.00","0.00","0.00","0.00","0.00","10.00","0.19","344.64","6.38","0.00","0.00","429.09","7.95","224.55","1.87","0.00","0.00","10.96","0.09","0.00","0.00"
2022,2023,"SWKE0287","SWKB1419","436.48","4.59","0.00","0.00","361.28","3.80","19.24","0.20","0.00","0.00","0.00","0.00","0.00","0.00","40.00","0.42","1373.28","14.46","0.00","0.00","604.84","6.37","730.64","7.69","1109.08","11.67","166.56","1.75","0.00","0.00"
2022,2023,"SWKE0120","SWKB1420","1589.37","6.59","0.00","0.00","2010.00","8.34","2202.51","9.14","0.00","0.00","0.00","0.00","0.00","0.00","680.00","2.82","4830.03","20.04","0.00","0.00","5130.27","21.29","14622.22","2.98","9062.23","1.85","5281.87","1.08","1329.84","0.27"
2022,2023,"SWKE0188","SWKB1421","2207.19","10.82","0.00","0.00","1272.32","6.24","3821.65","18.73","0.00","0.00","3865.98","18.95","0.00","0.00","320.00","1.57","5523.27","27.07","172.17","0.84","2991.73","14.67","3786.26","11.76","3018.20","9.37","1489.46","4.63","34.97","0.11"
2022,2023,"SWKE0017","SWKB1422","1640.10","7.32","0.00","0.00","1312.35","5.86","1408.05","6.29","0.00","0.00","0.00","0.00","0.00","0.00","150.00","0.67","5149.80","22.99","0.00","0.00","3003.00","13.41","11038.97","5.77","3490.54","1.83","1723.70","0.90","13544.02","7.08"
2022,2023,"SWKE0136","SWKB1423","135.46","2.82","0.00","0.00","44.11","0.92","197.79","4.12","0.00","0.00","0.00","0.00","0.00","0.00","10.00","0.21","422.23","8.80","0.00","0.00","381.80","7.95","7249.43","15.49","1747.99","3.74","325.43","0.70","90.01","0.19"
2022,2023,"SWKE0136","SWKB1424","273.64","5.70","0.00","0.00","40.34","0.84","470.70","9.81","0.00","0.00","0.00","0.00","0.00","0.00","20.00","0.42","844.46","17.59","0.00","0.00","763.60","15.91","7249.43","15.49","1747.99","3.74","325.43","0.70","90.01","0.19"
2022,2023,"SWKE0136","SWKB1425","637.68","13.29","0.00","0.00","241.68","5.04","1558.96","32.48","0.00","0.00","0.00","0.00","0.00","0.00","40.00","0.83","1688.92","35.19","130.80","2.73","1521.88","31.71","7249.43","15.49","1747.99","3.74","325.43","0.70","90.01","0.19"
2022,2023,"SWKE0136","SWKB1426","421.23","8.78","0.00","0.00","184.20","3.84","595.92","12.42","0.00","0.00","0.00","0.00","0.00","0.00","30.00","0.63","1266.69","26.39","98.10","2.04","1141.41","23.78","7249.43","15.49","1747.99","3.74","325.43","0.70","90.01","0.19"
2022,2023,"SWKE0238","SWKB1427","149.79","2.50","0.00","0.00","38.73","0.65","0.00","0.00","0.00","0.00","0.00","0.00","0.00","0.00","30.00","0.50","1033.92","17.23","0.00","0.00","0.00","0.00","129.51","0.32","272.49","0.68","9.15","0.02","13.95","0.03"
2022,2023,"SWKE0329","SWKB1428","805.62","6.29","0.00","0.00","1726.59","13.49","755.23","5.90","0.00","0.00","0.00","0.00","0.00","0.00","60.00","0.47","2394.80","18.71","98.25","0.77","1519.73","11.87","67056.41","7.86","57695.83","6.77","7120.45","0.84","2827.45","0.33"
2022,2023,"SWKE0329","SWKB1429","1123.45","8.78","0.00","0.00","4218.45","32.96","629.37","4.92","0.00","0.00","0.00","0.00","0.00","0.00","70.00","0.55","2805.96","21.92","0.00","0.00","1766.16","13.80","67056.41","7.86","57695.83","6.77","7120.45","0.84","2827.45","0.33"
2022,2023,"SWKE0291","SWKB1430","3293.32","14.13","0.00","0.00","1695.82","7.28","738.72","3.17","0.00","0.00","2460.98","10.56","17257.67","74.07","130.00","0.56","4834.37","20.75","0.00","0.00","1713.17","7.35","58565.61","12.97","9635.91","2.13","7060.54","1.56","879.53","0.19"
2022,2023,"SWKE0291","SWKB1431","395.59","4.12","0.00","0.00","872.69","9.09","457.81","4.77","0.00","0.00","0.00","0.00","1723.41","17.95","10.00","0.10","343.32","3.58","0.00","0.00","168.88","1.76","58565.61","12.97","9635.91","2.13","7060.54","1.56","879.53","0.19"
2022,2023,"SWKE0289","SWKB1432","446.52","12.40","0.00","0.00","181.08","5.03","370.00","10.28","0.00","0.00","0.00","0.00","0.00","0.00","40.00","1.11","1688.92","46.91","0.00","0.00","1437.08","39.92","525.64","3.24","1767.10","10.91","220.25","1.36","81.11","0.50"
2022,2023,"SWKE0289","SWKB1433","304.98","8.47","0.00","0.00","30.13","0.84","58.17","1.62","0.00","0.00","0.00","0.00","0.00","0.00","30.00","0.83","1199.94","33.33","0.00","0.00","1137.69","31.60","525.64","3.24","1767.10","10.91","220.25","1.36","81.11","0.50"
2022,2023,"SWKE0289","SWKB1434","217.22","6.03","0.00","0.00","19.02","0.53","196.06","5.45","0.00","0.00","0.00","0.00","0.00","0.00","20.00","0.56","844.46","23.46","0.00","0.00","718.54","19.96","525.64","3.24","1767.10","10.91","220.25","1.36","81.11","0.50"
2022,2023,"SWKE0289","SWKB1435","428.59","7.94","0.00","0.00","25.37","0.47","322.84","5.98","0.00","0.00","0.00","0.00","0.00","0.00","40.00","0.74","1616.75","29.94","0.00","0.00","1532.84","28.39","525.64","3.24","1767.10","10.91","220.25","1.36","81.11","0.50"
2022,2023,"SWKE0295","SWKB1436","1510.92","16.79","0.00","0.00","828.42","9.20","1108.11","12.31","0.00","0.00","0.00","0.00","7010.44","77.89","60.00","0.67","2297.29","25.53","73.30","0.81","2264.29","25.16","10417.58","8.08","4709.15","3.65","2153.62","1.67","37.12","0.03"
2022,2023,"SWKE0295","SWKB1437","483.16","5.37","0.00","0.00","583.72","6.49","345.58","3.84","0.00","0.00","0.00","0.00","2033.48","22.59","20.00","0.22","689.28","7.66","41.88","0.47","679.38","7.55","10417.58","8.08","4709.15","3.65","2153.62","1.67","37.12","0.03"
2022,2023,"SWKE0295","SWKB1438","1711.35","28.52","0.00","0.00","3105.96","51.77","1074.42","17.91","0.00","0.00","0.00","0.00","7200.48","120.01","60.00","1.00","2067.84","34.46","125.70","2.10","2163.90","36.07","10417.58","8.08","4709.15","3.65","2153.62","1.67","37.12","0.03"
2022,2023,"SWKE0295","SWKB1439","813.80","13.56","0.00","0.00","909.18","15.15","547.44","9.12","0.00","0.00","0.00","0.00","3706.89","61.78","30.00","0.50","1033.92","17.23","41.90","0.70","1211.28","20.19","10417.58","8.08","4709.15","3.65","2153.62","1.67","37.12","0.03"
2022,2023,"SWKE0295","SWKB1440","1623.72","27.06","0.00","0.00","4113.06","68.55","327.12","5.45","0.00","0.00","0.00","0.00","5931.60","98.86","60.00","1.00","2067.84","34.46","0.00","0.00","2422.56","40.38","10417.58","8.08","4709.15","3.65","2153.62","1.67","37.12","0.03"
2022,2023,"SWKE0045","SWKB1441","1955.45","16.30","0.00","0.00","1516.20","12.64","529.55","4.41","0.00","0.00","0.00","0.00","11443.46","95.36","70.00","0.58","2412.48","20.10","0.00","0.00","1337.91","11.15","21208.02","7.64","7811.54","2.81","2210.07","0.80","2040.28","0.73"
2022,2023,"SWKE0201","SWKB1442","1615.96","9.79","0.00","0.00","5961.03","36.13","713.00","4.32","0.00","0.00","1095.54","6.64","0.00","0.00","90.00","0.55","3843.43","23.29","272.56","1.65","1347.79","8.17","36636.71","8.79","15477.74","3.71","7328.70","1.76","4457.84","1.07"
2022,2023,"SWKE0294","SWKB1443","1142.04","2.87","0.00","0.00","1888.35","4.74","625.07","1.57","0.00","0.00","0.00","0.00","0.00","0.00","110.00","0.28","4472.60","11.24","0.00","0.00","1524.66","3.83","12977.53","4.98","8001.88","3.07","1704.80","0.65","639.15","0.25"
2022,2023,"SWKE0177","SWKB1444","990.14","4.02","0.00","0.00","1577.23","6.41","405.80","1.65","0.00","0.00","0.00","0.00","0.00","0.00","120.00","0.49","2755.82","11.20","380.31","1.55","2045.83","8.32","13790.80","7.27","1405.18","0.74","2090.00","1.10","3877.80","2.04"
2022,2023,"SWKE0167","SWKB1445","0.00","0.00","0.00","0.00","591.90","15.18","247.68","6.35","0.00","0.00","0.00","0.00","0.00","0.00","0.00","0.00","343.32","8.80","0.00","0.00","237.47","6.09","0.00","0.00","8844.81","8.64","560.26","0.55","5127.13","5.01"
2022,2023,"SWKE0167","SWKB1446","0.00","0.00","0.00","0.00","102.72","2.63","452.97","11.61","0.00","0.00","0.00","0.00","0.00","0.00","10.00","0.26","1016.97","26.08","0.00","0.00","610.62","15.66","0.00","0.00","8844.81","8.64","560.26","0.55","5127.13","5.01"
2022,2023,"SWKE0167","SWKB1447","0.00","0.00","0.00","0.00","364.95","9.36","989.16","25.36","0.00","0.00","0.00","0.00","0.00","0.00","30.00","0.77","1029.96","26.41","176.43","4.52","712.41","18.27","0.00","0.00","8844.81","8.64","560.26","0.55","5127.13","5.01"
2022,2023,"SWKE0201","SWKB1448","1136.73","6.89","0.00","0.00","2508.25","15.20","729.70","4.42","0.00","0.00","1175.21","7.12","0.00","0.00","70.00","0.42","2982.71","18.08","198.22","1.20","1554.62","9.42","36636.71","8.79","15477.74","3.71","7328.70","1.76","4457.84","1.07"
2022,2023,"SWKE0254","SWKB1449","2181.40","14.54","0.00","0.00","357.16","2.38","0.00","0.00","0.00","0.00","0.00","0.00","15521.01","103.47","60.00","0.40","2049.57","13.66","163.87","1.09","2407.37","16.05","28014.15","5.93","12841.99","2.72","3467.67","0.73","2878.73","0.61"
2022,2023,"SWKE0254","SWKB1450","2070.08","12.78","0.00","0.00","3281.16","20.25","50.76","0.31","0.00","0.00","0.00","0.00","12761.48","78.77","40.00","0.25","1373.28","8.48","130.84","0.81","2051.12","12.66","28014.15","5.93","12841.99","2.72","3467.67","0.73","2878.73","0.61"
2022,2023,"SWKE0249","SWKB1451","4724.70","8.10","0.00","0.00","5915.84","10.15","4011.23","6.88","0.00","0.00","9633.75","16.52","0.00","0.00","390.00","0.67","13166.72","22.58","1047.81","1.80","9177.25","15.74","4089.28","3.35","3723.43","3.05","831.76","0.68","55.99","0.05"
2022,2023,"SWKE0145","SWKB1452","490.57","11.15","0.00","0.00","436.55","9.92","614.24","13.96","0.00","0.00","0.00","0.00","0.00","0.00","40.00","0.91","1705.52","38.76","0.00","0.00","1300.42","29.56","28851.81","5.32","12285.67","2.26","6990.17","1.29","3304.06","0.61"
2022,2023,"SWKE0145","SWKB1453","248.18","5.17","0.00","0.00","267.88","5.58","258.20","5.38","0.00","0.00","0.00","0.00","0.00","0.00","20.00","0.42","849.88","17.71","70.86","1.48","626.10","13.04","28851.81","5.32","12285.67","2.26","6990.17","1.29","3304.06","0.61"
2022,2023,"SWKE0145","SWKB1454","964.32","20.09","0.00","0.00","2542.74","52.97","1505.22","31.36","0.00","0.00","0.00","0.00","0.00","0.00","60.00","1.25","2533.38","52.78","196.20","4.09","1733.82","36.12","28851.81","5.32","12285.67","2.26","6990.17","1.29","3304.06","0.61"
2022,2023,"SWKE0217","SWKB1455","430.28","8.27","0.00","0.00","299.88","5.77","709.02","13.64","0.00","0.00","0.00","0.00","0.00","0.00","30.00","0.58","1272.11","24.46","95.60","1.84","1074.39","20.66","9768.12","4.97","4798.38","2.44","1490.04","0.76","1113.40","0.57"
2022,2023,"SWKE0217","SWKB1456","503.90","9.69","0.00","0.00","2317.57","44.57","488.19","9.39","0.00","0.00","0.00","0.00","0.00","0.00","20.00","0.38","849.88","16.34","65.41","1.26","735.11","14.14","9768.12","4.97","4798.38","2.44","1490.04","0.76","1113.40","0.57"
2022,2023,"SWKE0217","SWKB1457","219.19","4.47","0.00","0.00","949.76","19.38","179.62","3.67","0.00","0.00","0.00","0.00","0.00","0.00","10.00","0.20","422.23","8.62","32.03","0.65","339.29","6.92","9768.12","4.97","4798.38","2.44","1490.04","0.76","1113.40","0.57"
2022,2023,"SWKE0217","SWKB1458","146.48","2.82","0.00","0.00","102.64","1.97","189.66","3.65","0.00","0.00","0.00","0.00","0.00","0.00","10.00","0.19","427.65","8.22","35.22","0.68","395.83","7.61","9768.12","4.97","4798.38","2.44","1490.04","0.76","1113.40","0.57"
2022,2023,"SWKE0112","SWKB1459","954.71","5.13","0.00","0.00","1332.84","7.17","2329.11","12.52","0.00","0.00","695.00","3.74","0.00","0.00","50.00","0.27","1886.69","10.14","0.00","0.00","1705.15","9.17","37372.02","7.97","29578.18","6.31","5048.69","1.08","2283.47","0.49"
2022,2023,"SWKE0316","SWKB1460","2201.03","11.46","0.00","0.00","6570.33","34.22","1846.00","9.61","0.00","0.00","2301.13","11.99","0.00","0.00","130.00","0.68","4406.87","22.95","0.00","0.00","4052.75","21.11","29606.81","9.09","8008.07","2.46","3575.40","1.10","1671.91","0.51"
2022,2023,"SWKE0129","SWKB1461","2076.75","15.27","0.00","0.00","1185.90","8.72","13841.67","101.78","0.00","0.00","0.00","0.00","0.00","0.00","60.00","0.44","2316.87","17.04","207.78","1.53","1538.28","11.31","33233.44","5.71","15254.16","2.62","6285.16","1.08","4205.47","0.72"
2022,2023,"SWKE0288","SWKB1462","868.55","5.33","0.00","0.00","427.63","2.62","433.01","2.66","0.00","0.00","0.00","0.00","0.00","0.00","80.00","0.49","3404.94","20.89","0.00","0.00","2975.95","18.26","36388.87","5.99","15134.54","2.49","3958.58","0.65","5509.76","0.91"
2022,2023,"SWKE0293","SWKB1463","370.15","1.66","0.00","0.00","662.82","2.97","393.93","1.77","0.00","0.00","37.15","0.17","1631.09","7.31","10.00","0.04","344.64","1.55","29.32","0.13","406.87","1.82","49.30","0.22","129.07","0.58","15.23","0.07","2.11","0.01"
2022,2023,"SWKE0116","SWKB1464","466.00","9.32","0.00","0.00","436.28","8.73","0.00","0.00","0.00","0.00","0.00","0.00","3136.64","62.73","20.00","0.40","689.28","13.79","0.00","0.00","24.62","0.49","659.70","0.61","705.33","0.65","268.74","0.25","45.54","0.04"
2022,2023,"SWKE0041","SWKB1465","3235.64","12.16","0.00","0.00","10518.36","39.54","2504.28","9.41","0.00","0.00","0.00","0.00","0.00","0.00","190.00","0.71","6887.32","25.89","0.00","0.00","7466.40","28.07","66294.63","5.02","43369.16","3.28","23493.13","1.78","6607.17","0.50"
2022,2023,"SWKE0294","SWKB1466","1774.50","7.01","0.00","0.00","6223.70","24.60","1695.61","6.70","0.00","0.00","2390.85","9.45","0.00","0.00","70.00","0.28","2955.61","11.68","472.29","1.87","2149.91","8.50","12977.53","4.98","8001.88","3.07","1704.80","0.65","639.15","0.25"
2022,2023,"SWKE0294","SWKB1467","2264.42","8.95","0.00","0.00","8306.33","32.83","1691.99","6.69","0.00","0.00","1726.45","6.82","0.00","0.00","90.00","0.36","4336.74","17.14","694.15","2.74","3159.80","12.49","12977.53","4.98","8001.88","3.07","1704.80","0.65","639.15","0.25"
2022,2023,"SWKE0294","SWKB1468","1033.86","8.91","0.00","0.00","1871.55","16.13","578.31","4.99","0.00","0.00","0.00","0.00","0.00","0.00","80.00","0.69","2751.19","23.72","0.00","0.00","2617.52","22.56","12977.53","4.98","8001.88","3.07","1704.80","0.65","639.15","0.25"
2022,2023,"SWKE0294","SWKB1469","832.76","3.29","0.00","0.00","2228.68","8.81","625.40","2.47","0.00","0.00","1049.64","4.15","0.00","0.00","40.00","0.16","1688.92","6.68","445.20","1.76","1228.52","4.86","12977.53","4.98","8001.88","3.07","1704.80","0.65","639.15","0.25"
2022,2023,"SWKE0327","SWKB1470","1132.40","9.76","0.00","0.00","3180.20","27.42","1549.36","13.36","0.00","0.00","0.00","0.00","0.00","0.00","80.00","0.69","3067.48","26.44","227.52","1.96","1810.24","15.61","10111.12","12.77","1951.30","2.46","676.95","0.85","290.04","0.37"
2022,2023,"SWKE0042","SWKB1471","700.52","4.49","0.00","0.00","763.68","4.90","378.80","2.43","0.00","0.00","1156.68","7.41","0.00","0.00","40.00","0.26","1688.92","10.83","135.88","0.87","1176.60","7.54","2161.60","4.38","1837.20","3.73","146.50","0.30","115.90","0.24"
2022,2023,"SWKE0295","SWKB1472","318.39","12.74","0.00","0.00","854.35","34.17","105.03","4.20","0.00","0.00","0.00","0.00","1319.14","52.77","10.00","0.40","338.99","13.56","54.84","2.19","236.54","9.46","10417.58","8.08","4709.15","3.65","2153.62","1.67","37.12","0.03"
2022,2023,"SWKE0295","SWKB1473","806.97","22.42","0.00","0.00","663.69","18.44","400.23","11.12","0.00","0.00","0.00","0.00","4090.14","113.62","30.00","0.83","1266.69","35.19","0.00","0.00","823.86","22.89","10417.58","8.08","4709.15","3.65","2153.62","1.67","37.12","0.03"
2022,2023,"SWKE0295","SWKB1474","882.20","35.29","0.00","0.00","142.08","5.68","140.59","5.62","0.00","0.00","0.00","0.00","5047.72","201.91","40.00","1.60","1360.29","54.41","0.00","0.00","985.59","39.42","10417.58","8.08","4709.15","3.65","2153.62","1.67","37.12","0.03"
2022,2023,"SWKE0295","SWKB1475","888.62","35.54","0.00","0.00","0.00","0.00","270.84","10.83","0.00","0.00","0.00","0.00","5123.72","204.95","40.00","1.60","1360.29","54.41","0.00","0.00","985.59","39.42","10417.58","8.08","4709.15","3.65","2153.62","1.67","37.12","0.03"
2022,2023,"SWKE0295","SWKB1476","320.50","12.82","0.00","0.00","840.98","33.64","213.03","8.52","0.00","0.00","0.00","0.00","1263.74","50.55","10.00","0.40","338.99","13.56","54.84","2.19","218.46","8.74","10417.58","8.08","4709.15","3.65","2153.62","1.67","37.12","0.03"
2022,2023,"SWKE0295","SWKB1477","717.97","19.94","0.00","0.00","21.40","0.59","831.58","23.10","0.00","0.00","0.00","0.00","3823.29","106.20","70.00","1.94","1266.69","35.19","0.00","0.00","617.90","17.16","10417.58","8.08","4709.15","3.65","2153.62","1.67","37.12","0.03"
2022,2023,"SWKE0027","SWKB1478","655.07","40.94","0.00","0.00","0.00","0.00","0.00","0.00","0.00","0.00","0.00","0.00","4943.21","308.95","30.00","1.88","892.35","55.77","0.00","0.00","66.49","4.16","4847.57","2.50","1070.16","0.55","899.57","0.46","563.44","0.29"
2022,2023,"SWKE0156","SWKB1479","311.98","2.89","0.00","0.00","344.14","3.19","360.68","3.34","0.00","0.00","0.00","0.00","0.00","0.00","20.00","0.19","765.55","7.09","0.00","0.00","989.56","9.16","18101.96","8.44","6570.48","3.06","4272.51","1.99","2078.74","0.97"
2022,2023,"SWKE0327","SWKB1480","943.17","8.13","0.00","0.00","1778.65","15.33","1409.17","12.15","0.00","0.00","0.00","0.00","0.00","0.00","70.00","0.60","2878.02","24.81","291.51","2.51","1686.81","14.54","10111.12","12.77","1951.30","2.46","676.95","0.85","290.04","0.37"
2022,2023,"SWKE0208","SWKB1481","910.08","2.72","0.00","0.00","1096.80","3.27","1217.64","3.63","0.00","0.00","1585.98","4.73","0.00","0.00","60.00","0.18","2533.38","7.56","215.40","0.64","1701.60","5.08","2403.71","0.97","5063.13","2.04","2800.57","1.13","1360.06","0.55"
2022,2023,"SWKE0296","SWKB1482","791.49","7.26","0.00","0.00","1617.72","14.84","713.19","6.54","0.00","0.00","0.00","0.00","0.00","0.00","60.00","0.55","2300.61","21.11","0.00","0.00","943.68","8.66","783.09","7.18","1291.17","11.85","265.23","2.43","0.00","0.00"
2022,2023,"SWKE0201","SWKB1483","994.02","6.54","0.00","0.00","788.93","5.19","641.47","4.22","0.00","0.00","1073.43","7.06","0.00","0.00","80.00","0.53","3234.10","21.28","259.42","1.71","1677.20","11.03","36636.71","8.79","15477.74","3.71","7328.70","1.76","4457.84","1.07"
2022,2023,"SWKE0056","SWKB1484","383.48","2.97","0.00","0.00","156.20","1.21","350.12","2.71","0.00","0.00","0.00","0.00","0.00","0.00","40.00","0.31","1373.28","10.65","0.00","0.00","577.32","4.48","11236.68","7.22","2379.71","1.53","2129.49","1.37","2380.20","1.53"
2022,2023,"SWKE0088","SWKB1485","1535.72","18.96","0.00","0.00","542.86","6.70","895.72","11.06","0.00","0.00","0.00","0.00","10165.26","125.50","50.00","0.62","1719.24","21.23","63.98","0.79","855.37","10.56","12142.16","4.46","2955.56","1.09","1191.99","0.44","892.70","0.33"
2022,2023,"SWKE0088","SWKB1486","1877.30","23.18","0.00","0.00","3012.37","37.19","1035.45","12.78","0.00","0.00","0.00","0.00","10513.42","129.80","50.00","0.62","1719.24","21.23","55.54","0.69","1322.20","16.32","12142.16","4.46","2955.56","1.09","1191.99","0.44","892.70","0.33"
2022,2023,"SWKE0251","SWKB1487","442.28","8.04","0.00","0.00","671.48","12.21","435.64","7.92","0.00","0.00","0.00","0.00","0.00","0.00","40.00","0.73","1359.28","24.71","0.00","0.00","994.88","18.09","1908.78","4.09","583.88","1.25","272.18","0.58","0.00","0.00"
2022,2023,"SWKE0327","SWKB1488","1153.93","9.62","0.00","0.00","3040.96","25.34","1146.08","9.55","0.00","0.00","0.00","0.00","0.00","0.00","70.00","0.58","3377.84","28.15","228.90","1.91","2121.12","17.68","10111.12","12.77","1951.30","2.46","676.95","0.85","290.04","0.37"
2022,2023,"SWKE0329","SWKB1489","1754.80","14.62","0.00","0.00","2972.40","24.77","989.40","8.25","0.00","0.00","3279.90","27.33","0.00","0.00","100.00","0.83","4222.30","35.19","0.00","0.00","3552.30","29.60","67056.41","7.86","57695.83","6.77","7120.45","0.84","2827.45","0.33"
2022,2023,"SWKE0253","SWKB1490","3056.86","21.38","0.00","0.00","531.34","3.72","0.00","0.00","0.00","0.00","0.00","0.00","17023.14","119.04","90.00","0.63","3917.36","27.39","285.37","2.00","4758.10","33.27","22883.13","8.88","4446.78","1.72","1017.29","0.39","7492.98","2.91"
2022,2023,"SWKE0174","SWKB1491","371.97","8.86","0.00","0.00","289.09","6.88","80.60","1.92","0.00","0.00","0.00","0.00","2417.78","57.57","10.00","0.24","343.32","8.17","0.00","0.00","297.10","7.07","6623.36","6.52","6537.01","6.43","871.95","0.86","35.77","0.04"
2022,2023,"SWKE0174","SWKB1492","671.14","35.32","0.00","0.00","0.00","0.00","496.28","26.12","0.00","0.00","0.00","0.00","3603.20","189.64","30.00","1.58","1021.30","53.75","0.00","0.00","798.82","42.04","6623.36","6.52","6537.01","6.43","871.95","0.86","35.77","0.04"
2022,2023,"SWKE0174","SWKB1493","982.55","37.79","0.00","0.00","0.00","0.00","593.46","22.83","0.00","0.00","250.08","9.62","6190.12","238.08","30.00","1.15","1040.54","40.02","0.00","0.00","875.94","33.69","6623.36","6.52","6537.01","6.43","871.95","0.86","35.77","0.04"
2022,2023,"SWKE0174","SWKB1494","256.10","12.81","0.00","0.00","0.00","0.00","177.91","8.90","0.00","0.00","75.19","3.76","1528.75","76.44","10.00","0.50","344.64","17.23","0.00","0.00","226.09","11.30","6623.36","6.52","6537.01","6.43","871.95","0.86","35.77","0.04"
2022,2023,"SWKE0201","SWKB1495","884.79","10.92","0.00","0.00","2908.52","35.91","26.74","0.33","0.00","0.00","0.00","0.00","0.00","0.00","70.00","0.86","2405.88","29.70","65.40","0.81","1317.15","16.26","36636.71","8.79","15477.74","3.71","7328.70","1.76","4457.84","1.07"
2022,2023,"SWKE0201","SWKB1496","387.82","4.79","0.00","0.00","325.00","4.01","129.25","1.60","0.00","0.00","0.00","0.00","0.00","0.00","40.00","0.49","1374.60","16.97","61.11","0.75","761.02","9.40","36636.71","8.79","15477.74","3.71","7328.70","1.76","4457.84","1.07"
2022,2023,"SWKE0329","SWKB1497","356.82","7.43","0.00","0.00","561.42","11.70","528.32","11.01","0.00","0.00","357.96","7.46","0.00","0.00","20.00","0.42","866.82","18.06","0.00","0.00","578.42","12.05","67056.41","7.86","57695.83","6.77","7120.45","0.84","2827.45","0.33"
2022,2023,"SWKE0329","SWKB1498","486.49","9.54","0.00","0.00","1390.14","27.26","420.22","8.24","0.00","0.00","186.86","3.66","0.00","0.00","30.00","0.59","1272.11","24.94","143.16","2.81","650.56","12.76","67056.41","7.86","57695.83","6.77","7120.45","0.84","2827.45","0.33"
2022,2023,"SWKE0329","SWKB1499","754.34","15.72","0.00","0.00","874.14","18.21","647.76","13.50","0.00","0.00","2594.52","54.05","0.00","0.00","40.00","0.83","1546.46","32.22","0.00","0.00","867.62","18.08","67056.41","7.86","57695.83","6.77","7120.45","0.84","2827.45","0.33"
2022,2023,"SWKE0329","SWKB1500","518.70","10.81","0.00","0.00","1493.25","31.11","613.89","12.79","0.00","0.00","402.90","8.39","0.00","0.00","30.00","0.63","1266.69","26.39","0.00","0.00","650.73","13.56","67056.41","7.86","57695.83","6.77","7120.45","0.84","2827.45","0.33"
2022,2023,"SWKE0329","SWKB1501","592.56","12.88","0.00","0.00","586.42","12.75","814.48","17.71","0.00","0.00","860.96","18.72","0.00","0.00","40.00","0.87","1699.76","36.95","0.00","0.00","866.58","18.84","67056.41","7.86","57695.83","6.77","7120.45","0.84","2827.45","0.33"
2022,2023,"SWKE0329","SWKB1502","796.88","16.60","0.00","0.00","2895.00","60.31","775.32","16.15","0.00","0.00","536.96","11.19","0.00","0.00","40.00","0.83","1688.92","35.19","192.16","4.00","867.64","18.08","67056.41","7.86","57695.83","6.77","7120.45","0.84","2827.45","0.33"
2022,2023,"SWKE0299","SWKB1503","617.70","4.12","0.00","0.00","873.09","5.82","34.56","0.23","0.00","0.00","0.00","0.00","3534.20","23.56","20.00","0.13","938.55","6.26","0.00","0.00","225.19","1.50","3953.86","2.33","2935.48","1.73","5156.26","3.04","898.71","0.53"
2022,2023,"SWKE0299","SWKB1504","230.03","7.19","0.00","0.00","33.81","1.06","0.00","0.00","0.00","0.00","0.00","0.00","1588.61","49.64","10.00","0.31","338.99","10.59","0.00","0.00","87.21","2.73","3953.86","2.33","2935.48","1.73","5156.26","3.04","898.71","0.53"
2022,2023,"SWKE0299","SWKB1505","1328.20","14.92","0.00","0.00","359.35","4.04","149.70","1.68","0.00","0.00","0.00","0.00","9193.40","103.30","50.00","0.56","1716.60","19.29","0.00","0.00","394.75","4.44","3953.86","2.33","2935.48","1.73","5156.26","3.04","898.71","0.53"
2022,2023,"SWKE0299","SWKB1506","385.84","10.43","0.00","0.00","0.00","0.00","0.00","0.00","0.00","0.00","0.00","0.00","2581.86","69.78","20.00","0.54","689.28","18.63","0.00","0.00","167.60","4.53","3953.86","2.33","2935.48","1.73","5156.26","3.04","898.71","0.53"
2022,2023,"SWKE0299","SWKB1507","1096.40","24.36","0.00","0.00","1326.95","29.49","250.10","5.56","0.00","0.00","0.00","0.00","6227.45","138.39","50.00","1.11","1723.20","38.29","0.00","0.00","387.60","8.61","3953.86","2.33","2935.48","1.73","5156.26","3.04","898.71","0.53"
2022,2023,"SWKE0105","SWKB1508","1683.50","24.05","0.00","0.00","5334.38","76.21","873.22","12.47","0.00","0.00","0.00","0.00","0.00","0.00","80.00","1.14","2749.20","39.27","0.00","0.00","2562.04","36.60","33935.52","29.74","17358.14","15.21","7283.26","6.38","5522.11","4.84"
2022,2023,"SWKE0109","SWKB1509","326.46","4.66","0.00","0.00","263.34","3.76","425.84","6.08","0.00","0.00","305.20","4.36","0.00","0.00","20.00","0.29","844.46","12.06","95.96","1.37","834.62","11.92","28993.09","7.77","13027.12","3.49","5731.74","1.54","8768.26","2.35"
2022,2023,"SWKE0109","SWKB1510","480.44","5.46","0.00","0.00","1457.68","16.56","458.54","5.21","0.00","0.00","418.86","4.76","0.00","0.00","20.00","0.23","855.30","9.72","62.44","0.71","973.74","11.07","28993.09","7.77","13027.12","3.49","5731.74","1.54","8768.26","2.35"
2022,2023,"SWKE0109","SWKB1511","775.37","11.40","0.00","0.00","837.43","12.32","942.85","13.87","0.00","0.00","991.91","14.59","0.00","0.00","40.00","0.59","1867.21","27.46","154.18","2.27","1857.75","27.32","28993.09","7.77","13027.12","3.49","5731.74","1.54","8768.26","2.35"
2022,2023,"SWKE0329","SWKB1512","1465.78","6.66","0.00","0.00","1895.01","8.61","444.56","2.02","0.00","0.00","0.00","0.00","0.00","0.00","180.00","0.82","5505.25","25.02","367.35","1.67","3026.84","13.76","67056.41","7.86","57695.83","6.77","7120.45","0.84","2827.45","0.33"
2022,2023,"SWKE0254","SWKB1513","1628.30","25.05","0.00","0.00","3245.48","49.93","6481.42","99.71","0.00","0.00","0.00","0.00","5236.08","80.56","20.00","0.31","761.22","11.71","55.35","0.85","52.52","0.81","28014.15","5.93","12841.99","2.72","3467.67","0.73","2878.73","0.61"
2022,2023,"SWKE0300","SWKB1514","254.10","7.06","0.00","0.00","136.36","3.79","59.74","1.66","0.00","0.00","0.00","0.00","0.00","0.00","20.00","0.56","844.46","23.46","65.42","1.82","478.56","13.29","592.83","8.23","794.40","11.03","47.58","0.66","0.00","0.00"
2022,2023,"SWKE0300","SWKB1515","134.75","3.74","0.00","0.00","81.00","2.25","94.01","2.61","0.00","0.00","0.00","0.00","0.00","0.00","10.00","0.28","422.23","11.73","32.71","0.91","239.28","6.65","592.83","8.23","794.40","11.03","47.58","0.66","0.00","0.00"
2022,2023,"SWKE0261","SWKB1516","1100.76","11.96","0.00","0.00","556.08","6.04","1008.72","10.96","0.00","0.00","275.70","3.00","5664.54","61.57","30.00","0.33","1029.96","11.20","171.72","1.87","1171.53","12.73","10869.53","12.02","2265.24","2.51","1514.86","1.68","332.26","0.37"
2022,2023,"SWKE0048","SWKB1517","0.00","0.00","0.00","0.00","45.53","0.34","823.75","6.10","0.00","0.00","1885.84","13.97","0.00","0.00","70.00","0.52","2966.45","21.97","278.96","2.07","3261.65","24.16","0.00","0.00","3803.49","1.48","4526.42","1.76","13547.48","5.26"
2022,2023,"SWKE0329","SWKB1518","622.06","12.96","0.00","0.00","449.38","9.36","696.41","14.51","0.00","0.00","436.96","9.10","0.00","0.00","50.00","1.04","1889.22","39.36","0.00","0.00","1524.77","31.77","67056.41","7.86","57695.83","6.77","7120.45","0.84","2827.45","0.33"
2022,2023,"SWKE0329","SWKB1519","201.44","4.38","0.00","0.00","299.70","6.52","407.82","8.87","0.00","0.00","70.05","1.52","0.00","0.00","10.00","0.22","427.65","9.30","175.43","3.81","338.28","7.35","67056.41","7.86","57695.83","6.77","7120.45","0.84","2827.45","0.33"
2022,2023,"SWKE0329","SWKB1520","648.09","13.50","0.00","0.00","445.63","9.28","554.29","11.55","0.00","0.00","705.45","14.70","0.00","0.00","50.00","1.04","1889.22","39.36","137.66","2.87","1524.77","31.77","67056.41","7.86","57695.83","6.77","7120.45","0.84","2827.45","0.33"
2022,2023,"SWKE0329","SWKB1521","490.95","10.23","0.00","0.00","1220.91","25.44","538.47","11.22","0.00","0.00","177.33","3.69","0.00","0.00","30.00","0.63","1266.69","26.39","0.00","0.00","946.41","19.72","67056.41","7.86","57695.83","6.77","7120.45","0.84","2827.45","0.33"
2022,2023,"SWKE0329","SWKB1522","291.70","5.61","0.00","0.00","538.96","10.36","112.54","2.16","0.00","0.00","135.94","2.61","0.00","0.00","20.00","0.38","855.30","16.45","0.00","0.00","683.42","13.14","67056.41","7.86","57695.83","6.77","7120.45","0.84","2827.45","0.33"
2022,2023,"SWKE0329","SWKB1523","396.66","8.26","0.00","0.00","281.04","5.86","328.86","6.85","0.00","0.00","239.70","4.99","0.00","0.00","30.00","0.63","1266.69","26.39","144.12","3.00","946.41","19.72","67056.41","7.86","57695.83","6.77","7120.45","0.84","2827.45","0.33"
2022,2023,"SWKE0119","SWKB1524","1912.47","10.57","0.00","0.00","1726.86","9.54","3292.94","18.19","4356.38","24.07","1396.84","7.72","0.00","0.00","80.00","0.44","2819.79","15.58","302.55","1.67","3757.98","20.76","7478.12","5.24","216.06","0.15","1046.96","0.73","743.96","0.52"
2022,2023,"SWKE0129","SWKB1525","332.76","5.46","0.00","0.00","461.49","7.57","341.28","5.59","0.00","0.00","0.00","0.00","0.00","0.00","30.00","0.49","1019.46","16.71","0.00","0.00","946.41","15.51","33233.44","5.71","15254.16","2.62","6285.16","1.08","4205.47","0.72"
2022,2023,"SWKE0349","SWKB1526","0.00","0.00","145.48","1.15","404.44","3.21","357.72","2.84","0.00","0.00","0.00","0.00","0.00","0.00","40.00","0.32","1355.96","10.76","3.84","0.03","1235.76","9.81","0.00","0.00","1582.45","1.31","2848.68","2.37","484.26","0.40"
2022,2023,"SWKE0349","SWKB1527","0.00","0.00","181.85","1.26","1187.80","8.25","244.75","1.70","0.00","0.00","0.00","0.00","0.00","0.00","50.00","0.35","1694.95","11.77","62.85","0.44","1544.70","10.73","0.00","0.00","1582.45","1.31","2848.68","2.37","484.26","0.40"
2022,2023,"SWKE0349","SWKB1528","0.00","0.00","127.29","0.74","164.55","0.96","209.34","1.22","0.00","0.00","0.00","0.00","0.00","0.00","30.00","0.17","1029.96","5.99","34.41","0.20","1081.26","6.29","0.00","0.00","1582.45","1.31","2848.68","2.37","484.26","0.40"
2022,2023,"SWKE0349","SWKB1529","0.00","0.00","145.48","1.73","1385.30","16.49","535.50","6.38","0.00","0.00","0.00","0.00","0.00","0.00","50.00","0.60","1694.95","20.18","22.12","0.26","1544.70","18.39","0.00","0.00","1582.45","1.31","2848.68","2.37","484.26","0.40"
2022,2023,"SWKE0217","SWKB1530","1438.02","4.42","0.00","0.00","1984.77","6.11","1424.88","4.38","0.00","0.00","3245.40","9.99","0.00","0.00","90.00","0.28","3050.91","9.39","294.30","0.91","1959.03","6.03","9768.12","4.97","4798.38","2.44","1490.04","0.76","1113.40","0.57"
2022,2023,"SWKE0261","SWKB1531","1872.93","16.57","0.00","0.00","661.30","5.85","1714.15","15.17","0.00","0.00","458.45","4.06","10315.75","91.29","50.00","0.44","1716.60","15.19","166.80","1.48","1828.65","16.18","10869.53","12.02","2265.24","2.51","1514.86","1.68","332.26","0.37"
2022,2023,"SWKE0208","SWKB1532","915.44","2.72","0.00","0.00","1627.86","4.84","948.14","2.82","0.00","0.00","1234.84","3.68","0.00","0.00","60.00","0.18","2399.88","7.14","207.14","0.62","1944.84","5.79","2403.71","0.97","5063.13","2.04","2800.57","1.13","1360.06","0.55"
2022,2023,"SWKE0041","SWKB1533","5217.45","16.99","0.00","0.00","12793.59","41.67","1197.54","3.90","0.00","0.00","0.00","0.00","24505.11","79.82","180.00","0.59","6152.67","20.04","212.64","0.69","3889.89","12.67","66294.63","5.02","43369.16","3.28","23493.13","1.78","6607.17","0.50"
2022,2023,"SWKE0304","SWKB1534","3298.12","11.74","0.00","0.00","2256.05","8.03","1699.82","6.05","0.00","0.00","2028.81","7.22","14397.21","51.24","120.00","0.43","4678.21","16.65","378.02","1.35","3961.31","14.10","2492.76","8.87","770.86","2.74","317.90","1.13","0.00","0.00"
2022,2023,"SWKE0189","SWKB1535","1365.86","9.83","0.00","0.00","926.13","6.66","803.89","5.78","0.00","0.00","829.85","5.97","7856.15","56.52","40.00","0.29","1373.74","9.88","0.00","0.00","850.33","6.12","2142.05","5.76","0.00","0.00","398.22","1.07","0.00","0.00"
2022,2023,"SWKE0189","SWKB1536","1148.13","38.27","0.00","0.00","393.48","13.12","431.34","14.38","0.00","0.00","0.00","0.00","7898.88","263.30","30.00","1.00","1016.97","33.90","0.00","0.00","775.98","25.87","2142.05","5.76","0.00","0.00","398.22","1.07","0.00","0.00"
2022,2023,"SWKE0305","SWKB1537","1274.35","14.99","0.00","0.00","2462.68","28.97","485.06","5.71","0.00","0.00","2383.26","28.04","0.00","0.00","80.00","0.94","2754.48","32.41","0.00","0.00","1815.62","21.36","2297.01","9.57","1480.06","6.17","157.06","0.65","910.50","3.79"
2022,2023,"SWKE0305","SWKB1538","726.86","8.65","0.00","0.00","2038.02","24.26","215.37","2.56","0.00","0.00","0.00","0.00","0.00","0.00","50.00","0.60","1719.24","20.47","0.00","0.00","1293.58","15.40","2297.01","9.57","1480.06","6.17","157.06","0.65","910.50","3.79"
2022,2023,"SWKE0306","SWKB1539","368.78","8.78","0.00","0.00","1544.24","36.77","383.54","9.13","0.00","0.00","0.00","0.00","0.00","0.00","20.00","0.48","689.28","16.41","62.30","1.48","821.16","19.55","179.60","4.28","0.00","0.00","7.74","0.18","0.00","0.00"
2022,2023,"SWKE0198","SWKB1540","546.51","4.20","0.00","0.00","360.09","2.77","313.41","2.41","0.00","0.00","0.00","0.00","0.00","0.00","60.00","0.46","2488.71","19.14","163.56","1.26","1052.79","8.10","10806.74","4.00","4473.97","1.65","1968.42","0.73","1238.25","0.46"
2022,2023,"SWKE0198","SWKB1541","92.69","1.40","0.00","0.00","58.53","0.89","43.08","0.65","0.00","0.00","0.00","0.00","0.00","0.00","10.00","0.15","427.65","6.48","0.00","0.00","197.47","2.99","10806.74","4.00","4473.97","1.65","1968.42","0.73","1238.25","0.46"
2022,2023,"SWKE0120","SWKB1542","558.01","5.17","0.00","0.00","972.32","9.00","1173.69","10.87","0.00","0.00","0.00","0.00","0.00","0.00","400.00","3.70","2757.12","25.53","0.00","0.00","0.00","0.00","14622.22","2.98","9062.23","1.85","5281.87","1.08","1329.84","0.27"
2022,2023,"SWKE0048","SWKB1543","0.00","0.00","0.00","0.00","459.59","1.78","1188.29","4.61","0.00","0.00","4416.84","17.12","0.00","0.00","120.00","0.47","5071.83","19.66","524.60","2.03","6272.96","24.31","0.00","0.00","3803.49","1.48","4526.42","1.76","13547.48","5.26"
2022,2023,"SWKE0262","SWKB1544","442.11","5.82","0.00","0.00","593.07","7.80","1044.24","13.74","0.00","0.00","0.00","0.00","0.00","0.00","30.00","0.39","1033.92","13.60","0.00","0.00","1005.78","13.23","2861.74","3.17","852.99","0.94","527.00","0.58","461.05","0.51"
2022,2023,"SWKE0308","SWKB1545","1331.78","4.51","0.00","0.00","1876.79","6.36","1142.97","3.87","0.00","0.00","0.00","0.00","0.00","0.00","100.00","0.34","4060.79","13.77","0.00","0.00","2563.57","8.69","2094.91","5.15","3000.62","7.37","489.48","1.20","24.51","0.06"
2022,2023,"SWKE0308","SWKB1546","277.50","4.96","0.00","0.00","456.40","8.15","409.64","7.32","0.00","0.00","0.00","0.00","0.00","0.00","20.00","0.36","677.98","12.11","0.00","0.00","567.18","10.13","2094.91","5.15","3000.62","7.37","489.48","1.20","24.51","0.06"
2022,2023,"SWKE0308","SWKB1547","443.18","7.91","0.00","0.00","91.77","1.64","600.39","10.72","0.00","0.00","0.00","0.00","0.00","0.00","40.00","0.71","1371.59","24.49","0.00","0.00","1095.99","19.57","2094.91","5.15","3000.62","7.37","489.48","1.20","24.51","0.06"
2022,2023,"SWKE0218","SWKB1548","2772.10","9.90","0.00","0.00","4407.92","15.74","1840.05","6.57","0.00","0.00","0.00","0.00","0.00","0.00","210.00","0.75","7752.56","27.69","0.00","0.00","7140.39","25.50","19320.99","8.29","3914.18","1.68","2309.77","0.99","420.49","0.18"
2022,2023,"SWKE0227","SWKB1549","987.54","7.10","0.00","0.00","1788.33","12.87","960.00","6.91","0.00","0.00","953.32","6.86","0.00","0.00","60.00","0.43","2301.21","16.56","0.00","0.00","2085.84","15.01","20224.97","9.68","9128.09","4.37","4000.84","1.91","2920.21","1.40"
2022,2023,"SWKE0112","SWKB1550","2594.66","7.54","0.00","0.00","2296.31","6.68","2620.49","7.62","0.00","0.00","3312.77","9.63","0.00","0.00","380.00","1.10","7508.22","21.83","276.21","0.80","4817.81","14.01","37372.02","7.97","29578.18","6.31","5048.69","1.08","2283.47","0.49"
2022,2023,"SWKE0112","SWKB1551","505.45","2.61","0.00","0.00","182.82","0.94","364.63","1.88","0.00","0.00","794.71","4.10","0.00","0.00","40.00","0.21","1534.34","7.91","61.80","0.32","1111.48","5.73","37372.02","7.97","29578.18","6.31","5048.69","1.08","2283.47","0.49"
2022,2023,"SWKE0210","SWKB1552","2488.60","20.74","0.00","0.00","2617.70","21.81","420.20","3.50","0.00","0.00","0.00","0.00","13540.80","112.84","100.00","0.83","3446.40","28.72","0.00","0.00","2892.80","24.11","18399.95","6.76","6510.11","2.39","3421.44","1.26","2839.76","1.04"
2022,2023,"SWKE0309","SWKB1553","2137.39","39.58","0.00","0.00","2976.97","55.13","10709.42","198.32","0.00","0.00","0.00","0.00","0.00","0.00","60.00","1.11","2472.05","45.78","0.00","0.00","2184.24","40.45","799.08","9.74","1550.08","18.90","296.93","3.62","385.15","4.70"
2022,2023,"SWKE0033","SWKB1554","873.98","7.80","0.00","0.00","756.60","6.76","459.27","4.10","0.00","0.00","0.00","0.00","0.00","0.00","260.00","2.32","2805.85","25.05","227.48","2.03","2711.33","24.21","8881.31","4.52","3400.90","1.73","2480.48","1.26","1457.53","0.74"
2022,2023,"SWKE0033","SWKB1555","252.06","2.60","0.00","0.00","43.06","0.44","387.38","3.99","0.00","0.00","0.00","0.00","0.00","0.00","20.00","0.21","798.03","8.23","65.64","0.68","729.38","7.52","8881.31","4.52","3400.90","1.73","2480.48","1.26","1457.53","0.74"
2022,2023,"SWKE0311","SWKB1556","450.65","9.39","0.00","0.00","777.18","16.19","371.35","7.74","0.00","0.00","0.00","0.00","0.00","0.00","40.00","0.83","1688.92","35.19","110.95","2.31","215.48","4.49","128.91","2.69","857.13","17.86","310.38","6.47","46.09","0.96"
2022,2023,"SWKE0302","SWKB1557","7492.26","12.55","0.00","0.00","13336.84","22.34","2421.33","4.06","0.00","0.00","3972.84","6.65","17946.46","30.06","350.00","0.59","12211.26","20.45","1121.14","1.88","9082.67","15.21","11188.21","15.26","2938.39","4.01","962.50","1.31","720.79","0.98"
2022,2023,"SWKE0192","SWKB1558","814.56","13.58","0.00","0.00","818.76","13.65","0.00","0.00","0.00","0.00","0.00","0.00","4588.88","76.48","40.00","0.67","1378.56","22.98","0.00","0.00","488.52","8.14","4042.15","2.40","1352.88","0.80","1512.56","0.90","1799.51","1.07"
2022,2023,"SWKE0312","SWKB1559","0.00","0.00","0.00","0.00","755.18","2.95","781.38","3.05","0.00","0.00","0.00","0.00","0.00","0.00","100.00","0.39","3519.68","13.75","0.00","0.00","4491.40","17.54","0.00","0.00","2862.65","5.65","681.31","1.34","88.45","0.17"
2022,2023,"SWKE0312","SWKB1560","0.00","0.00","0.00","0.00","305.76","1.22","1309.57","5.22","0.00","0.00","0.00","0.00","0.00","0.00","130.00","0.52","5129.01","20.43","0.00","0.00","5648.29","22.50","0.00","0.00","2862.65","5.65","681.31","1.34","88.45","0.17"
2022,2023,"SWKE0128","SWKB1561","682.09","6.26","0.00","0.00","218.00","2.00","565.67","5.19","0.00","0.00","737.06","6.76","0.00","0.00","70.00","0.64","2800.43","25.69","0.00","0.00","1334.54","12.24","2797.23","1.85","3516.92","2.33","1028.32","0.68","1469.94","0.97"
2022,2023,"SWKE0128","SWKB1562","237.25","7.19","0.00","0.00","202.16","6.13","225.49","6.83","0.00","0.00","0.00","0.00","0.00","0.00","30.00","0.91","1022.96","31.00","0.00","0.00","485.03","14.70","2797.23","1.85","3516.92","2.33","1028.32","0.68","1469.94","0.97"
2022,2023,"SWKE0316","SWKB1563","1636.47","9.74","0.00","0.00","2598.31","15.47","1439.35","8.57","0.00","0.00","2472.58","14.72","0.00","0.00","110.00","0.65","4644.53","27.65","361.57","2.15","2450.69","14.59","29606.81","9.09","8008.07","2.46","3575.40","1.10","1671.91","0.51"
2022,2023,"SWKE0128","SWKB1564","256.41","2.33","0.00","0.00","20.31","0.18","179.37","1.63","0.00","0.00","397.77","3.62","0.00","0.00","30.00","0.27","1033.92","9.40","0.00","0.00","495.90","4.51","2797.23","1.85","3516.92","2.33","1028.32","0.68","1469.94","0.97"
2022,2023,"SWKE0128","SWKB1565","405.04","12.27","0.00","0.00","0.00","0.00","1113.86","33.75","0.00","0.00","0.00","0.00","0.00","0.00","40.00","1.21","1369.78","41.51","0.00","0.00","838.86","25.42","2797.23","1.85","3516.92","2.33","1028.32","0.68","1469.94","0.97"
2022,2023,"SWKE0313","SWKB1566","603.60","4.99","0.00","0.00","350.13","2.89","180.08","1.49","0.00","0.00","0.00","0.00","0.00","0.00","70.00","0.58","2462.99","20.36","0.00","0.00","1252.34","10.35","1026.80","4.63","1062.20","4.78","113.05","0.51","72.10","0.32"
2022,2023,"SWKE0313","SWKB1567","185.26","1.83","0.00","0.00","224.98","2.23","59.60","0.59","0.00","0.00","0.00","0.00","0.00","0.00","20.00","0.20","689.28","6.82","0.00","0.00","394.80","3.91","1026.80","4.63","1062.20","4.78","113.05","0.51","72.10","0.32"
2022,2023,"SWKE0314","SWKB1568","1005.60","9.31","0.00","0.00","457.52","4.24","942.72","8.73","0.00","0.00","0.00","0.00","0.00","0.00","80.00","0.74","3377.84","31.28","90.08","0.83","1843.20","17.07","1686.00","15.61","1305.36","12.09","157.60","1.46","195.92","1.81"
2022,2023,"SWKE0128","SWKB1569","1347.65","8.53","0.00","0.00","3051.28","19.31","599.83","3.80","0.00","0.00","1209.44","7.65","0.00","0.00","120.00","0.76","4122.94","26.09","0.00","0.00","2425.47","15.35","2797.23","1.85","3516.92","2.33","1028.32","0.68","1469.94","0.97"
2022,2023,"SWKE0315","SWKB1570","0.00","0.00","0.00","0.00","3701.01","10.28","3022.92","8.40","0.00","0.00","0.00","0.00","0.00","0.00","220.00","0.61","7695.89","21.38","135.89","0.38","8608.53","23.91","0.00","0.00","3105.10","8.63","132.94","0.37","0.00","0.00"
2022,2023,"SWKE0316","SWKB1571","2467.04","11.42","0.00","0.00","3660.00","16.94","1120.48","5.19","0.00","0.00","7209.76","33.38","0.00","0.00","160.00","0.74","5423.84","25.11","0.00","0.00","3768.80","17.45","29606.81","9.09","8008.07","2.46","3575.40","1.10","1671.91","0.51"
2022,2023,"SWKE0128","SWKB1572","467.04","6.67","0.00","0.00","1167.81","16.68","79.62","1.14","0.00","0.00","766.05","10.94","0.00","0.00","30.00","0.43","1282.95","18.33","0.00","0.00","762.39","10.89","2797.23","1.85","3516.92","2.33","1028.32","0.68","1469.94","0.97"
2022,2023,"SWKE0128","SWKB1573","241.14","4.02","0.00","0.00","464.12","7.74","18.42","0.31","0.00","0.00","232.72","3.88","0.00","0.00","20.00","0.33","844.46","14.07","0.00","0.00","502.16","8.37","2797.23","1.85","3516.92","2.33","1028.32","0.68","1469.94","0.97"
2022,2023,"SWKE0128","SWKB1574","404.07","5.54","0.00","0.00","900.46","12.34","28.76","0.39","0.00","0.00","413.34","5.66","0.00","0.00","20.00","0.27","1288.71","17.65","0.00","0.00","768.62","10.53","2797.23","1.85","3516.92","2.33","1028.32","0.68","1469.94","0.97"
2022,2023,"SWKE0128","SWKB1575","343.17","4.70","0.00","0.00","1272.44","17.43","37.16","0.51","0.00","0.00","300.10","4.11","0.00","0.00","20.00","0.27","861.06","11.80","0.00","0.00","524.06","7.18","2797.23","1.85","3516.92","2.33","1028.32","0.68","1469.94","0.97"
2022,2023,"SWKE0128","SWKB1576","253.36","4.22","0.00","0.00","202.70","3.38","35.50","0.59","0.00","0.00","599.28","9.99","0.00","0.00","20.00","0.33","844.46","14.07","0.00","0.00","502.16","8.37","2797.23","1.85","3516.92","2.33","1028.32","0.68","1469.94","0.97"
2022,2023,"SWKE0128","SWKB1577","387.36","5.53","0.00","0.00","350.76","5.01","28.41","0.41","0.00","0.00","837.63","11.97","0.00","0.00","30.00","0.43","1282.95","18.33","0.00","0.00","762.39","10.89","2797.23","1.85","3516.92","2.33","1028.32","0.68","1469.94","0.97"
2022,2023,"SWKE0128","SWKB1578","410.93","3.70","0.00","0.00","634.68","5.72","215.53","1.94","0.00","0.00","485.07","4.37","0.00","0.00","80.00","0.72","1612.40","14.53","0.00","0.00","619.23","5.58","2797.23","1.85","3516.92","2.33","1028.32","0.68","1469.94","0.97"
2022,2023,"SWKE0128","SWKB1579","181.11","5.49","0.00","0.00","149.52","4.53","289.35","8.77","0.00","0.00","0.00","0.00","0.00","0.00","20.00","0.61","683.14","20.70","0.00","0.00","368.81","11.18","2797.23","1.85","3516.92","2.33","1028.32","0.68","1469.94","0.97"
2022,2023,"SWKE0316","SWKB1580","2931.89","7.40","0.00","0.00","2652.16","6.70","1801.63","4.55","0.00","0.00","3488.36","8.81","0.00","0.00","270.00","0.68","9158.54","23.13","0.00","0.00","6841.30","17.28","29606.81","9.09","8008.07","2.46","3575.40","1.10","1671.91","0.51"
2022,2023,"SWKE0129","SWKB1581","4456.96","53.06","0.00","0.00","1116.16","13.29","22393.76","266.59","0.00","0.00","0.00","0.00","13241.60","157.64","80.00","0.95","2746.56","32.70","0.00","0.00","2462.96","29.32","33233.44","5.71","15254.16","2.62","6285.16","1.08","4205.47","0.72"
2022,2023,"SWKE0017","SWKB1582","565.65","11.78","0.00","0.00","1474.55","30.72","143.90","3.00","0.00","0.00","0.00","0.00","0.00","0.00","50.00","1.04","1699.10","35.40","0.00","0.00","1286.15","26.79","11038.97","5.77","3490.54","1.83","1723.70","0.90","13544.02","7.08"
2022,2023,"SWKE0120","SWKB1583","598.26","4.34","0.00","0.00","872.61","6.32","835.59","6.06","0.00","0.00","0.00","0.00","0.00","0.00","240.00","1.74","2125.86","15.40","0.00","0.00","1486.02","10.77","14622.22","2.98","9062.23","1.85","5281.87","1.08","1329.84","0.27"
2022,2023,"SWKE0222","SWKB1584","420.53","11.68","0.00","0.00","77.35","2.15","2735.84","76.00","0.00","0.00","0.00","0.00","0.00","0.00","10.00","0.28","422.23","11.73","59.96","1.67","266.57","7.40","1336.13","12.73","943.69","8.99","186.34","1.77","0.00","0.00"
2022,2023,"SWKE0222","SWKB1585","360.85","10.93","0.00","0.00","29.70","0.90","2482.49","75.23","0.00","0.00","0.00","0.00","0.00","0.00","10.00","0.30","344.64","10.44","0.00","0.00","215.55","6.53","1336.13","12.73","943.69","8.99","186.34","1.77","0.00","0.00"
2022,2023,"SWKE0145","SWKB1586","282.21","5.88","0.00","0.00","149.29","3.11","400.30","8.34","0.00","0.00","0.00","0.00","0.00","0.00","20.00","0.42","855.64","17.83","76.31","1.59","900.29","18.76","28851.81","5.32","12285.67","2.26","6990.17","1.29","3304.06","0.61"
2022,2023,"SWKE0145","SWKB1587","320.58","6.68","0.00","0.00","668.53","13.93","371.71","7.74","0.00","0.00","0.00","0.00","0.00","0.00","20.00","0.42","849.88","17.71","70.86","1.48","835.99","17.42","28851.81","5.32","12285.67","2.26","6990.17","1.29","3304.06","0.61"
2022,2023,"SWKE0087","SWKB1588","116.34","2.12","0.00","0.00","9.54","0.17","29.46","0.54","0.00","0.00","0.00","0.00","0.00","0.00","20.00","0.36","686.64","12.48","0.00","0.00","30.00","0.55","9590.04","5.73","5415.19","3.23","1480.71","0.88","1213.61","0.72"
2022,2023,"SWKE0087","SWKB1589","825.58","7.51","0.00","0.00","305.55","2.78","154.84","1.41","0.00","0.00","0.00","0.00","0.00","0.00","60.00","0.55","2403.24","21.85","0.00","0.00","3964.87","36.04","9590.04","5.73","5415.19","3.23","1480.71","0.88","1213.61","0.72"
2022,2023,"SWKE0218","SWKB1590","1318.78","4.49","0.00","0.00","3128.24","10.64","332.24","1.13","0.00","0.00","0.00","0.00","0.00","0.00","110.00","0.37","4005.54","13.62","0.00","0.00","2740.32","9.32","19320.99","8.29","3914.18","1.68","2309.77","0.99","420.49","0.18"
2022,2023,"SWKE0218","SWKB1591","528.35","4.00","0.00","0.00","690.64","5.23","287.05","2.17","0.00","0.00","0.00","0.00","0.00","0.00","240.00","1.82","1800.07","13.64","0.00","0.00","1180.69","8.94","19320.99","8.29","3914.18","1.68","2309.77","0.99","420.49","0.18"
2022,2023,"SWKE0218","SWKB1592","690.04","3.71","0.00","0.00","1703.26","9.16","152.47","0.82","0.00","0.00","0.00","0.00","0.00","0.00","60.00","0.32","2128.82","11.45","0.00","0.00","1401.45","7.53","19320.99","8.29","3914.18","1.68","2309.77","0.99","420.49","0.18"
2022,2023,"SWKE0307","SWKB1593","2175.29","15.11","0.00","0.00","1835.83","12.75","12358.15","85.82","0.00","0.00","0.00","0.00","0.00","0.00","70.00","0.49","2596.66","18.03","104.46","0.73","2351.59","16.33","10327.23","5.35","10931.39","5.66","1722.40","0.89","2244.32","1.16"
2022,2023,"SWKE0307","SWKB1594","1630.19","10.32","0.00","0.00","388.45","2.46","9881.65","62.54","0.00","0.00","0.00","0.00","0.00","0.00","60.00","0.38","2156.63","13.65","0.00","0.00","1794.69","11.36","10327.23","5.35","10931.39","5.66","1722.40","0.89","2244.32","1.16"
2022,2023,"SWKE0307","SWKB1595","5318.00","36.93","0.00","0.00","1624.70","11.28","23168.90","160.90","0.00","0.00","0.00","0.00","19856.60","137.89","100.00","0.69","3389.90","23.54","359.00","2.49","1943.70","13.50","10327.23","5.35","10931.39","5.66","1722.40","0.89","2244.32","1.16"
2022,2023,"SWKE0307","SWKB1596","1251.70","34.77","0.00","0.00","237.28","6.59","5759.36","159.98","0.00","0.00","0.00","0.00","4629.78","128.61","20.00","0.56","677.98","18.83","130.82","3.63","514.44","14.29","10327.23","5.35","10931.39","5.66","1722.40","0.89","2244.32","1.16"
2022,2023,"SWKE0307","SWKB1597","7258.42","50.41","0.00","0.00","5118.36","35.54","30309.37","210.48","0.00","0.00","0.00","0.00","26109.33","181.31","120.00","0.83","4406.87","30.60","425.10","2.95","2526.81","17.55","10327.23","5.35","10931.39","5.66","1722.40","0.89","2244.32","1.16"
2022,2023,"SWKE0011","SWKB1598","649.97","5.42","0.00","0.00","231.18","1.93","328.68","2.74","0.00","0.00","1088.47","9.07","0.00","0.00","60.00","0.50","2461.21","20.51","0.00","0.00","1218.36","10.15","3952.45","3.45","5387.09","4.70","1141.47","1.00","489.61","0.43"
2022,2023,"SWKE0045","SWKB1599","1173.94","10.30","0.00","0.00","563.13","4.94","468.13","4.11","0.00","0.00","0.00","0.00","6395.01","56.10","30.00","0.26","1272.11","11.16","98.10","0.86","1686.25","14.79","21208.02","7.64","7811.54","2.81","2210.07","0.80","2040.28","0.73"
2022,2023,"SWKE0045","SWKB1600","676.14","22.54","0.00","0.00","204.60","6.82","973.68","32.46","0.00","0.00","0.00","0.00","3447.80","114.93","20.00","0.67","689.28","22.98","65.42","2.18","719.26","23.98","21208.02","7.64","7811.54","2.81","2210.07","0.80","2040.28","0.73"
2022,2023,"SWKE0045","SWKB1601","860.37","28.68","0.00","0.00","184.77","6.16","669.42","22.31","0.00","0.00","0.00","0.00","4546.53","151.55","30.00","1.00","1033.92","34.46","98.13","3.27","1078.89","35.96","21208.02","7.64","7811.54","2.81","2210.07","0.80","2040.28","0.73"
2022,2023,"SWKE0045","SWKB1602","341.51","11.38","0.00","0.00","493.78","16.46","222.60","7.42","0.00","0.00","0.00","0.00","1631.02","54.37","10.00","0.33","344.64","11.49","32.71","1.09","359.63","11.99","21208.02","7.64","7811.54","2.81","2210.07","0.80","2040.28","0.73"
2022,2023,"SWKE0045","SWKB1603","323.19","10.77","0.00","0.00","385.72","12.86","205.05","6.84","0.00","0.00","0.00","0.00","1573.42","52.45","10.00","0.33","344.64","11.49","32.71","1.09","359.63","11.99","21208.02","7.64","7811.54","2.81","2210.07","0.80","2040.28","0.73"
2022,2023,"SWKE0045","SWKB1604","620.08","20.67","0.00","0.00","379.02","12.63","452.86","15.10","0.00","0.00","0.00","0.00","3233.46","107.78","20.00","0.67","689.28","22.98","65.42","2.18","719.26","23.98","21208.02","7.64","7811.54","2.81","2210.07","0.80","2040.28","0.73"
2022,2023,"SWKE0045","SWKB1605","652.38","21.04","0.00","0.00","895.52","28.89","281.38","9.08","0.00","0.00","0.00","0.00","3273.00","105.58","20.00","0.65","689.28","22.23","0.00","0.00","723.22","23.33","21208.02","7.64","7811.54","2.81","2210.07","0.80","2040.28","0.73"
2022,2023,"SWKE0045","SWKB1606","293.21","9.46","0.00","0.00","91.90","2.96","237.78","7.67","0.00","0.00","0.00","0.00","1533.76","49.48","10.00","0.32","344.64","11.12","31.65","1.02","361.61","11.66","21208.02","7.64","7811.54","2.81","2210.07","0.80","2040.28","0.73"
2022,2023,"SWKE0045","SWKB1607","673.60","21.73","0.00","0.00","520.58","16.79","469.42","15.14","0.00","0.00","0.00","0.00","3469.65","111.92","20.00","0.65","683.63","22.05","69.63","2.25","795.55","25.66","21208.02","7.64","7811.54","2.81","2210.07","0.80","2040.28","0.73"
2022,2023,"SWKE0045","SWKB1608","593.04","19.13","0.00","0.00","232.54","7.50","409.32","13.20","0.00","0.00","0.00","0.00","3151.36","101.66","10.00","0.32","689.28","22.23","63.30","2.04","723.22","23.33","21208.02","7.64","7811.54","2.81","2210.07","0.80","2040.28","0.73"
2022,2023,"SWKE0045","SWKB1609","304.16","9.81","0.00","0.00","45.49","1.47","178.90","5.77","0.00","0.00","0.00","0.00","1748.56","56.41","10.00","0.32","344.64","11.12","31.65","1.02","361.61","11.66","21208.02","7.64","7811.54","2.81","2210.07","0.80","2040.28","0.73"
2022,2023,"SWKE0045","SWKB1610","728.25","23.49","0.00","0.00","139.68","4.51","437.93","14.13","0.00","0.00","0.00","0.00","4428.41","142.85","20.00","0.65","683.63","22.05","69.63","2.25","795.55","25.66","21208.02","7.64","7811.54","2.81","2210.07","0.80","2040.28","0.73"
2022,2023,"SWKE0045","SWKB1611","928.89","29.96","0.00","0.00","423.04","13.65","651.45","21.01","0.00","0.00","0.00","0.00","4869.35","157.08","30.00","0.97","1028.27","33.17","101.28","3.27","1157.16","37.33","21208.02","7.64","7811.54","2.81","2210.07","0.80","2040.28","0.73"
2022,2023,"SWKE0045","SWKB1612","345.00","11.13","0.00","0.00","171.58","5.53","251.98","8.13","0.00","0.00","0.00","0.00","1818.62","58.67","10.00","0.32","338.99","10.94","37.98","1.23","433.94","14.00","21208.02","7.64","7811.54","2.81","2210.07","0.80","2040.28","0.73"
2022,2023,"SWKE0045","SWKB1613","655.36","21.14","0.00","0.00","123.73","3.99","484.97","15.64","0.00","0.00","0.00","0.00","3668.44","118.34","20.00","0.65","683.63","22.05","69.63","2.25","795.55","25.66","21208.02","7.64","7811.54","2.81","2210.07","0.80","2040.28","0.73"
2022,2023,"SWKE0045","SWKB1614","899.04","29.00","0.00","0.00","178.75","5.77","410.08","13.23","0.00","0.00","0.00","0.00","5056.58","163.12","30.00","0.97","1028.27","33.17","101.28","3.27","1157.16","37.33","21208.02","7.64","7811.54","2.81","2210.07","0.80","2040.28","0.73"
2022,2023,"SWKE0045","SWKB1615","303.51","9.79","0.00","0.00","171.40","5.53","273.37","8.82","0.00","0.00","0.00","0.00","1521.67","49.09","10.00","0.32","344.64","11.12","31.65","1.02","361.61","11.66","21208.02","7.64","7811.54","2.81","2210.07","0.80","2040.28","0.73"
2022,2023,"SWKE0122","SWKB1616","123.06","2.80","0.00","0.00","0.00","0.00","0.00","0.00","0.00","0.00","0.00","0.00","0.00","0.00","20.00","0.45","0.00","0.00","0.00","0.00","0.00","0.00","20294.21","25.02","4938.76","6.09","614.23","0.76","5108.91","6.30"
2022,2023,"SWKE0122","SWKB1617","66.26","5.52","0.00","0.00","0.00","0.00","0.00","0.00","0.00","0.00","0.00","0.00","0.00","0.00","10.00","0.83","0.00","0.00","0.00","0.00","0.00","0.00","20294.21","25.02","4938.76","6.09","614.23","0.76","5108.91","6.30"
2022,2023,"SWKE0122","SWKB1618","198.81","6.02","0.00","0.00","0.00","0.00","0.00","0.00","0.00","0.00","0.00","0.00","0.00","0.00","30.00","0.91","0.00","0.00","0.00","0.00","0.00","0.00","20294.21","25.02","4938.76","6.09","614.23","0.76","5108.91","6.30"
2022,2023,"SWKE0288","SWKB1619","3277.14","6.40","0.00","0.00","4705.74","9.19","2625.35","5.13","0.00","0.00","0.00","0.00","0.00","0.00","270.00","0.53","11903.74","23.25","320.53","0.63","8311.43","16.23","36388.87","5.99","15134.54","2.49","3958.58","0.65","5509.76","0.91"
2022,2023,"SWKE0263","SWKB1620","324.78","6.77","0.00","0.00","478.82","9.98","242.90","5.06","0.00","0.00","0.00","0.00","0.00","0.00","20.00","0.42","844.46","17.59","0.00","0.00","769.20","16.03","15356.34","12.74","6185.99","5.13","5900.07","4.90","2608.91","2.17"
2022,2023,"SWKE0192","SWKB1621","1045.29","18.34","0.00","0.00","427.38","7.50","31.11","0.55","0.00","0.00","0.00","0.00","6030.45","105.80","60.00","1.05","2053.38","36.02","0.00","0.00","735.15","12.90","4042.15","2.40","1352.88","0.80","1512.56","0.90","1799.51","1.07"
2022,2023,"SWKE0123","SWKB1622","1103.10","5.81","0.00","0.00","2312.35","12.17","1859.15","9.79","0.00","0.00","0.00","0.00","0.00","0.00","50.00","0.26","1716.60","9.03","245.25","1.29","1759.05","9.26","5826.56","15.50","3704.64","9.85","1066.01","2.84","253.53","0.67"
2022,2023,"SWKE0329","SWKB1623","488.64","5.82","0.00","0.00","1851.72","22.04","317.73","3.78","0.00","0.00","0.00","0.00","0.00","0.00","30.00","0.36","1282.95","15.27","0.00","0.00","547.77","6.52","67056.41","7.86","57695.83","6.77","7120.45","0.84","2827.45","0.33"
2022,2023,"SWKE0329","SWKB1624","747.60","8.80","0.00","0.00","293.35","3.45","721.85","8.49","0.00","0.00","0.00","0.00","0.00","0.00","70.00","0.82","3021.91","35.55","0.00","0.00","1301.05","15.31","67056.41","7.86","57695.83","6.77","7120.45","0.84","2827.45","0.33"
2022,2023,"SWKE0329","SWKB1625","454.60","8.12","0.00","0.00","38.20","0.68","310.40","5.54","0.00","0.00","0.00","0.00","0.00","0.00","40.00","0.71","1710.60","30.55","0.00","0.00","1305.20","23.31","67056.41","7.86","57695.83","6.77","7120.45","0.84","2827.45","0.33"
2022,2023,"SWKE0317","SWKB1626","327.07","9.62","0.00","0.00","0.00","0.00","572.96","16.85","0.00","0.00","0.00","0.00","0.00","0.00","30.00","0.88","1533.74","45.11","232.80","6.85","304.31","8.95","190.20","5.59","344.32","10.13","92.22","2.71","0.00","0.00"
2022,2023,"SWKE0275","SWKB1627","1182.95","3.97","0.00","0.00","736.05","2.47","641.10","2.15","0.00","0.00","947.10","3.18","6451.65","21.65","240.00","0.81","1723.20","5.78","0.00","0.00","866.55","2.91","1037.38","0.86","1282.91","1.07","295.97","0.25","242.45","0.20"
2022,2023,"SWKE0318","SWKB1628","0.00","0.00","0.00","0.00","3575.25","14.90","939.88","3.92","0.00","0.00","4615.68","19.23","21247.00","88.53","190.00","0.79","6501.90","27.09","1187.40","4.95","6281.75","26.17","0.00","0.00","1271.39","4.61","587.99","2.13","0.00","0.00"
2022,2023,"SWKE0008","SWKB1629","1778.78","11.19","0.00","0.00","4296.40","27.02","1396.07","8.78","0.00","0.00","0.00","0.00","0.00","0.00","160.00","1.01","5959.44","37.48","0.00","0.00","3921.93","24.67","3589.01","1.56","3127.38","1.36","2324.56","1.01","3032.25","1.32"
2022,2023,"SWKE0320","SWKB1630","157.61","3.75","0.00","0.00","558.96","13.31","74.86","1.78","0.00","0.00","0.00","0.00","0.00","0.00","10.00","0.24","344.64","8.21","31.15","0.74","423.40","10.08","89.80","2.14","39.82","0.95","13.48","0.32","0.00","0.00"
2022,2023,"SWKE0319","SWKB1631","652.67","9.06","0.00","0.00","429.85","5.97","476.90","6.62","0.00","0.00","0.00","0.00","0.00","0.00","50.00","0.69","2027.91","28.17","68.15","0.95","2498.60","34.70","808.30","11.23","0.00","0.00","216.85","3.01","0.00","0.00"
2022,2023,"SWKE0321","SWKB1632","358.10","11.94","0.00","0.00","1111.64","37.05","166.20","5.54","0.00","0.00","0.00","0.00","0.00","0.00","20.00","0.67","689.28","22.98","65.42","2.18","1185.52","39.52","251.44","8.38","111.50","3.72","0.00","0.00","0.00","0.00"
2022,2023,"SWKE0322","SWKB1633","190.67","4.24","0.00","0.00","942.33","20.94","65.33","1.45","0.00","0.00","0.00","0.00","0.00","0.00","10.00","0.22","344.64","7.66","32.70","0.73","395.17","8.78","83.81","1.86","37.17","0.83","5.59","0.12","0.00","0.00"
2022,2023,"SWKE0033","SWKB1634","478.16","4.27","0.00","0.00","144.40","1.29","575.78","5.14","0.00","0.00","0.00","0.00","0.00","0.00","40.00","0.36","1533.74","13.69","122.06","1.09","1450.60","12.95","8881.31","4.52","3400.90","1.73","2480.48","1.26","1457.53","0.74"
2022,2023,"SWKE0323","SWKB1635","0.00","0.00","0.00","0.00","0.00","0.00","0.00","0.00","0.00","0.00","0.00","0.00","0.00","0.00","20.00","1.43","0.00","0.00","0.00","0.00","0.00","0.00","0.00","0.00","449.17","0.83","23.33","0.04","22.26","0.04"
2022,2023,"SWKE0323","SWKB1636","38.00","0.95","0.00","0.00","33.32","0.83","0.00","0.00","0.00","0.00","0.00","0.00","0.00","0.00","30.00","0.75","344.64","8.62","0.00","0.00","0.00","0.00","0.00","0.00","449.17","0.83","23.33","0.04","22.26","0.04"
2022,2023,"SWKE0323","SWKB1639","0.00","0.00","0.00","0.00","0.00","0.00","0.00","0.00","0.00","0.00","0.00","0.00","0.00","0.00","20.00","0.48","0.00","0.00","0.00","0.00","0.00","0.00","0.00","0.00","449.17","0.83","23.33","0.04","22.26","0.04"
2022,2023,"SWKE0324","SWKB1640","0.00","0.00","0.00","0.00","0.00","0.00","0.00","0.00","0.00","0.00","0.00","0.00","0.00","0.00","20.00","0.71","0.00","0.00","0.00","0.00","0.00","0.00","107.58","0.07","13.33","0.01","16.92","0.01","26.16","0.02"
2022,2023,"SWKE0323","SWKB1641","0.00","0.00","0.00","0.00","0.00","0.00","0.00","0.00","0.00","0.00","0.00","0.00","0.00","0.00","20.00","0.71","0.00","0.00","0.00","0.00","0.00","0.00","0.00","0.00","449.17","0.83","23.33","0.04","22.26","0.04"
2022,2023,"SWKE0324","SWKB1642","0.00","0.00","0.00","0.00","0.00","0.00","0.00","0.00","0.00","0.00","0.00","0.00","0.00","0.00","10.00","0.36","0.00","0.00","0.00","0.00","0.00","0.00","107.58","0.07","13.33","0.01","16.92","0.01","26.16","0.02"
2022,2023,"SWKE0324","SWKB1643","0.00","0.00","0.00","0.00","0.00","0.00","0.00","0.00","0.00","0.00","0.00","0.00","0.00","0.00","10.00","0.71","0.00","0.00","0.00","0.00","0.00","0.00","107.58","0.07","13.33","0.01","16.92","0.01","26.16","0.02"
2022,2023,"SWKE0324","SWKB1644","0.00","0.00","0.00","0.00","0.00","0.00","0.00","0.00","0.00","0.00","0.00","0.00","0.00","0.00","10.00","0.63","0.00","0.00","0.00","0.00","0.00","0.00","107.58","0.07","13.33","0.01","16.92","0.01","26.16","0.02"
2022,2023,"SWKE0323","SWKB1645","0.00","0.00","0.00","0.00","0.00","0.00","0.00","0.00","0.00","0.00","0.00","0.00","0.00","0.00","10.00","0.31","0.00","0.00","0.00","0.00","0.00","0.00","0.00","0.00","449.17","0.83","23.33","0.04","22.26","0.04"
2022,2023,"SWKE0323","SWKB1646","83.38","3.47","0.00","0.00","0.00","0.00","109.90","4.58","0.00","0.00","0.00","0.00","0.00","0.00","10.00","0.42","422.23","17.59","0.00","0.00","242.49","10.10","0.00","0.00","449.17","0.83","23.33","0.04","22.26","0.04"
2022,2023,"SWKE0323","SWKB1647","371.65","7.74","0.00","0.00","0.00","0.00","636.25","13.26","0.00","0.00","0.00","0.00","0.00","0.00","50.00","1.04","2111.15","43.98","0.00","0.00","673.50","14.03","0.00","0.00","449.17","0.83","23.33","0.04","22.26","0.04"
2022,2023,"SWKE0323","SWKB1648","6.90","0.24","0.00","0.00","0.00","0.00","0.00","0.00","0.00","0.00","0.00","0.00","0.00","0.00","210.00","7.24","0.00","0.00","0.00","0.00","0.00","0.00","0.00","0.00","449.17","0.83","23.33","0.04","22.26","0.04"
2022,2023,"SWKE0092","SWKB1649","293.35","48.89","0.00","0.00","37.72","6.29","6.66","1.11","0.00","0.00","0.00","0.00","1974.30","329.05","10.00","1.67","338.99","56.50","0.00","0.00","157.39","26.23","25129.33","11.15","3853.35","1.71","3984.36","1.77","858.81","0.38"
2022,2023,"SWKE0092","SWKB1650","853.67","16.74","0.00","0.00","1398.10","27.41","120.94","2.37","0.00","0.00","0.00","0.00","4689.19","91.94","20.00","0.39","766.87","15.04","0.00","0.00","794.49","15.58","25129.33","11.15","3853.35","1.71","3984.36","1.77","858.81","0.38"
2022,2023,"SWKE0325","SWKB1651","493.40","10.28","0.00","0.00","2318.70","48.31","222.85","4.64","0.00","0.00","0.00","0.00","0.00","0.00","50.00","1.04","2111.15","43.98","61.30","1.28","0.00","0.00","0.00","0.00","0.00","0.00","219.75","4.58","0.00","0.00"
2022,2023,"SWKE0326","SWKB1652","305.70","4.70","0.00","0.00","565.68","8.70","220.58","3.39","0.00","0.00","0.00","0.00","0.00","0.00","20.00","0.31","677.98","10.43","0.00","0.00","587.92","9.04","823.63","3.28","3740.16","14.90","822.12","3.28","1145.24","4.56"
2022,2023,"SWKE0326","SWKB1653","1049.92","9.72","0.00","0.00","3862.60","35.76","495.18","4.59","0.00","0.00","0.00","0.00","0.00","0.00","50.00","0.46","1960.93","18.16","0.00","0.00","1417.17","13.12","823.63","3.28","3740.16","14.90","822.12","3.28","1145.24","4.56"
2022,2023,"SWKE0326","SWKB1654","794.64","10.19","0.00","0.00","1382.90","17.73","444.79","5.70","0.00","0.00","0.00","0.00","0.00","0.00","50.00","0.64","1875.51","24.05","0.00","0.00","1480.00","18.97","823.63","3.28","3740.16","14.90","822.12","3.28","1145.24","4.56"
2022,2023,"SWKE0198","SWKB1655","984.16","5.13","0.00","0.00","1413.40","7.36","460.80","2.40","0.00","0.00","0.00","0.00","0.00","0.00","90.00","0.47","3805.49","19.82","219.16","1.14","2374.81","12.37","10806.74","4.00","4473.97","1.65","1968.42","0.73","1238.25","0.46"
2022,2023,"SWKE0109","SWKB1656","486.69","7.05","0.00","0.00","442.42","6.41","732.98","10.62","0.00","0.00","636.45","9.22","0.00","0.00","30.00","0.43","1189.10","17.23","96.68","1.40","1067.68","15.47","28993.09","7.77","13027.12","3.49","5731.74","1.54","8768.26","2.35"
2022,2023,"SWKE0109","SWKB1657","1081.64","20.80","0.00","0.00","1132.06","21.77","1484.88","28.56","0.00","0.00","0.00","0.00","0.00","0.00","80.00","1.54","3151.69","60.61","260.40","5.01","2888.91","55.56","28993.09","7.77","13027.12","3.49","5731.74","1.54","8768.26","2.35"
2022,2023,"SWKE0109","SWKB1658","1230.08","14.30","0.00","0.00","1121.75","13.04","2535.80","29.49","0.00","0.00","2702.63","31.43","0.00","0.00","50.00","0.58","2138.59","24.87","159.74","1.86","2198.05","25.56","28993.09","7.77","13027.12","3.49","5731.74","1.54","8768.26","2.35"
2022,2023,"SWKE0109","SWKB1659","348.20","5.53","0.00","0.00","625.39","9.93","429.55","6.82","0.00","0.00","376.35","5.97","0.00","0.00","210.00","3.33","766.87","12.17","68.53","1.09","761.26","12.08","28993.09","7.77","13027.12","3.49","5731.74","1.54","8768.26","2.35"
2022,2023,"SWKE0109","SWKB1660","822.55","9.56","0.00","0.00","1371.13","15.94","834.28","9.70","0.00","0.00","1069.82","12.44","0.00","0.00","40.00","0.47","1727.88","20.09","141.48","1.65","1801.60","20.95","28993.09","7.77","13027.12","3.49","5731.74","1.54","8768.26","2.35"
2022,2023,"SWKE0109","SWKB1661","1059.49","15.35","0.00","0.00","1887.74","27.36","1099.73","15.94","0.00","0.00","1473.04","21.35","0.00","0.00","60.00","0.87","2450.97","35.52","145.06","2.10","2135.37","30.95","28993.09","7.77","13027.12","3.49","5731.74","1.54","8768.26","2.35"
2022,2023,"SWKE0109","SWKB1662","564.60","10.86","0.00","0.00","787.27","15.14","607.71","11.69","0.00","0.00","0.00","0.00","0.00","0.00","40.00","0.77","1617.35","31.10","135.87","2.61","1507.26","28.99","28993.09","7.77","13027.12","3.49","5731.74","1.54","8768.26","2.35"
2022,2023,"SWKE0329","SWKB1663","1333.91","12.70","0.00","0.00","5352.68","50.98","744.64","7.09","0.00","0.00","0.00","0.00","0.00","0.00","280.00","2.67","3190.97","30.39","0.00","0.00","1856.40","17.68","67056.41","7.86","57695.83","6.77","7120.45","0.84","2827.45","0.33"
2022,2023,"SWKE0329","SWKB1664","648.37","6.17","0.00","0.00","1828.91","17.42","362.04","3.45","0.00","0.00","0.00","0.00","0.00","0.00","50.00","0.48","1955.74","18.63","0.00","0.00","1071.00","10.20","67056.41","7.86","57695.83","6.77","7120.45","0.84","2827.45","0.33"
2022,2023,"SWKE0167","SWKB1665","0.00","0.00","0.00","0.00","0.00","0.00","0.00","0.00","0.00","0.00","0.00","0.00","1552.94","51.76","10.00","0.33","344.64","11.49","0.00","0.00","0.00","0.00","0.00","0.00","8844.81","8.64","560.26","0.55","5127.13","5.01"
2022,2023,"SWKE0330","SWKB1666","1978.96","12.37","0.00","0.00","3295.38","20.60","1541.28","9.63","0.00","0.00","2810.50","17.57","0.00","0.00","120.00","0.75","4911.58","30.70","396.28","2.48","5790.28","36.19","873.94","5.33","0.00","0.00","170.10","1.04","0.00","0.00"
2022,2023,"SWKE0112","SWKB1667","1802.63","19.38","0.00","0.00","8187.28","88.04","232.44","2.50","0.00","0.00","0.00","0.00","0.00","0.00","70.00","0.75","3412.12","36.69","0.00","0.00","3956.75","42.55","37372.02","7.97","29578.18","6.31","5048.69","1.08","2283.47","0.49"
2022,2023,"SWKE0331","SWKB1668","613.00","8.51","0.00","0.00","467.60","6.49","773.52","10.74","0.00","0.00","0.00","0.00","0.00","0.00","40.00","0.56","1355.96","18.83","0.00","0.00","1504.80","20.90","8422.69","14.62","4764.21","8.27","1523.48","2.64","1088.32","1.89"
2022,2023,"SWKE0331","SWKB1669","135.37","3.76","0.00","0.00","47.96","1.33","73.83","2.05","0.00","0.00","0.00","0.00","0.00","0.00","10.00","0.28","344.64","9.57","63.59","1.77","401.14","11.14","8422.69","14.62","4764.21","8.27","1523.48","2.64","1088.32","1.89"
2022,2023,"SWKE0331","SWKB1670","631.68","8.77","0.00","0.00","745.44","10.35","739.84","10.28","0.00","0.00","0.00","0.00","0.00","0.00","40.00","0.56","1355.96","18.83","0.00","0.00","1447.36","20.10","8422.69","14.62","4764.21","8.27","1523.48","2.64","1088.32","1.89"
2022,2023,"SWKE0331","SWKB1671","745.45","10.35","0.00","0.00","419.90","5.83","923.10","12.82","0.00","0.00","0.00","0.00","0.00","0.00","50.00","0.69","1694.95","23.54","0.00","0.00","1881.00","26.13","8422.69","14.62","4764.21","8.27","1523.48","2.64","1088.32","1.89"
2022,2023,"SWKE0329","SWKB1672","214.31","4.29","0.00","0.00","141.74","2.83","15.72","0.31","0.00","0.00","0.00","0.00","1186.99","23.74","10.00","0.20","339.82","6.80","0.00","0.00","290.06","5.80","67056.41","7.86","57695.83","6.77","7120.45","0.84","2827.45","0.33"
2022,2023,"SWKE0109","SWKB1673","773.57","11.21","0.00","0.00","3483.61","50.49","873.88","12.66","0.00","0.00","590.06","8.55","0.00","0.00","20.00","0.29","1189.10","17.23","96.68","1.40","800.81","11.61","28993.09","7.77","13027.12","3.49","5731.74","1.54","8768.26","2.35"
2022,2023,"SWKE0109","SWKB1674","572.84","11.46","0.00","0.00","214.28","4.29","1531.44","30.63","0.00","0.00","0.00","0.00","0.00","0.00","40.00","0.80","1688.92","33.78","172.68","3.45","1130.64","22.61","28993.09","7.77","13027.12","3.49","5731.74","1.54","8768.26","2.35"
2022,2023,"SWKE0109","SWKB1675","826.59","9.61","0.00","0.00","1778.94","20.69","1110.15","12.91","0.00","0.00","1162.08","13.51","0.00","0.00","40.00","0.47","1705.52","19.83","123.22","1.43","1271.80","14.79","28993.09","7.77","13027.12","3.49","5731.74","1.54","8768.26","2.35"
2022,2023,"SWKE0109","SWKB1676","245.52","3.96","0.00","0.00","495.83","8.00","350.57","5.65","0.00","0.00","618.34","9.97","0.00","0.00","200.00","3.23","422.23","6.81","37.98","0.61","282.64","4.56","28993.09","7.77","13027.12","3.49","5731.74","1.54","8768.26","2.35"
2022,2023,"SWKE0109","SWKB1677","450.35","5.24","0.00","0.00","989.31","11.50","798.14","9.28","0.00","0.00","658.03","7.65","0.00","0.00","20.00","0.23","849.88","9.88","59.33","0.69","612.35","7.12","28993.09","7.77","13027.12","3.49","5731.74","1.54","8768.26","2.35"
2022,2023,"SWKE0109","SWKB1678","1086.50","15.52","0.00","0.00","2698.15","38.55","1661.95","23.74","0.00","0.00","1574.40","22.49","0.00","0.00","50.00","0.71","2111.15","30.16","168.20","2.40","1413.05","20.19","28993.09","7.77","13027.12","3.49","5731.74","1.54","8768.26","2.35"
2022,2023,"SWKE0109","SWKB1679","705.21","13.56","0.00","0.00","735.36","14.14","1534.63","29.51","0.00","0.00","0.00","0.00","0.00","0.00","50.00","0.96","1879.58","36.15","516.29","9.93","1271.85","24.46","28993.09","7.77","13027.12","3.49","5731.74","1.54","8768.26","2.35"
2022,2023,"SWKE0116","SWKB1680","749.85","15.00","0.00","0.00","1025.22","20.50","79.53","1.59","0.00","0.00","0.00","0.00","4799.97","96.00","30.00","0.60","1033.92","20.68","0.00","0.00","0.00","0.00","659.70","0.61","705.33","0.65","268.74","0.25","45.54","0.04"
2022,2023,"SWKE0201","SWKB1681","1014.07","5.28","0.00","0.00","1106.98","5.77","1057.11","5.51","0.00","0.00","1812.56","9.44","0.00","0.00","50.00","0.26","1978.33","10.30","311.88","1.62","2363.20","12.31","36636.71","8.79","15477.74","3.71","7328.70","1.76","4457.84","1.07"
2022,2023,"SWKE0288","SWKB1682","2857.86","10.47","0.00","0.00","6397.02","23.43","2538.20","9.30","0.00","0.00","0.00","0.00","0.00","0.00","240.00","0.88","10010.86","36.67","0.00","0.00","5599.86","20.51","36388.87","5.99","15134.54","2.49","3958.58","0.65","5509.76","0.91"
2022,2023,"SWKE0048","SWKB1683","0.00","0.00","0.00","0.00","376.80","1.99","1266.42","6.70","0.00","0.00","2325.90","12.31","0.00","0.00","130.00","0.69","5027.45","26.60","169.81","0.90","5823.47","30.81","0.00","0.00","3803.49","1.48","4526.42","1.76","13547.48","5.26"
2022,2023,"SWKE0048","SWKB1684","0.00","0.00","0.00","0.00","422.24","3.30","890.51","6.96","0.00","0.00","1467.85","11.47","0.00","0.00","60.00","0.47","2472.05","19.31","157.26","1.23","2627.32","20.53","0.00","0.00","3803.49","1.48","4526.42","1.76","13547.48","5.26"
2022,2023,"SWKE0198","SWKB1685","987.10","8.03","0.00","0.00","5555.35","45.17","510.19","4.15","0.00","0.00","0.00","0.00","0.00","0.00","50.00","0.41","1881.69","15.30","159.55","1.30","906.38","7.37","10806.74","4.00","4473.97","1.65","1968.42","0.73","1238.25","0.46"
2022,2023,"SWKE0122","SWKB1686","170.40","9.47","0.00","0.00","0.00","0.00","0.00","0.00","0.00","0.00","0.00","0.00","0.00","0.00","30.00","1.67","0.00","0.00","0.00","0.00","0.00","0.00","20294.21","25.02","4938.76","6.09","614.23","0.76","5108.91","6.30"
2022,2023,"SWKE0268","SWKB1687","1502.34","15.65","0.00","0.00","2805.74","29.23","1949.78","20.31","0.00","0.00","0.00","0.00","0.00","0.00","70.00","0.73","2955.61","30.79","228.90","2.38","2102.66","21.90","8828.25","5.68","3319.91","2.14","1881.60","1.21","21548.45","13.88"
2022,2023,"SWKE0254","SWKB1688","3263.43","30.22","0.00","0.00","1568.91","14.53","1136.17","10.52","0.00","0.00","0.00","0.00","22451.10","207.88","110.00","1.02","2487.57","23.03","228.90","2.12","2920.61","27.04","28014.15","5.93","12841.99","2.72","3467.67","0.73","2878.73","0.61"
2022,2023,"SWKE0254","SWKB1689","1235.88","13.73","0.00","0.00","2379.93","26.44","650.22","7.22","0.00","0.00","0.00","0.00","6569.37","72.99","30.00","0.33","1033.92","11.49","109.02","1.21","1052.73","11.70","28014.15","5.93","12841.99","2.72","3467.67","0.73","2878.73","0.61"
2022,2023,"SWKE0254","SWKB1690","1669.69","14.15","0.00","0.00","852.11","7.22","270.20","2.29","0.00","0.00","0.00","0.00","9989.35","84.66","40.00","0.34","1454.83","12.33","1998.53","16.94","1267.80","10.74","28014.15","5.93","12841.99","2.72","3467.67","0.73","2878.73","0.61"
2022,2023,"SWKE0001","SWKB1691","2078.75","14.05","0.00","0.00","3496.20","23.62","1166.79","7.88","0.00","0.00","0.00","0.00","5878.47","39.72","90.00","0.61","3093.84","20.90","996.40","6.73","3579.78","24.19","4216.67","3.51","1084.33","0.90","457.19","0.38","162.57","0.14"
2022,2023,"SWKE0332","SWKB1692","369.90","9.25","0.00","0.00","286.38","7.16","328.35","8.21","0.00","0.00","0.00","0.00","0.00","0.00","220.00","5.50","1033.92","25.85","0.00","0.00","227.91","5.70","123.25","1.76","1513.16","21.62","298.56","4.27","494.88","7.07"
2022,2023,"SWKE0332","SWKB1693","178.72","5.96","0.00","0.00","515.70","17.19","182.15","6.07","0.00","0.00","0.00","0.00","0.00","0.00","10.00","0.33","344.64","11.49","0.00","0.00","137.24","4.57","123.25","1.76","1513.16","21.62","298.56","4.27","494.88","7.07"
2022,2023,"SWKE0333","SWKB1694","825.92","15.88","0.00","0.00","2145.45","41.26","463.14","8.91","0.00","0.00","0.00","0.00","0.00","0.00","50.00","0.96","2296.65","44.17","0.00","0.00","410.37","7.89","410.37","7.89","2153.25","41.41","128.82","2.48","250.98","4.83"
2022,2023,"SWKE0328","SWKB1695","1473.65","26.79","0.00","0.00","1423.85","25.89","1221.30","22.21","0.00","0.00","0.00","0.00","6750.50","122.74","50.00","0.91","1723.20","31.33","163.50","2.97","1256.10","22.84","16278.41","11.42","33261.27","23.34","7166.77","5.03","1330.05","0.93"
2022,2023,"SWKE0316","SWKB1696","925.80","11.02","0.00","0.00","1400.88","16.68","902.58","10.75","0.00","0.00","1347.06","16.04","0.00","0.00","60.00","0.71","2533.38","30.16","0.00","0.00","1766.28","21.03","29606.81","9.09","8008.07","2.46","3575.40","1.10","1671.91","0.51"
2022,2023,"SWKE0316","SWKB1697","950.16","11.31","0.00","0.00","1505.28","17.92","1186.80","14.13","0.00","0.00","1202.40","14.31","0.00","0.00","60.00","0.71","2533.38","30.16","0.00","0.00","1766.28","21.03","29606.81","9.09","8008.07","2.46","3575.40","1.10","1671.91","0.51"
2022,2023,"SWKE0316","SWKB1698","813.65","9.69","0.00","0.00","1717.30","20.44","858.30","10.22","0.00","0.00","887.90","10.57","0.00","0.00","50.00","0.60","2111.15","25.13","0.00","0.00","1471.90","17.52","29606.81","9.09","8008.07","2.46","3575.40","1.10","1671.91","0.51"
2022,2023,"SWKE0011","SWKB1699","797.13","4.83","0.00","0.00","2157.20","13.07","223.09","1.35","0.00","0.00","1269.31","7.69","0.00","0.00","50.00","0.30","2132.83","12.93","0.00","0.00","1082.02","6.56","3952.45","3.45","5387.09","4.70","1141.47","1.00","489.61","0.43"
2022,2023,"SWKE0334","SWKB1700","196.43","9.82","0.00","0.00","114.14","5.71","768.50","38.43","0.00","0.00","0.00","0.00","0.00","0.00","10.00","0.50","339.82","16.99","50.27","2.51","251.04","12.55","14317.21","26.27","8641.78","15.86","3073.47","5.64","175.89","0.32"
2022,2023,"SWKE0334","SWKB1701","475.72","10.12","0.00","0.00","63.90","1.36","97.53","2.08","0.00","0.00","0.00","0.00","0.00","0.00","30.00","0.64","1194.52","25.42","289.44","6.16","1129.60","24.03","14317.21","26.27","8641.78","15.86","3073.47","5.64","175.89","0.32"
2022,2023,"SWKE0334","SWKB1702","1685.11","32.41","0.00","0.00","5815.73","111.84","602.55","11.59","0.00","0.00","0.00","0.00","0.00","0.00","70.00","1.35","2884.38","55.47","287.54","5.53","2635.86","50.69","14317.21","26.27","8641.78","15.86","3073.47","5.64","175.89","0.32"
2022,2023,"SWKE0334","SWKB1703","628.45","10.14","0.00","0.00","143.15","2.31","197.29","3.18","0.00","0.00","0.00","0.00","0.00","0.00","40.00","0.65","1622.17","26.16","0.00","0.00","1568.96","25.31","14317.21","26.27","8641.78","15.86","3073.47","5.64","175.89","0.32"
2022,2023,"SWKE0334","SWKB1704","454.37","7.33","0.00","0.00","401.41","6.47","170.34","2.75","0.00","0.00","0.00","0.00","0.00","0.00","30.00","0.48","1111.51","17.93","94.34","1.52","1004.13","16.20","14317.21","26.27","8641.78","15.86","3073.47","5.64","175.89","0.32"
2022,2023,"SWKE0334","SWKB1705","461.61","9.82","0.00","0.00","198.62","4.23","238.28","5.07","0.00","0.00","0.00","0.00","0.00","0.00","30.00","0.64","1189.10","25.30","73.90","1.57","1044.20","22.22","14317.21","26.27","8641.78","15.86","3073.47","5.64","175.89","0.32"
2022,2023,"SWKE0334","SWKB1706","474.15","13.17","0.00","0.00","28.53","0.79","189.81","5.27","0.00","0.00","0.00","0.00","0.00","0.00","30.00","0.83","1266.69","35.19","144.69","4.02","1129.65","31.38","14317.21","26.27","8641.78","15.86","3073.47","5.64","175.89","0.32"
2022,2023,"SWKE0334","SWKB1707","272.94","5.35","0.00","0.00","132.08","2.59","179.12","3.51","0.00","0.00","0.00","0.00","0.00","0.00","10.00","0.20","689.28","13.52","0.00","0.00","627.62","12.31","14317.21","26.27","8641.78","15.86","3073.47","5.64","175.89","0.32"
2022,2023,"SWKE0334","SWKB1708","142.69","4.76","0.00","0.00","83.16","2.77","86.51","2.88","0.00","0.00","0.00","0.00","0.00","0.00","10.00","0.33","344.64","11.49","48.23","1.61","313.79","10.46","14317.21","26.27","8641.78","15.86","3073.47","5.64","175.89","0.32"
2022,2023,"SWKE0334","SWKB1709","571.54","11.21","0.00","0.00","85.14","1.67","293.14","5.75","0.00","0.00","0.00","0.00","0.00","0.00","40.00","0.78","1533.74","30.07","0.00","0.00","1380.78","27.07","14317.21","26.27","8641.78","15.86","3073.47","5.64","175.89","0.32"
2022,2023,"SWKE0334","SWKB1710","1782.49","21.48","0.00","0.00","404.20","4.87","2375.34","28.62","0.00","0.00","0.00","0.00","0.00","0.00","110.00","1.33","4112.58","49.55","386.99","4.66","3828.13","46.12","14317.21","26.27","8641.78","15.86","3073.47","5.64","175.89","0.32"
2022,2023,"SWKE0167","SWKB1711","0.00","0.00","0.00","0.00","113.30","2.91","500.12","12.82","0.00","0.00","0.00","0.00","0.00","0.00","20.00","0.51","677.98","17.38","0.00","0.00","407.08","10.44","0.00","0.00","8844.81","8.64","560.26","0.55","5127.13","5.01"
2022,2023,"SWKE0167","SWKB1712","0.00","0.00","0.00","0.00","138.79","3.47","247.22","6.18","0.00","0.00","0.00","0.00","0.00","0.00","10.00","0.25","347.95","8.70","0.00","0.00","271.39","6.78","0.00","0.00","8844.81","8.64","560.26","0.55","5127.13","5.01"
2022,2023,"SWKE0026","SWKB1713","930.36","5.17","0.00","0.00","638.69","3.55","712.88","3.96","0.00","0.00","935.86","5.20","0.00","0.00","70.00","0.39","2429.03","13.49","98.10","0.55","3010.50","16.73","6995.63","6.19","3868.29","3.42","1062.43","0.94","729.71","0.65"
2022,2023,"SWKE0227","SWKB1714","1760.55","8.98","0.00","0.00","1779.00","9.08","1022.25","5.22","0.00","0.00","0.00","0.00","0.00","0.00","140.00","0.71","5149.80","26.27","0.00","0.00","3970.05","20.26","20224.97","9.68","9128.09","4.37","4000.84","1.91","2920.21","1.40"
2022,2023,"SWKE0120","SWKB1715","788.47","6.68","0.00","0.00","1715.32","14.54","1239.20","10.50","0.00","0.00","0.00","0.00","0.00","0.00","450.00","3.81","2338.87","19.82","0.00","0.00","1765.07","14.96","14622.22","2.98","9062.23","1.85","5281.87","1.08","1329.84","0.27"
2022,2023,"SWKE0255","SWKB1716","1771.12","7.70","0.00","0.00","4360.52","18.96","791.26","3.44","0.00","0.00","0.00","0.00","0.00","0.00","110.00","0.48","4666.21","20.29","0.00","0.00","3954.52","17.19","8620.80","9.69","4451.99","5.00","542.09","0.61","887.86","1.00"
2022,2023,"SWKE0026","SWKB1717","1043.62","16.31","0.00","0.00","489.72","7.65","375.50","5.87","0.00","0.00","0.00","0.00","6178.37","96.54","40.00","0.63","1356.79","21.20","0.00","0.00","1379.70","21.56","6995.63","6.19","3868.29","3.42","1062.43","0.94","729.71","0.65"
2022,2023,"SWKE0335","SWKB1718","38.25","3.83","0.00","0.00","0.00","0.00","0.00","0.00","0.00","0.00","0.00","0.00","0.00","0.00","10.00","1.00","344.64","34.46","0.00","0.00","0.00","0.00","0.00","0.00","0.00","0.00","0.00","0.00","37.81","3.78"
2022,2023,"SWKE0336","SWKB1719","4802.53","12.22","0.00","0.00","3602.71","9.17","1361.88","3.47","0.00","0.00","4142.95","10.54","24010.70","61.10","170.00","0.43","5829.04","14.83","0.00","0.00","4128.57","10.51","6879.01","8.97","2230.54","2.91","652.45","0.85","95.29","0.12"
2022,2023,"SWKE0336","SWKB1720","5430.96","14.52","0.00","0.00","4141.60","11.07","5896.72","15.77","0.00","0.00","4566.34","12.21","23843.75","63.75","160.00","0.43","6697.39","17.91","557.28","1.49","3697.99","9.89","6879.01","8.97","2230.54","2.91","652.45","0.85","95.29","0.12"
2022,2023,"SWKE0316","SWKB1721","1216.44","9.65","0.00","0.00","1587.42","12.60","1372.41","10.89","0.00","0.00","1226.61","9.74","0.00","0.00","90.00","0.71","3089.88","24.52","0.00","0.00","2599.47","20.63","29606.81","9.09","8008.07","2.46","3575.40","1.10","1671.91","0.51"
2022,2023,"SWKE0109","SWKB1722","586.27","8.62","0.00","0.00","406.30","5.98","1021.02","15.02","0.00","0.00","935.55","13.76","0.00","0.00","80.00","1.18","1456.15","21.41","121.21","1.78","1055.92","15.53","28993.09","7.77","13027.12","3.49","5731.74","1.54","8768.26","2.35"
2022,2023,"SWKE0109","SWKB1723","1278.11","14.86","0.00","0.00","572.43","6.66","1982.43","23.05","0.00","0.00","2421.13","28.15","0.00","0.00","70.00","0.81","2999.31","34.88","228.21","2.65","2514.07","29.23","28993.09","7.77","13027.12","3.49","5731.74","1.54","8768.26","2.35"
2022,2023,"SWKE0109","SWKB1724","670.88","9.72","0.00","0.00","973.97","14.12","1129.15","16.36","0.00","0.00","757.88","10.98","0.00","0.00","40.00","0.58","1611.33","23.35","130.80","1.90","1156.59","16.76","28993.09","7.77","13027.12","3.49","5731.74","1.54","8768.26","2.35"
2022,2023,"SWKE0294","SWKB1725","74.57","1.55","0.00","0.00","11.01","0.23","59.63","1.24","0.00","0.00","0.00","0.00","0.00","0.00","10.00","0.21","339.82","7.08","0.00","0.00","158.42","3.30","12977.53","4.98","8001.88","3.07","1704.80","0.65","639.15","0.25"
2022,2023,"SWKE0145","SWKB1726","538.81","11.23","0.00","0.00","1529.67","31.87","294.94","6.14","0.00","0.00","0.00","0.00","0.00","0.00","30.00","0.63","1277.87","26.62","109.01","2.27","1547.54","32.24","28851.81","5.32","12285.67","2.26","6990.17","1.29","3304.06","0.61"
2022,2023,"SWKE0145","SWKB1727","133.41","2.78","0.00","0.00","115.75","2.41","110.49","2.30","0.00","0.00","0.00","0.00","0.00","0.00","10.00","0.21","422.23","8.80","32.70","0.68","464.26","9.67","28851.81","5.32","12285.67","2.26","6990.17","1.29","3304.06","0.61"
2022,2023,"SWKE0337","SWKB1728","1636.32","9.80","0.00","0.00","1225.12","7.34","1135.52","6.80","0.00","0.00","2891.52","17.31","0.00","0.00","160.00","0.96","6134.96","36.74","43.92","0.26","3189.44","19.10","817.84","4.90","925.36","5.54","0.00","0.00","0.00","0.00"
2022,2023,"SWKE0338","SWKB1729","198.97","5.53","0.00","0.00","339.50","9.43","289.91","8.05","0.00","0.00","0.00","0.00","0.00","0.00","10.00","0.28","422.23","11.73","32.71","0.91","395.15","10.98","510.15","14.17","0.00","0.00","0.00","0.00","0.00","0.00"
2022,2023,"SWKE0339","SWKB1730","1913.89","8.82","0.00","0.00","4579.83","21.11","947.10","4.36","0.00","0.00","1768.70","8.15","0.00","0.00","120.00","0.55","4645.02","21.41","0.00","0.00","2470.66","11.39","1864.01","8.59","2670.13","12.30","115.60","0.53","77.58","0.36"
2022,2023,"SWKE0248","SWKB1731","2897.51","7.75","0.00","0.00","6517.35","17.43","2522.52","6.74","0.00","0.00","2457.84","6.57","0.00","0.00","210.00","0.56","8866.83","23.71","249.16","0.67","4702.95","12.57","5528.05","3.65","4264.51","2.81","2492.04","1.64","260.49","0.17"
2022,2023,"SWKE0033","SWKB1732","273.54","4.88","0.00","0.00","224.70","4.01","170.78","3.05","0.00","0.00","0.00","0.00","0.00","0.00","20.00","0.36","855.30","15.27","65.40","1.17","811.58","14.49","8881.31","4.52","3400.90","1.73","2480.48","1.26","1457.53","0.74"
2022,2023,"SWKE0227","SWKB1733","1560.33","6.19","0.00","0.00","2923.60","11.60","1259.20","5.00","0.00","0.00","1189.70","4.72","0.00","0.00","100.00","0.40","3433.20","13.62","294.30","1.17","2713.60","10.77","20224.97","9.68","9128.09","4.37","4000.84","1.91","2920.21","1.40"
2022,2023,"SWKE0294","SWKB1734","320.17","1.96","0.00","0.00","373.93","2.29","178.69","1.10","0.00","0.00","0.00","0.00","0.00","0.00","30.00","0.18","1205.70","7.40","0.00","0.00","559.12","3.43","12977.53","4.98","8001.88","3.07","1704.80","0.65","639.15","0.25"
2022,2023,"SWKE0041","SWKB1735","4647.67","10.96","0.00","0.00","2860.76","6.75","5280.63","12.45","0.00","0.00","4038.82","9.53","21531.30","50.78","130.00","0.31","4459.66","10.52","393.54","0.93","4869.29","11.48","66294.63","5.02","43369.16","3.28","23493.13","1.78","6607.17","0.50"
2022,2023,"SWKE0286","SWKB1736","1096.03","3.67","0.00","0.00","1259.33","4.21","1044.21","3.49","0.00","0.00","1841.80","6.16","0.00","0.00","70.00","0.23","2722.84","9.11","229.97","0.77","2634.98","8.81","7392.35","4.18","3663.39","2.07","3063.13","1.73","598.47","0.34"
2022,2023,"SWKE0033","SWKB1737","549.53","4.26","0.00","0.00","428.28","3.32","279.02","2.16","0.00","0.00","0.00","0.00","0.00","0.00","40.00","0.31","1784.33","13.83","200.46","1.55","1576.08","12.22","8881.31","4.52","3400.90","1.73","2480.48","1.26","1457.53","0.74"
2022,2023,"SWKE0112","SWKB1738","684.78","6.17","0.00","0.00","544.50","4.91","413.70","3.73","0.00","0.00","0.00","0.00","0.00","0.00","60.00","0.54","2059.92","18.56","0.00","0.00","1911.72","17.22","37372.02","7.97","29578.18","6.31","5048.69","1.08","2283.47","0.49"
2022,2023,"SWKE0206","SWKB1739","594.96","10.82","0.00","0.00","726.03","13.20","672.91","12.23","0.00","0.00","0.00","0.00","0.00","0.00","40.00","0.73","1634.29","29.71","107.05","1.95","1726.86","31.40","3822.84","8.07","3331.97","7.03","89.34","0.19","177.68","0.37"
2022,2023,"SWKE0112","SWKB1740","3677.70","12.55","0.00","0.00","5554.95","18.96","4465.88","15.24","0.00","0.00","4832.43","16.49","0.00","0.00","220.00","0.75","7852.68","26.80","661.51","2.26","6833.02","23.32","37372.02","7.97","29578.18","6.31","5048.69","1.08","2283.47","0.49"
2022,2023,"SWKE0033","SWKB1741","439.39","4.27","0.00","0.00","985.57","9.57","114.77","1.11","0.00","0.00","0.00","0.00","0.00","0.00","70.00","0.68","1025.93","9.96","107.96","1.05","1291.63","12.54","8881.31","4.52","3400.90","1.73","2480.48","1.26","1457.53","0.74"
2022,2023,"SWKE0109","SWKB1742","483.53","9.67","0.00","0.00","420.25","8.41","471.31","9.43","0.00","0.00","0.00","0.00","0.00","0.00","30.00","0.60","1199.94","24.00","99.40","1.99","1860.40","37.21","28993.09","7.77","13027.12","3.49","5731.74","1.54","8768.26","2.35"
2022,2023,"SWKE0109","SWKB1743","582.86","11.43","0.00","0.00","1507.26","29.55","529.08","10.37","0.00","0.00","0.00","0.00","0.00","0.00","30.00","0.59","1194.52","23.42","92.36","1.81","1762.51","34.56","28993.09","7.77","13027.12","3.49","5731.74","1.54","8768.26","2.35"
2022,2023,"SWKE0091","SWKB1744","376.41","3.92","0.00","0.00","739.81","7.71","0.00","0.00","0.00","0.00","110.13","1.15","1468.51","15.30","10.00","0.10","614.26","6.40","15.37","0.16","293.98","3.06","225.64","0.86","560.08","2.15","0.00","0.00","35.40","0.14"
2022,2023,"SWKE0091","SWKB1745","196.24","2.36","0.00","0.00","294.61","3.55","0.00","0.00","0.00","0.00","63.09","0.76","776.60","9.36","10.00","0.12","344.64","4.15","0.00","0.00","184.39","2.22","225.64","0.86","560.08","2.15","0.00","0.00","35.40","0.14"
2022,2023,"SWKE0316","SWKB1746","2174.70","9.89","0.00","0.00","1954.20","8.88","2843.10","12.92","0.00","0.00","4756.35","21.62","0.00","0.00","150.00","0.68","5084.85","23.11","0.00","0.00","3839.25","17.45","29606.81","9.09","8008.07","2.46","3575.40","1.10","1671.91","0.51"
2022,2023,"SWKE0288","SWKB1747","871.48","18.16","0.00","0.00","528.24","11.01","6414.28","133.63","0.00","0.00","0.00","0.00","0.00","0.00","20.00","0.42","855.30","17.82","0.00","0.00","535.62","11.16","36388.87","5.99","15134.54","2.49","3958.58","0.65","5509.76","0.91"
2022,2023,"SWKE0344","SWKB1748","113.79","0.75","0.00","0.00","131.79","0.87","109.40","0.72","0.00","0.00","0.00","0.00","0.00","0.00","10.00","0.07","344.64","2.28","26.52","0.18","242.78","1.61","2079.84","3.28","3950.21","6.23","1665.21","2.63","1862.66","2.94"
2022,2023,"SWKE0344","SWKB1749","1533.14","9.07","0.00","0.00","2936.10","17.37","1549.82","9.17","0.00","0.00","0.00","0.00","0.00","0.00","110.00","0.65","3864.44","22.87","256.40","1.52","3104.75","18.37","2079.84","3.28","3950.21","6.23","1665.21","2.63","1862.66","2.94"
2022,2023,"SWKE0344","SWKB1750","1349.90","7.42","0.00","0.00","2376.16","13.06","1247.10","6.85","0.00","0.00","0.00","0.00","0.00","0.00","100.00","0.55","3593.06","19.74","183.10","1.01","2762.74","15.18","2079.84","3.28","3950.21","6.23","1665.21","2.63","1862.66","2.94"
2022,2023,"SWKE0344","SWKB1751","896.27","6.79","0.00","0.00","1260.57","9.55","876.06","6.64","0.00","0.00","0.00","0.00","0.00","0.00","60.00","0.45","2476.15","18.76","185.00","1.40","1846.05","13.99","2079.84","3.28","3950.21","6.23","1665.21","2.63","1862.66","2.94"
2022,2023,"SWKE0249","SWKB1752","3627.38","11.41","0.00","0.00","4661.27","14.66","2239.65","7.04","0.00","0.00","8425.46","26.50","0.00","0.00","410.00","1.29","9419.59","29.62","776.45","2.44","7687.26","24.17","4089.28","3.35","3723.43","3.05","831.76","0.68","55.99","0.05"
2022,2023,"SWKE0122","SWKB1753","293.47","9.47","0.00","0.00","0.00","0.00","0.00","0.00","0.00","0.00","0.00","0.00","0.00","0.00","50.00","1.61","0.00","0.00","0.00","0.00","0.00","0.00","20294.21","25.02","4938.76","6.09","614.23","0.76","5108.91","6.30"
2022,2023,"SWKE0210","SWKB1754","1707.60","28.46","0.00","0.00","4456.16","74.27","790.96","13.18","0.00","0.00","0.00","0.00","7665.28","127.75","40.00","0.67","1373.28","22.89","228.96","3.82","1459.28","24.32","18399.95","6.76","6510.11","2.39","3421.44","1.26","2839.76","1.04"
2022,2023,"SWKE0210","SWKB1755","1585.45","44.04","0.00","0.00","1472.10","40.89","428.45","11.90","0.00","0.00","0.00","0.00","8497.45","236.04","50.00","1.39","2111.15","58.64","299.80","8.33","1864.65","51.80","18399.95","6.76","6510.11","2.39","3421.44","1.26","2839.76","1.04"
2022,2023,"SWKE0210","SWKB1756","2421.04","22.42","0.00","0.00","1533.66","14.20","294.23","2.72","0.00","0.00","0.00","0.00","14381.71","133.16","80.00","0.74","2983.29","27.62","781.51","7.24","2150.29","19.91","18399.95","6.76","6510.11","2.39","3421.44","1.26","2839.76","1.04"
2022,2023,"SWKE0088","SWKB1757","307.72","5.13","0.00","0.00","237.14","3.95","155.75","2.60","0.00","0.00","0.00","0.00","1955.97","32.60","10.00","0.17","338.99","5.65","0.00","0.00","173.57","2.89","12142.16","4.46","2955.56","1.09","1191.99","0.44","892.70","0.33"
2022,2023,"SWKE0088","SWKB1758","1220.35","12.98","0.00","0.00","918.82","9.77","993.79","10.57","0.00","0.00","0.00","0.00","7099.10","75.52","40.00","0.43","1361.61","14.49","0.00","0.00","1002.99","10.67","12142.16","4.46","2955.56","1.09","1191.99","0.44","892.70","0.33"
2022,2023,"SWKE0297","SWKB1759","4837.12","23.03","0.00","0.00","1532.56","7.30","17694.88","84.26","0.00","0.00","978.00","4.66","20893.60","99.49","80.00","0.38","2746.56","13.08","0.00","0.00","2296.96","10.94","5805.44","2.23","4462.90","1.71","1573.29","0.60","537.57","0.21"
2022,2023,"SWKE0112","SWKB1760","2727.17","10.65","0.00","0.00","5094.36","19.90","1479.90","5.78","0.00","0.00","2749.28","10.74","0.00","0.00","180.00","0.70","7303.10","28.53","590.37","2.31","5214.14","20.37","37372.02","7.97","29578.18","6.31","5048.69","1.08","2283.47","0.49"
2022,2023,"SWKE0259","SWKB1761","6959.75","13.86","0.00","0.00","8697.40","17.33","1668.15","3.32","0.00","0.00","0.00","0.00","37912.32","75.52","290.00","0.58","10892.80","21.70","65.87","0.13","4944.79","9.85","7056.09","2.49","10017.05","3.54","3543.05","1.25","651.89","0.23"
2022,2023,"SWKE0120","SWKB1762","1200.94","5.36","0.00","0.00","1666.30","7.44","2066.57","9.23","0.00","0.00","0.00","0.00","0.00","0.00","1050.00","4.69","3837.55","17.13","0.00","0.00","3039.43","13.57","14622.22","2.98","9062.23","1.85","5281.87","1.08","1329.84","0.27"
2022,2023,"SWKE0042","SWKB1763","969.42","6.21","0.00","0.00","1805.94","11.58","212.58","1.36","0.00","0.00","656.94","4.21","0.00","0.00","60.00","0.38","2533.38","16.24","213.18","1.37","1715.16","10.99","2161.60","4.38","1837.20","3.73","146.50","0.30","115.90","0.24"
2022,2023,"SWKE0248","SWKB1764","774.65","5.42","0.00","0.00","1212.92","8.48","772.62","5.40","0.00","0.00","796.08","5.57","0.00","0.00","60.00","0.42","2455.79","17.17","234.96","1.64","1257.73","8.80","5528.05","3.65","4264.51","2.81","2492.04","1.64","260.49","0.17"
2022,2023,"SWKE0210","SWKB1765","523.32","13.08","0.00","0.00","711.74","17.79","152.20","3.81","0.00","0.00","0.00","0.00","2740.34","68.51","20.00","0.50","689.28","17.23","43.61","1.09","502.40","12.56","18399.95","6.76","6510.11","2.39","3421.44","1.26","2839.76","1.04"
2022,2023,"SWKE0210","SWKB1766","751.52","22.10","0.00","0.00","169.76","4.99","274.50","8.07","0.00","0.00","0.00","0.00","4312.54","126.84","30.00","0.88","1111.51","32.69","92.35","2.72","924.83","27.20","18399.95","6.76","6510.11","2.39","3421.44","1.26","2839.76","1.04"
2022,2023,"SWKE0041","SWKB1767","5327.04","13.32","0.00","0.00","9329.71","23.32","1694.48","4.24","0.00","0.00","2609.95","6.52","26668.45","66.67","340.00","0.85","6168.63","15.42","79.83","0.20","3745.17","9.36","66294.63","5.02","43369.16","3.28","23493.13","1.78","6607.17","0.50"
2022,2023,"SWKE0079","SWKB1768","835.62","11.61","0.00","0.00","330.90","4.60","1103.04","15.32","0.00","0.00","0.00","0.00","0.00","0.00","60.00","0.83","2533.38","35.19","0.00","0.00","2543.40","35.33","17553.15","17.82","7775.92","7.89","656.97","0.67","120.30","0.12"
2022,2023,"SWKE0079","SWKB1769","837.30","14.95","0.00","0.00","35.76","0.64","593.34","10.60","0.00","0.00","0.00","0.00","0.00","0.00","60.00","1.07","2059.92","36.78","0.00","0.00","3530.88","63.05","17553.15","17.82","7775.92","7.89","656.97","0.67","120.30","0.12"
2022,2023,"SWKE0079","SWKB1770","68.18","3.79","0.00","0.00","80.86","4.49","0.00","0.00","0.00","0.00","0.00","0.00","0.00","0.00","10.00","0.56","344.64","19.15","0.00","0.00","0.00","0.00","17553.15","17.82","7775.92","7.89","656.97","0.67","120.30","0.12"
2022,2023,"SWKE0123","SWKB1771","1166.34","16.20","0.00","0.00","1909.74","26.52","690.55","9.59","0.00","0.00","0.00","0.00","0.00","0.00","70.00","0.97","2955.61","41.05","236.39","3.28","2104.97","29.24","5826.56","15.50","3704.64","9.85","1066.01","2.84","253.53","0.67"
2022,2023,"SWKE0294","SWKB1772","856.80","4.63","0.00","0.00","666.18","3.60","364.86","1.97","0.00","0.00","0.00","0.00","0.00","0.00","90.00","0.49","3800.07","20.54","0.00","0.00","1349.01","7.29","12977.53","4.98","8001.88","3.07","1704.80","0.65","639.15","0.25"
2022,2023,"SWKE0294","SWKB1773","800.93","4.22","0.00","0.00","763.31","4.02","437.26","2.30","0.00","0.00","0.00","0.00","0.00","0.00","80.00","0.42","3394.10","17.86","0.00","0.00","1159.55","6.10","12977.53","4.98","8001.88","3.07","1704.80","0.65","639.15","0.25"
2022,2023,"SWKE0105","SWKB1774","783.35","16.32","0.00","0.00","919.88","19.16","213.73","4.45","0.00","0.00","0.00","0.00","0.00","0.00","50.00","1.04","1652.60","34.43","129.12","2.69","1953.39","40.70","33935.52","29.74","17358.14","15.21","7283.26","6.38","5522.11","4.84"
2022,2023,"SWKE0112","SWKB1775","1066.79","5.96","0.00","0.00","1277.40","7.14","463.12","2.59","0.00","0.00","0.00","0.00","0.00","0.00","100.00","0.56","3376.77","18.86","0.00","0.00","3129.85","17.49","37372.02","7.97","29578.18","6.31","5048.69","1.08","2283.47","0.49"
2022,2023,"SWKE0188","SWKB1776","1384.87","12.15","0.00","0.00","1103.09","9.68","999.23","8.77","0.00","0.00","0.00","0.00","0.00","0.00","110.00","0.96","4666.21","40.93","361.42","3.17","2813.89","24.68","3786.26","11.76","3018.20","9.37","1489.46","4.63","34.97","0.11"
2022,2023,"SWKE0021","SWKB1777","3849.37","2.60","0.00","0.00","9283.18","6.26","2020.59","1.36","0.00","0.00","1475.37","1.00","14526.38","9.80","120.00","0.08","3703.32","2.50","0.00","0.00","5468.16","3.69","11477.97","0.96","6872.37","0.57","2775.59","0.23","5106.47","0.43"
2022,2023,"SWKE0021","SWKB1778","844.33","0.66","0.00","0.00","544.06","0.42","362.62","0.28","0.00","0.00","305.45","0.24","3855.23","3.01","40.00","0.03","1263.53","0.99","0.00","0.00","1574.56","1.23","11477.97","0.96","6872.37","0.57","2775.59","0.23","5106.47","0.43"
2022,2023,"SWKE0030","SWKB1779","1338.54","13.12","0.00","0.00","536.08","5.26","1250.37","12.26","0.00","0.00","0.00","0.00","7500.18","73.53","40.00","0.39","1374.60","13.48","133.42","1.31","972.92","9.54","13046.37","5.16","12907.80","5.10","2492.06","0.99","3207.96","1.27"
2022,2023,"SWKE0030","SWKB1780","1405.66","11.34","0.00","0.00","1185.79","9.56","1217.13","9.82","0.00","0.00","0.00","0.00","7425.30","59.88","40.00","0.32","1374.60","11.09","137.14","1.11","1099.06","8.86","13046.37","5.16","12907.80","5.10","2492.06","0.99","3207.96","1.27"
2022,2023,"SWKE0030","SWKB1781","1988.28","12.12","0.00","0.00","1953.58","11.91","881.10","5.37","0.00","0.00","0.00","0.00","10870.50","66.28","60.00","0.37","2062.56","12.58","197.04","1.20","1553.50","9.47","13046.37","5.16","12907.80","5.10","2492.06","0.99","3207.96","1.27"
2022,2023,"SWKE0253","SWKB1782","3046.29","14.44","0.00","0.00","1791.24","8.49","1383.80","6.56","0.00","0.00","0.00","0.00","16021.39","75.93","110.00","0.52","3791.04","17.97","395.50","1.87","3150.84","14.93","22883.13","8.88","4446.78","1.72","1017.29","0.39","7492.98","2.91"
2022,2023,"SWKE0017","SWKB1783","1619.55","4.45","0.00","0.00","1442.90","3.96","1321.55","3.63","0.00","0.00","0.00","0.00","0.00","0.00","150.00","0.41","5557.55","15.27","0.00","0.00","3661.60","10.06","11038.97","5.77","3490.54","1.83","1723.70","0.90","13544.02","7.08"
2022,2023,"SWKE0060","SWKB1784","721.24","28.85","0.00","0.00","1645.08","65.80","1230.80","49.23","0.00","0.00","0.00","0.00","2721.12","108.84","20.00","0.80","689.28","27.57","65.40","2.62","493.10","19.72","2682.32","2.41","3077.49","2.77","1533.87","1.38","459.83","0.41"
2022,2023,"SWKE0078","SWKB1785","1601.99","12.92","0.00","0.00","717.08","5.78","444.23","3.58","0.00","0.00","0.00","0.00","0.00","0.00","150.00","1.21","5390.98","43.48","0.00","0.00","4945.24","39.88","5892.83","17.54","2540.09","7.56","718.13","2.14","241.42","0.72"
2022,2023,"SWKE0077","SWKB1786","552.57","6.91","0.00","0.00","170.30","2.13","354.90","4.44","0.00","0.00","0.00","0.00","0.00","0.00","40.00","0.50","1458.93","18.24","0.00","0.00","1679.94","21.00","2449.15","14.32","1531.60","8.96","172.26","1.01","0.00","0.00"
2022,2023,"SWKE0329","SWKB1787","1033.32","6.46","0.00","0.00","2663.24","16.65","737.24","4.61","0.00","0.00","0.00","0.00","0.00","0.00","80.00","0.50","3067.48","19.17","281.08","1.76","1727.28","10.80","67056.41","7.86","57695.83","6.77","7120.45","0.84","2827.45","0.33"
2022,2023,"SWKE0346","SWKB1788","1206.07","9.89","0.00","0.00","6276.18","51.44","191.90","1.57","0.00","0.00","0.00","0.00","0.00","0.00","50.00","0.41","1961.39","16.08","140.88","1.15","1833.33","15.03","773.72","6.34","601.75","4.93","234.89","1.93","46.69","0.38"
2022,2023,"SWKE0301","SWKB1789","7921.42","11.86","0.00","0.00","6050.35","9.06","5680.71","8.50","0.00","0.00","2423.84","3.63","38767.28","58.03","320.00","0.48","11256.43","16.85","0.00","0.00","8022.24","12.01","12966.55","7.53","3369.10","1.96","918.19","0.53","635.55","0.37"
2022,2023,"SWKE0157","SWKB1790","0.00","0.00","0.00","0.00","2786.48","12.96","2671.24","12.42","0.00","0.00","942.96","4.39","16351.28","76.05","40.00","0.19","1373.28","6.39","132.92","0.62","2313.64","10.76","0.00","0.00","12815.76","5.85","10556.31","4.82","1043.51","0.48"
2022,2023,"SWKE0100","SWKB1791","2008.20","11.41","0.00","0.00","6871.74","39.04","1552.08","8.82","0.00","0.00","1379.40","7.84","0.00","0.00","310.00","1.76","4601.22","26.14","135.48","0.77","3433.74","19.51","3943.26","1.58","15133.29","6.06","3262.17","1.31","2132.32","0.85"
2022,2023,"SWKE0120","SWKB1792","822.96","4.60","0.00","0.00","1927.36","10.77","803.12","4.49","0.00","0.00","0.00","0.00","0.00","0.00","650.00","3.63","2757.12","15.40","0.00","0.00","1824.32","10.19","14622.22","2.98","9062.23","1.85","5281.87","1.08","1329.84","0.27"
2022,2023,"SWKE0316","SWKB1793","1328.12","6.92","0.00","0.00","2160.54","11.25","1800.90","9.38","0.00","0.00","1328.67","6.92","0.00","0.00","280.00","1.46","3134.15","16.32","76.24","0.40","2819.07","14.68","29606.81","9.09","8008.07","2.46","3575.40","1.10","1671.91","0.51"
2022,2023,"SWKE0120","SWKB1794","2580.44","7.31","0.00","0.00","4437.37","12.57","2571.50","7.28","0.00","0.00","0.00","0.00","0.00","0.00","1000.00","2.83","9674.60","27.41","0.00","0.00","5931.13","16.80","14622.22","2.98","9062.23","1.85","5281.87","1.08","1329.84","0.27"
2022,2023,"SWKE0288","SWKB1795","1434.74","29.89","0.00","0.00","901.22","18.78","10292.38","214.42","0.00","0.00","0.00","0.00","0.00","0.00","40.00","0.83","1534.94","31.98","0.00","0.00","1019.52","21.24","36388.87","5.99","15134.54","2.49","3958.58","0.65","5509.76","0.91"
2022,2023,"SWKE0120","SWKB1796","544.36","3.34","0.00","0.00","320.40","1.97","675.84","4.15","0.00","0.00","0.00","0.00","0.00","0.00","820.00","5.03","2213.38","13.58","0.00","0.00","1545.60","9.48","14622.22","2.98","9062.23","1.85","5281.87","1.08","1329.84","0.27"
2022,2023,"SWKE0288","SWKB1797","975.92","5.14","0.00","0.00","487.81","2.57","1021.14","5.37","0.00","0.00","0.00","0.00","0.00","0.00","100.00","0.53","4017.31","21.14","0.00","0.00","2543.57","13.39","36388.87","5.99","15134.54","2.49","3958.58","0.65","5509.76","0.91"
2022,2023,"SWKE0288","SWKB1798","928.40","5.63","0.00","0.00","2335.10","14.15","756.93","4.59","0.00","0.00","0.00","0.00","0.00","0.00","70.00","0.42","2983.39","18.08","0.00","0.00","1928.18","11.69","36388.87","5.99","15134.54","2.49","3958.58","0.65","5509.76","0.91"
2022,2023,"SWKE0288","SWKB1799","972.30","6.48","0.00","0.00","1190.25","7.94","1029.11","6.86","0.00","0.00","0.00","0.00","0.00","0.00","90.00","0.60","3572.42","23.82","0.00","0.00","2362.38","15.75","36388.87","5.99","15134.54","2.49","3958.58","0.65","5509.76","0.91"
2022,2023,"SWKE0288","SWKB1800","1446.83","10.05","0.00","0.00","8090.32","56.18","543.76","3.78","0.00","0.00","0.00","0.00","0.00","0.00","70.00","0.49","2955.61","20.53","0.00","0.00","1734.25","12.04","36388.87","5.99","15134.54","2.49","3958.58","0.65","5509.76","0.91"
2022,2023,"SWKE0348","SWKB1801","430.76","11.97","0.00","0.00","1746.76","48.52","130.28","3.62","0.00","0.00","0.00","0.00","0.00","0.00","20.00","0.56","844.46","23.46","228.50","6.35","367.92","10.22","86.22","2.40","724.72","20.13","178.78","4.97","0.00","0.00"
2022,2023,"SWKE0112","SWKB1802","1196.40","4.79","0.00","0.00","1429.53","5.72","749.70","3.00","0.00","0.00","1653.77","6.62","0.00","0.00","80.00","0.32","3061.14","12.24","151.66","0.61","2589.11","10.36","37372.02","7.97","29578.18","6.31","5048.69","1.08","2283.47","0.49"
2022,2023,"SWKE0288","SWKB1803","3024.51","17.09","0.00","0.00","868.32","4.91","21391.50","120.86","0.00","0.00","0.00","0.00","0.00","0.00","90.00","0.51","3833.61","21.66","0.00","0.00","2516.88","14.22","36388.87","5.99","15134.54","2.49","3958.58","0.65","5509.76","0.91"
2022,2023,"SWKE0288","SWKB1804","5111.25","24.93","0.00","0.00","905.76","4.42","39337.49","191.89","0.00","0.00","0.00","0.00","0.00","0.00","120.00","0.59","5126.38","25.01","0.00","0.00","3481.62","16.98","36388.87","5.99","15134.54","2.49","3958.58","0.65","5509.76","0.91"
2022,2023,"SWKE0288","SWKB1805","1344.65","7.27","0.00","0.00","491.25","2.66","9062.05","48.98","0.00","0.00","0.00","0.00","0.00","0.00","50.00","0.27","1955.97","10.57","0.00","0.00","1174.52","6.35","36388.87","5.99","15134.54","2.49","3958.58","0.65","5509.76","0.91"
2022,2023,"SWKE0157","SWKB1806","0.00","0.00","0.00","0.00","12413.94","23.12","2938.04","5.47","0.00","0.00","3597.48","6.70","48970.00","91.19","220.00","0.41","7572.44","14.10","827.24","1.54","8551.24","15.92","0.00","0.00","12815.76","5.85","10556.31","4.82","1043.51","0.48"
2022,2023,"SWKE0100","SWKB1807","1137.07","5.26","0.00","0.00","352.72","1.63","1037.44","4.80","0.00","0.00","2638.16","12.21","0.00","0.00","100.00","0.46","3903.50","18.07","59.24","0.27","1654.40","7.66","3943.26","1.58","15133.29","6.06","3262.17","1.31","2132.32","0.85"
2022,2023,"SWKE0166","SWKB1808","2076.47","9.94","0.00","0.00","3486.14","16.68","1022.65","4.89","0.00","0.00","1509.42","7.22","0.00","0.00","160.00","0.77","5494.41","26.29","0.00","0.00","4411.10","21.11","9495.18","14.86","2180.27","3.41","503.11","0.79","261.21","0.41"
2022,2023,"SWKE0136","SWKB1809","1629.60","9.05","0.00","0.00","177.39","0.99","2324.59","12.91","0.00","0.00","2155.39","11.97","0.00","0.00","110.00","0.61","4195.25","23.31","343.38","1.91","3859.74","21.44","7249.43","15.49","1747.99","3.74","325.43","0.70","90.01","0.19"
2022,2023,"SWKE0002","SWKB1810","274.78","1.46","0.00","0.00","290.79","1.55","3.13","0.02","0.00","0.00","0.00","0.00","1708.22","9.09","10.00","0.05","338.99","1.80","0.00","0.00","87.90","0.47","3727.56","2.35","1029.04","0.65","898.67","0.57","507.13","0.32"
2022,2023,"SWKE0157","SWKB1811","0.00","0.00","0.00","0.00","945.20","5.53","824.70","4.82","0.00","0.00","1036.25","6.06","0.00","0.00","50.00","0.29","1716.60","10.04","4111.95","24.05","2835.35","16.58","0.00","0.00","12815.76","5.85","10556.31","4.82","1043.51","0.48"
2022,2023,"SWKE0030","SWKB1812","3500.75","13.26","0.00","0.00","2886.62","10.93","1940.38","7.35","0.00","0.00","2113.10","8.00","16375.09","62.03","150.00","0.57","3843.76","14.56","174.71","0.66","3582.92","13.57","13046.37","5.16","12907.80","5.10","2492.06","0.99","3207.96","1.27"
2022,2023,"SWKE0030","SWKB1813","271.84","9.06","0.00","0.00","93.01","3.10","451.59","15.05","0.00","0.00","0.00","0.00","1190.55","39.69","10.00","0.33","344.64","11.49","0.00","0.00","327.54","10.92","13046.37","5.16","12907.80","5.10","2492.06","0.99","3207.96","1.27"
2022,2023,"SWKE0030","SWKB1814","567.95","18.93","0.00","0.00","86.52","2.88","296.40","9.88","0.00","0.00","0.00","0.00","2346.86","78.23","30.00","1.00","1033.92","34.46","0.00","0.00","982.62","32.75","13046.37","5.16","12907.80","5.10","2492.06","0.99","3207.96","1.27"
2022,2023,"SWKE0030","SWKB1815","232.91","7.76","0.00","0.00","94.18","3.14","126.10","4.20","0.00","0.00","0.00","0.00","1125.52","37.52","10.00","0.33","344.64","11.49","0.00","0.00","327.54","10.92","13046.37","5.16","12907.80","5.10","2492.06","0.99","3207.96","1.27"
2022,2023,"SWKE0030","SWKB1816","498.04","16.60","0.00","0.00","388.58","12.95","132.92","4.43","0.00","0.00","0.00","0.00","2492.40","83.08","20.00","0.67","689.28","22.98","0.00","0.00","655.08","21.84","13046.37","5.16","12907.80","5.10","2492.06","0.99","3207.96","1.27"
2022,2023,"SWKE0350","SWKB1817","374.10","10.69","0.00","0.00","283.55","8.10","21.77","0.62","0.00","0.00","0.00","0.00","0.00","0.00","10.00","0.29","343.32","9.81","2417.54","69.07","301.79","8.62","150.86","4.31","211.84","6.05","10.34","0.30","0.00","0.00"
2022,2023,"SWKE0120","SWKB1818","1551.13","6.36","0.00","0.00","1220.48","5.00","2077.63","8.51","0.00","0.00","0.00","0.00","0.00","0.00","1850.00","7.58","5849.89","23.97","0.00","0.00","4389.71","17.99","14622.22","2.98","9062.23","1.85","5281.87","1.08","1329.84","0.27"
2022,2023,"SWKE0327","SWKB1819","3753.40","17.46","0.00","0.00","11662.54","54.24","7479.50","34.79","0.00","0.00","0.00","0.00","0.00","0.00","210.00","0.98","8733.33","40.62","529.57","2.46","4797.04","22.31","10111.12","12.77","1951.30","2.46","676.95","0.85","290.04","0.37"
2022,2023,"SWKE0253","SWKB1820","237.69","7.67","0.00","0.00","72.94","2.35","51.94","1.68","0.00","0.00","0.00","0.00","1251.87","40.38","10.00","0.32","344.64","11.12","31.65","1.02","266.71","8.60","22883.13","8.88","4446.78","1.72","1017.29","0.39","7492.98","2.91"
2022,2023,"SWKE0253","SWKB1821","818.50","24.80","0.00","0.00","47.20","1.43","187.97","5.70","0.00","0.00","0.00","0.00","4760.57","144.26","30.00","0.91","1111.51","33.68","95.14","2.88","839.84","25.45","22883.13","8.88","4446.78","1.72","1017.29","0.39","7492.98","2.91"
2022,2023,"SWKE0253","SWKB1822","1228.90","39.64","0.00","0.00","2196.68","70.86","179.54","5.79","0.00","0.00","0.00","0.00","5703.38","183.98","40.00","1.29","1456.15","46.97","132.93","4.29","1120.19","36.14","22883.13","8.88","4446.78","1.72","1017.29","0.39","7492.98","2.91"
2022,2023,"SWKE0253","SWKB1823","843.33","28.11","0.00","0.00","287.37","9.58","128.25","4.28","0.00","0.00","0.00","0.00","5006.76","166.89","30.00","1.00","1033.92","34.46","98.13","3.27","807.27","26.91","22883.13","8.88","4446.78","1.72","1017.29","0.39","7492.98","2.91"
2022,2023,"SWKE0253","SWKB1824","474.82","15.83","0.00","0.00","56.30","1.88","85.50","2.85","0.00","0.00","0.00","0.00","2599.12","86.64","20.00","0.67","689.28","22.98","65.42","2.18","538.18","17.94","22883.13","8.88","4446.78","1.72","1017.29","0.39","7492.98","2.91"
2022,2023,"SWKE0253","SWKB1825","750.21","23.44","0.00","0.00","224.55","7.02","128.25","4.01","0.00","0.00","0.00","0.00","4250.34","132.82","30.00","0.94","1033.92","32.31","0.00","0.00","793.62","24.80","22883.13","8.88","4446.78","1.72","1017.29","0.39","7492.98","2.91"
2022,2023,"SWKE0253","SWKB1826","474.54","15.82","0.00","0.00","57.04","1.90","85.50","2.85","0.00","0.00","0.00","0.00","2595.66","86.52","20.00","0.67","689.28","22.98","65.42","2.18","538.18","17.94","22883.13","8.88","4446.78","1.72","1017.29","0.39","7492.98","2.91"
2022,2023,"SWKE0253","SWKB1827","297.85","9.03","0.00","0.00","122.49","3.71","51.29","1.55","0.00","0.00","0.00","0.00","1603.33","48.59","10.00","0.30","422.23","12.79","35.68","1.08","314.94","9.54","22883.13","8.88","4446.78","1.72","1017.29","0.39","7492.98","2.91"
2022,2023,"SWKE0253","SWKB1828","747.93","24.93","0.00","0.00","362.64","12.09","283.59","9.45","0.00","0.00","0.00","0.00","3822.24","127.41","30.00","1.00","1033.92","34.46","98.13","3.27","807.27","26.91","22883.13","8.88","4446.78","1.72","1017.29","0.39","7492.98","2.91"
2022,2023,"SWKE0253","SWKB1829","864.81","26.21","0.00","0.00","46.08","1.40","153.87","4.66","0.00","0.00","0.00","0.00","4843.89","146.78","30.00","0.91","1266.69","38.38","107.04","3.24","944.82","28.63","22883.13","8.88","4446.78","1.72","1017.29","0.39","7492.98","2.91"
2022,2023,"SWKE0253","SWKB1830","239.73","7.99","0.00","0.00","30.64","1.02","42.75","1.43","0.00","0.00","0.00","0.00","1320.35","44.01","10.00","0.33","344.64","11.49","32.71","1.09","269.09","8.97","22883.13","8.88","4446.78","1.72","1017.29","0.39","7492.98","2.91"
2022,2023,"SWKE0253","SWKB1831","799.76","24.24","0.00","0.00","66.92","2.03","145.33","4.40","0.00","0.00","0.00","0.00","4388.56","132.99","30.00","0.91","1189.10","36.03","101.09","3.06","892.33","27.04","22883.13","8.88","4446.78","1.72","1017.29","0.39","7492.98","2.91"
2022,2023,"SWKE0340","SWKB1832","1232.90","2.87","0.00","0.00","438.49","1.02","1110.55","2.58","2482.14","5.77","1476.27","3.43","0.00","0.00","70.00","0.16","2878.02","6.69","701.24","1.63","1584.65","3.69","10799.97","3.41","2194.90","0.69","856.94","0.27","928.95","0.29"
2022,2023,"SWKE0020","SWKB1833","363.51","5.51","0.00","0.00","1017.84","15.42","0.00","0.00","0.00","0.00","0.00","0.00","0.00","0.00","30.00","0.45","1029.96","15.61","0.00","0.00","217.50","3.30","800.52","4.63","530.10","3.06","167.88","0.97","1240.92","7.17"
2022,2023,"SWKE0208","SWKB1834","460.38","5.42","0.00","0.00","669.77","7.88","520.76","6.13","0.00","0.00","0.00","0.00","0.00","0.00","40.00","0.47","1377.91","16.21","0.00","0.00","1431.11","16.84","2403.71","0.97","5063.13","2.04","2800.57","1.13","1360.06","0.55"
2022,2023,"SWKE0208","SWKB1835","240.90","3.35","0.00","0.00","222.12","3.09","396.54","5.51","0.00","0.00","0.00","0.00","0.00","0.00","30.00","0.42","1019.46","14.16","0.00","0.00","520.92","7.24","2403.71","0.97","5063.13","2.04","2800.57","1.13","1360.06","0.55"
2022,2023,"SWKE0082","SWKB1836","824.80","7.78","0.00","0.00","2615.99","24.68","649.15","6.12","0.00","0.00","0.00","0.00","0.00","0.00","60.00","0.57","2060.22","19.44","0.00","0.00","1046.83","9.88","13658.39","7.08","5272.73","2.73","3668.66","1.90","2674.92","1.39"
2022,2023,"SWKE0082","SWKB1837","631.60","6.94","0.00","0.00","2796.48","30.73","345.62","3.80","0.00","0.00","0.00","0.00","0.00","0.00","40.00","0.44","1364.62","15.00","0.00","0.00","648.10","7.12","13658.39","7.08","5272.73","2.73","3668.66","1.90","2674.92","1.39"
2022,2023,"SWKE0352","SWKB1838","932.28","4.88","0.00","0.00","1473.77","7.72","756.73","3.96","0.00","0.00","0.00","0.00","0.00","0.00","70.00","0.37","2966.45","15.53","0.00","0.00","2501.68","13.10","7891.72","2.79","6970.78","2.46","3122.20","1.10","1356.29","0.48"
2022,2023,"SWKE0021","SWKB1839","629.30","3.00","0.00","0.00","884.46","4.21","352.10","1.68","0.00","0.00","0.00","0.00","3149.28","15.00","20.00","0.10","686.64","3.27","0.00","0.00","806.96","3.84","11477.97","0.96","6872.37","0.57","2775.59","0.23","5106.47","0.43"
2022,2023,"SWKE0082","SWKB1840","1080.48","2.47","0.00","0.00","2466.27","5.64","306.24","0.70","0.00","0.00","1459.00","3.34","0.00","0.00","70.00","0.16","3008.32","6.88","233.34","0.53","1415.74","3.24","13658.39","7.08","5272.73","2.73","3668.66","1.90","2674.92","1.39"
2022,2023,"SWKE0100","SWKB1841","1909.65","8.64","0.00","0.00","2150.41","9.73","793.52","3.59","0.00","0.00","2336.83","10.57","0.00","0.00","150.00","0.68","6827.16","30.89","0.00","0.00","3506.21","15.87","3943.26","1.58","15133.29","6.06","3262.17","1.31","2132.32","0.85"
2022,2023,"SWKE0088","SWKB1842","1553.54","18.06","0.00","0.00","273.81","3.18","773.87","9.00","0.00","0.00","0.00","0.00","10063.68","117.02","50.00","0.58","1703.91","19.81","0.00","0.00","1569.17","18.25","12142.16","4.46","2955.56","1.09","1191.99","0.44","892.70","0.33"
2022,2023,"SWKE0088","SWKB1843","1023.45","2.00","0.00","0.00","827.43","1.62","1828.20","3.57","0.00","0.00","0.00","0.00","5129.64","10.02","30.00","0.06","1033.92","2.02","0.00","0.00","875.82","1.71","12142.16","4.46","2955.56","1.09","1191.99","0.44","892.70","0.33"
2022,2023,"SWKE0088","SWKB1844","5191.71","17.25","0.00","0.00","1423.86","4.73","2787.81","9.26","0.00","0.00","0.00","0.00","35025.22","116.36","220.00","0.73","6214.77","20.65","0.00","0.00","2671.58","8.88","12142.16","4.46","2955.56","1.09","1191.99","0.44","892.70","0.33"
2022,2023,"SWKE0033","SWKB1845","120.63","2.15","0.00","0.00","6.89","0.12","128.45","2.29","0.00","0.00","0.00","0.00","0.00","0.00","10.00","0.18","427.65","7.64","0.00","0.00","339.49","6.06","8881.31","4.52","3400.90","1.73","2480.48","1.26","1457.53","0.74"
2022,2023,"SWKE0119","SWKB1846","1340.64","6.88","0.00","0.00","1588.44","8.15","1016.68","5.21","3892.91","19.96","713.58","3.66","0.00","0.00","70.00","0.36","2372.93","12.17","667.10","3.42","1840.30","9.44","7478.12","5.24","216.06","0.15","1046.96","0.73","743.96","0.52"
2022,2023,"SWKE0021","SWKB1847","313.12","2.10","0.00","0.00","365.78","2.45","64.70","0.43","0.00","0.00","0.00","0.00","1775.55","11.92","10.00","0.07","343.32","2.30","0.00","0.00","375.04","2.52","11477.97","0.96","6872.37","0.57","2775.59","0.23","5106.47","0.43"
2022,2023,"SWKE0021","SWKB1848","714.92","3.89","0.00","0.00","1440.71","7.83","177.60","0.97","0.00","0.00","0.00","0.00","3616.04","19.65","20.00","0.11","691.27","3.76","0.00","0.00","780.51","4.24","11477.97","0.96","6872.37","0.57","2775.59","0.23","5106.47","0.43"
2022,2023,"SWKE0021","SWKB1849","1345.64","8.63","0.00","0.00","3536.48","22.67","375.70","2.41","0.00","0.00","0.00","0.00","6083.14","38.99","40.00","0.26","1364.62","8.75","0.00","0.00","1328.34","8.52","11477.97","0.96","6872.37","0.57","2775.59","0.23","5106.47","0.43"
2022,2023,"SWKE0021","SWKB1850","629.94","3.99","0.00","0.00","503.56","3.19","113.70","0.72","0.00","0.00","0.00","0.00","3702.74","23.44","20.00","0.13","686.64","4.35","0.00","0.00","879.24","5.56","11477.97","0.96","6872.37","0.57","2775.59","0.23","5106.47","0.43"
2022,2023,"SWKE0092","SWKB1851","321.01","6.29","0.00","0.00","23.06","0.45","13.57","0.27","0.00","0.00","0.00","0.00","2042.79","40.05","10.00","0.20","422.23","8.28","0.00","0.00","290.05","5.69","25129.33","11.15","3853.35","1.71","3984.36","1.77","858.81","0.38"
2022,2023,"SWKE0109","SWKB1852","107.58","4.48","0.00","0.00","112.58","4.69","0.00","0.00","0.00","0.00","0.00","0.00","0.00","0.00","10.00","0.42","677.98","28.25","0.00","0.00","0.00","0.00","28993.09","7.77","13027.12","3.49","5731.74","1.54","8768.26","2.35"
2022,2023,"SWKE0109","SWKB1853","117.32","4.89","0.00","0.00","0.00","0.00","0.00","0.00","0.00","0.00","0.00","0.00","0.00","0.00","20.00","0.83","677.98","28.25","0.00","0.00","0.00","0.00","28993.09","7.77","13027.12","3.49","5731.74","1.54","8768.26","2.35"
2022,2023,"SWKE0109","SWKB1854","810.00","11.25","0.00","0.00","1347.05","18.71","908.70","12.62","0.00","0.00","0.00","0.00","0.00","0.00","50.00","0.69","2111.15","29.32","299.80","4.16","2195.05","30.49","28993.09","7.77","13027.12","3.49","5731.74","1.54","8768.26","2.35"
2022,2023,"SWKE0109","SWKB1855","175.98","7.33","0.00","0.00","0.00","0.00","0.00","0.00","0.00","0.00","0.00","0.00","0.00","0.00","20.00","0.83","1016.97","42.37","0.00","0.00","0.00","0.00","28993.09","7.77","13027.12","3.49","5731.74","1.54","8768.26","2.35"
2022,2023,"SWKE0092","SWKB1856","848.48","23.57","0.00","0.00","980.82","27.25","87.32","2.43","0.00","0.00","0.00","0.00","4523.64","125.66","20.00","0.56","844.46","23.46","386.08","10.72","825.82","22.94","25129.33","11.15","3853.35","1.71","3984.36","1.77","858.81","0.38"
2022,2023,"SWKE0092","SWKB1857","295.76","2.08","0.00","0.00","222.87","1.57","0.00","0.00","0.00","0.00","0.00","0.00","1925.35","13.56","10.00","0.07","338.99","2.39","0.00","0.00","51.97","0.37","25129.33","11.15","3853.35","1.71","3984.36","1.77","858.81","0.38"
2022,2023,"SWKE0275","SWKB1858","2295.19","7.70","0.00","0.00","1800.57","6.04","951.45","3.19","0.00","0.00","1716.12","5.76","12488.18","41.91","280.00","0.94","3412.12","11.45","33.25","0.11","1640.34","5.50","1037.38","0.86","1282.91","1.07","295.97","0.25","242.45","0.20"
2022,2023,"SWKE0316","SWKB1859","1417.59","8.10","0.00","0.00","3573.36","20.42","930.60","5.32","0.00","0.00","1084.05","6.19","0.00","0.00","90.00","0.51","3089.88","17.66","0.00","0.00","3209.40","18.34","29606.81","9.09","8008.07","2.46","3575.40","1.10","1671.91","0.51"
2022,2023,"SWKE0291","SWKB1860","1167.06","16.67","0.00","0.00","393.06","5.62","166.23","2.37","0.00","0.00","0.00","0.00","6017.70","85.97","60.00","0.86","2053.38","29.33","0.00","0.00","1536.51","21.95","58565.61","12.97","9635.91","2.13","7060.54","1.56","879.53","0.19"
2022,2023,"SWKE0291","SWKB1861","919.14","8.43","0.00","0.00","704.44","6.46","168.53","1.55","0.00","0.00","0.00","0.00","5007.09","45.94","50.00","0.46","1703.92","15.63","0.00","0.00","437.95","4.02","58565.61","12.97","9635.91","2.13","7060.54","1.56","879.53","0.19"
2022,2023,"SWKE0291","SWKB1862","5382.91","12.67","0.00","0.00","1641.07","3.86","874.67","2.06","0.00","0.00","2338.44","5.50","30869.98","72.64","250.00","0.59","8542.55","20.10","0.00","0.00","1876.80","4.42","58565.61","12.97","9635.91","2.13","7060.54","1.56","879.53","0.19"
2022,2023,"SWKE0291","SWKB1863","194.31","2.78","0.00","0.00","369.87","5.28","24.63","0.35","0.00","0.00","0.00","0.00","908.06","12.97","10.00","0.14","339.82","4.85","0.00","0.00","80.41","1.15","58565.61","12.97","9635.91","2.13","7060.54","1.56","879.53","0.19"
2022,2023,"SWKE0291","SWKB1864","572.88","8.30","0.00","0.00","437.00","6.33","150.70","2.18","0.00","0.00","0.00","0.00","3055.39","44.28","30.00","0.43","1029.10","14.91","0.00","0.00","285.51","4.14","58565.61","12.97","9635.91","2.13","7060.54","1.56","879.53","0.19"
2022,2023,"SWKE0291","SWKB1865","1206.94","10.97","0.00","0.00","994.40","9.04","307.23","2.79","0.00","0.00","0.00","0.00","6247.94","56.80","70.00","0.64","2383.56","21.67","0.00","0.00","599.28","5.45","58565.61","12.97","9635.91","2.13","7060.54","1.56","879.53","0.19"
2022,2023,"SWKE0112","SWKB1866","0.00","0.00","0.00","0.00","8437.23","18.71","4865.41","10.79","0.00","0.00","5618.78","12.46","0.00","0.00","320.00","0.71","12574.12","27.88","591.07","1.31","12843.84","28.48","37372.02","7.97","29578.18","6.31","5048.69","1.08","2283.47","0.49"
2022,2023,"SWKE0329","SWKB1867","824.91","7.93","0.00","0.00","1390.08","13.37","291.65","2.80","0.00","0.00","0.00","0.00","0.00","0.00","100.00","0.96","2500.17","24.04","190.17","1.83","2062.28","19.83","67056.41","7.86","57695.83","6.77","7120.45","0.84","2827.45","0.33"
2022,2023,"SWKE0352","SWKB1868","307.14","7.68","0.00","0.00","157.03","3.93","261.58","6.54","0.00","0.00","0.00","0.00","1935.84","48.40","10.00","0.25","427.65","10.69","0.00","0.00","30.94","0.77","7891.72","2.79","6970.78","2.46","3122.20","1.10","1356.29","0.48"
2022,2023,"SWKE0087","SWKB1869","901.40","10.24","0.00","0.00","301.14","3.42","1703.73","19.36","0.00","0.00","0.00","0.00","0.00","0.00","60.00","0.68","2521.11","28.65","0.00","0.00","2857.26","32.47","9590.04","5.73","5415.19","3.23","1480.71","0.88","1213.61","0.72"
2022,2023,"SWKE0082","SWKB1870","540.97","5.82","0.00","0.00","360.76","3.88","636.60","6.85","0.00","0.00","0.00","0.00","0.00","0.00","50.00","0.54","1703.61","18.32","0.00","0.00","1279.41","13.76","13658.39","7.08","5272.73","2.73","3668.66","1.90","2674.92","1.39"
2022,2023,"SWKE0082","SWKB1871","1724.94","8.14","0.00","0.00","2426.87","11.45","1361.05","6.42","0.00","0.00","0.00","0.00","0.00","0.00","160.00","0.75","5462.81","25.77","0.00","0.00","3308.55","15.61","13658.39","7.08","5272.73","2.73","3668.66","1.90","2674.92","1.39"
2022,2023,"SWKE0273","SWKB1872","863.58","7.51","0.00","0.00","1047.33","9.11","634.92","5.52","0.00","0.00","0.00","0.00","0.00","0.00","80.00","0.70","2760.45","24.00","0.00","0.00","2337.82","20.33","7783.54","8.77","2721.49","3.06","1034.37","1.16","0.00","0.00"